barcode_list,UMI_Total_Count,Gene_Count,MT_Count,MT_Percent %
AACAACACGAGCCGCCGTGT,725,427,0,0.0
AACAAGTGATAACTCAGTTA,532,277,0,0.0
AACAAGTGATACGACAGATC,3276,1789,0,0.0
AACAAGTGATGCAACATATA,4394,1846,0,0.0
AACAAGTGATTCCTAAGCGA,607,471,0,0.0
AACAATATAAACAATAACGT,1502,252,0,0.0
AACAATATAAAGGAGATACT,5841,2272,0,0.0
AACAATATAACCTCGAAGAT,1090,618,0,0.0
AACAATATAAGAGCCAGCGT,767,397,0,0.0
AACAATATAAGCCAGAATGT,2596,1465,0,0.0
AACAATATAAGTCTGTGGAA,7824,2763,0,0.0
AACAATATAATATAGTGTCT,3277,1574,0,0.0
AACACACTACCCAGGTGTAA,8307,2812,0,0.0
AACACACTACCCTATTGGAC,598,506,0,0.0
AACACACTACTAAGTGACAT,4593,1993,0,0.0
AACATAGGTAAACGCGGACA,2476,938,0,0.0
AACATAGGTAAAGTTAATGG,6279,2309,0,0.0
AACATAGGTACTAATCACTT,5354,1620,0,0.0
AACATAGGTATTCAATCAGC,4319,1632,0,0.0
AACATGTAACTCAGGCCTTC,884,571,0,0.0
AACATGTAACTTCGCCGGCT,2191,1151,0,0.0
AACCGCACATAATGACGGCC,940,661,0,0.0
AACCGCACATATCCATCCGA,1403,917,0,0.0
AACCGCACATCAAGTGCGGT,717,533,0,0.0
AACCGCACATCTAGCATAAG,6065,2643,0,0.0
AACCGTACGACGTGAGTGCG,5852,2038,0,0.0
AACCGTACGAGTAAGGCGGT,10589,3278,0,0.0
AACCGTACGAGTAATGCTGA,4694,1488,0,0.0
AACCGTACGATATGGAAGCT,1751,908,0,0.0
AACCGTACGATTCGCCGGCT,1539,932,0,0.0
AACCTCTCTCACCTGTTGTG,12008,4331,0,0.0
AACCTCTCTCAGTCGGCATT,556,413,0,0.0
AACCTCTCTCGACCACTATT,5446,2155,0,0.0
AACCTCTCTCGTTGGTAGTG,982,463,0,0.0
AACCTCTCTCTCGGTTAACC,4446,1684,0,0.0
AACGAGTATCACAGATCACC,1081,536,0,0.0
AACGAGTATCTACTCTTAGG,9060,3174,0,0.0
AACGAGTATCTTCATCGTCC,1036,319,0,0.0
AACGAGTTGGACGGTTCGTT,1029,746,0,0.0
AACGAGTTGGCAACACACAC,3507,1678,0,0.0
AACGAGTTGGCCGATGTAAG,2624,1431,0,0.0
AACGAGTTGGGGAACAGTAT,4526,1725,0,0.0
AACGAGTTGGGGTTAGTACT,6052,2347,0,0.0
AACGATAGACACGACTGTGC,4476,1900,0,0.0
AACGATAGACACGATAATCA,957,690,0,0.0
AACGATAGACTCCTCGGACT,514,430,0,0.0
AACGCCGGTTAGTACAGCGA,2156,1119,0,0.0
AACGCCGGTTCACGCGCACC,1069,597,0,0.0
AACGCCGGTTCCTGTACTGG,3301,1315,0,0.0
AACGCCGGTTCGTATTCTCT,703,562,0,0.0
AACGCCGGTTGAATCGACAT,2459,1303,0,0.0
AACGCCGGTTTTGGAATATG,864,409,0,0.0
AACGTAGTCAGCCTCTGTAT,1666,903,0,0.0
AACGTAGTCATATAGAGTTC,4571,1645,0,0.0
AACGTAGTCATGGAATTCAT,8338,2603,0,0.0
AACGTCTAAGGAAGGTGGTT,6910,2188,0,0.0
AACGTCTAAGTTGAGTCCAG,1166,701,0,0.0
AACGTCTAAGTTGTGACTCG,1675,736,0,0.0
AACGTTCATTATCACGGTGG,2334,1336,0,0.0
AACGTTCATTCTGTGTGGTC,1066,745,0,0.0
AACGTTCATTTTGAAGGCTA,1899,793,0,0.0
AACTAGATCGAGGTACGCGG,617,265,0,0.0
AACTAGATCGCAGGAACTTA,946,449,0,0.0
AACTAGATCGCATGGATCCA,1260,861,0,0.0
AACTAGATCGCTTAGTTCGA,1944,910,0,0.0
AACTAGATCGGAAGCTCATA,2186,1000,0,0.0
AACTATCGTAAATTATTGGC,5747,2219,0,0.0
AACTATCGTAGCGTCGCATT,1705,708,0,0.0
AACTATCGTAGGCTGCTGCT,1099,783,0,0.0
AACTATCGTATAAGAGGCCT,1808,847,0,0.0
AACTATCGTATCTTCGGTGG,1648,516,0,0.0
AACTGGCGAGCAACGGCGCT,842,397,0,0.0
AACTGGCGAGTTACGATGGT,5773,2598,0,0.0
AACTTGGCCGAAGAATAGGA,2984,1619,0,0.0
AACTTGGCCGACTGAACGCC,3088,1310,0,0.0
AACTTGGCCGAGCCGTGACC,1225,589,0,0.0
AACTTGGCCGAGGTACGCGG,6807,2824,0,0.0
AACTTGGCCGAGGTCTCTGT,7612,2368,0,0.0
AACTTGGCCGCAGGTCGATG,7385,2131,0,0.0
AACTTGGCCGCCGACGCGGC,1489,1015,0,0.0
AACTTGGCCGCTGCAACGAC,5776,2402,0,0.0
AACTTGGCCGGCTGTGACAA,894,455,0,0.0
AACTTGGCCGGGCGCGAATA,1246,875,0,0.0
AACTTGGCCGTAATGAGAGA,8362,2892,0,0.0
AACTTGGCCGTGTTACAATG,2072,1058,0,0.0
AACTTGGCCGTTGCACCAAT,862,643,0,0.0
AAGACACGCGAACAGTCAAG,500,348,0,0.0
AAGAGACTTGCCGGATGAGC,1006,751,0,0.0
AAGAGACTTGGACAATTGTC,1401,647,0,0.0
AAGAGACTTGGATACGACTC,2716,1092,0,0.0
AAGAGACTTGGTCTGATTAT,5860,2325,0,0.0
AAGAGACTTGTATAGTGTCT,1093,802,0,0.0
AAGAGGAATAAGGCTCGCCT,2318,1178,0,0.0
AAGAGGAATACGAATGTACT,13659,3243,0,0.0
AAGAGGAATATGAATATTGA,641,297,0,0.0
AAGAGGAATATGCCAAGATT,858,586,0,0.0
AAGCAACGCACTAGCCGCCA,713,430,0,0.0
AAGCAACGCATAAGGACTGC,8584,2692,0,0.0
AAGCAACGCATCACTCTCGA,610,484,0,0.0
AAGCAACGCATGCGCAGAGC,4002,1385,0,0.0
AAGCAACGCATTCGTTCGCG,1167,560,0,0.0
AAGCAGCTACGATGAGAACT,688,345,0,0.0
AAGCAGCTACTATCCAGATT,9858,2314,0,0.0
AAGCAGCTACTCTCTCGGCG,1387,519,0,0.0
AAGCAGCTACTCTGGTCTCG,4595,1857,0,0.0
AAGCCTTATAAGTATGCCAT,3254,568,0,0.0
AAGCCTTATAGACACCATCC,2945,1101,0,0.0
AAGCCTTATAGACCACTATT,7429,3060,0,0.0
AAGCCTTATATCATAGCTCA,6637,1963,0,0.0
AAGCCTTATATCGCAAGGCG,3033,1378,0,0.0
AAGCGACCAGCCTCGAAGAT,1376,746,0,0.0
AAGCGACCAGCGCACTGGCA,2369,854,0,0.0
AAGCGACCAGGTCAATTAAT,2600,1537,0,0.0
AAGCGACCAGGTCGACGAGT,2287,1113,0,0.0
AAGCGACCAGTCGATCGCCT,642,398,0,0.0
AAGCGACCAGTTACCGGTGG,2204,1306,0,0.0
AAGCGACCAGTTGCTTATAA,11924,3607,0,0.0
AAGCGTAGTCCTCCTGGATA,809,365,0,0.0
AAGCGTAGTCGGTAGTCTTA,2675,1427,0,0.0
AAGCGTAGTCTAACAGCGAT,1367,744,0,0.0
AAGCGTAGTCTCGATTAGTC,2062,1115,0,0.0
AAGCTAGTGTCTCAAGGAGT,2153,589,0,0.0
AAGCTAGTGTTTCGCCGGCT,3365,1177,0,0.0
AAGCTCTATGACAACGCCTT,2122,1151,0,0.0
AAGCTCTATGAGGTAAGCAC,1241,503,0,0.0
AAGCTCTATGCAATACCGTA,1642,949,0,0.0
AAGCTCTATGCTAAGTGTGT,1333,864,0,0.0
AAGCTCTATGCTACGATCAG,10628,3478,0,0.0
AAGGAGAGCTCACCTTGGAG,5184,2124,0,0.0
AAGGAGAGCTGAATGCTAGC,910,594,0,0.0
AAGGAGAGCTGGACATTCGG,4582,1813,0,0.0
AAGGAGAGCTGGCTCTAACT,7099,3106,0,0.0
AAGGCTTGAGACTTGGAGAC,513,423,0,0.0
AAGGCTTGAGAGCTTCCGAG,5006,2333,0,0.0
AAGGCTTGAGGAGTCCATAG,4531,1356,0,0.0
AAGGCTTGAGGTAATGCTGA,1371,621,0,0.0
AAGGTCCAGAAGACTCCTTC,4453,1826,0,0.0
AAGGTCCAGAAGTGTATATT,838,519,0,0.0
AAGGTCCAGAGACGACGGCT,1365,924,0,0.0
AAGGTCCAGATGAATTGCAT,1433,816,0,0.0
AAGGTCCAGATTCAATTGAG,16149,4077,0,0.0
AAGGTTCCAGACGCGCATAG,616,463,0,0.0
AAGGTTCCAGATACCTATAT,5612,2310,0,0.0
AAGGTTCCAGATAGCCGATG,731,496,0,0.0
AAGGTTCCAGATTCAGAATC,1959,1264,0,0.0
AAGGTTCCAGGCCGCAAGCG,947,659,0,0.0
AAGGTTCCAGGGTGAGGTCA,630,492,0,0.0
AAGGTTCCAGGTGGCTTCTA,10513,3320,0,0.0
AAGGTTCCAGTAATATTAAC,6318,1421,0,0.0
AAGGTTCCAGTGGATCGACC,2326,1318,0,0.0
AAGTCGCACTGTGCTCGTTA,4905,2066,0,0.0
AAGTCGCACTTAATATTAAC,1476,842,0,0.0
AAGTCGCACTTACAAGAGCT,6127,2316,0,0.0
AAGTCGCACTTATGTGGTAA,3550,1448,0,0.0
AAGTCGCACTTCCTGTGGCT,3143,1599,0,0.0
AAGTCGCACTTTGTGACTCG,663,477,0,0.0
AAGTGTACCAAAGGCTTCTC,2285,1385,0,0.0
AAGTGTACCAGGACCTAGTA,1723,1034,0,0.0
AAGTTCGACGCTTGGCTTAT,1001,394,0,0.0
AAGTTCGACGTACCGTAGCC,1065,285,0,0.0
AAGTTGCAGCAGAAGCATCT,711,506,0,0.0
AAGTTGCAGCCACGGATGAG,5569,2513,0,0.0
AAGTTGCAGCGTAAGCTGGC,7069,2494,0,0.0
AAGTTGTTCAACCTCTGATA,932,514,0,0.0
AAGTTGTTCAATAGATTGCT,8892,2515,0,0.0
AAGTTGTTCACACCGTAACT,4323,1770,0,0.0
AAGTTGTTCACCACTGGAAC,1202,780,0,0.0
AAGTTGTTCAGGACTCTAAC,934,669,0,0.0
AAGTTGTTCATAGTGTCATG,1124,781,0,0.0
AATACACCAAAGCGCTCTAG,770,459,0,0.0
AATACACCAAAGGTACGCGG,5554,2240,0,0.0
AATACACCAAATCCATCCGA,3041,1203,0,0.0
AATACACCAAATTGTAATGT,1840,1181,0,0.0
AATACACCAACGAATGTTGC,2309,1366,0,0.0
AATACTCCGCATTACCAGAA,3859,1315,0,0.0
AATACTCCGCCAAGTCTAGA,3871,1447,0,0.0
AATACTCCGCCCTGCTGTAG,725,496,0,0.0
AATACTCCGCCGACGAGACC,766,462,0,0.0
AATATCACATACGTAATCGA,3474,1874,0,0.0
AATATCACATGCTATAGTAT,1328,869,0,0.0
AATATCACATGGTGGACATA,958,663,0,0.0
AATATCACATTTGCTAGCTT,5646,2416,0,0.0
AATCACTCCAAACAGTCAAG,6068,1500,0,0.0
AATCACTCCAAGTGACCTAT,678,375,0,0.0
AATCACTCCAGTCATGTACG,2009,577,0,0.0
AATCCTGCAGCATGCTGACG,553,413,0,0.0
AATCCTGCAGCCGCCTTGGT,1325,748,0,0.0
AATCCTGCAGGGTTGCACTC,1637,855,0,0.0
AATCCTGCAGTACACCGATA,3101,1489,0,0.0
AATCCTGCAGTCGCTTACCG,13451,3599,0,0.0
AATCGACCGCCAAGAAGAGT,3235,1038,0,0.0
AATCGACCGCCGATTCATCC,4350,2032,0,0.0
AATCGACCGCGGCTTAGACC,2900,1396,0,0.0
AATCGCTATTCTATTCAGCA,1331,802,0,0.0
AATCGCTATTGCCTTGCGTG,6996,2705,0,0.0
AATCGCTATTGCGAGTTAAT,1758,780,0,0.0
AATCGCTATTTAGAGCTAGT,7048,2645,0,0.0
AATCTAAGGTATACATTATC,860,491,0,0.0
AATCTAAGGTGCGTCCTCAG,1868,757,0,0.0
AATCTAAGGTGGAATGATCT,1690,418,0,0.0
AATCTAAGGTGTGCTGTCTT,696,329,0,0.0
AATCTACCATCATCTTGAAC,1716,1108,0,0.0
AATCTACCATGCAGAGGCCA,1125,411,0,0.0
AATCTACCATTAGACCTTAA,1049,710,0,0.0
AATCTACCATTCACTCTGAT,2256,1046,0,0.0
AATCTACCATTCTACGGACA,520,433,0,0.0
AATGAGAATGATCATTATGA,1749,289,0,0.0
AATGAGAATGATCGAGTCCT,724,530,0,0.0
AATGAGAATGCAAGTTGATC,1509,637,0,0.0
AATGAGAATGTATGTACTTA,1089,677,0,0.0
AATGCACTATAGTTCCACGT,1381,751,0,0.0
AATGCACTATCTCACAAGAC,984,483,0,0.0
AATGCACTATCTCGAACAGT,1088,737,0,0.0
AATGCACTATTATGGCTTAG,1189,765,0,0.0
AATGGAACACAGCCTCTAGC,2766,1333,0,0.0
AATGGAACACATTCCACTTC,836,590,0,0.0
AATGGAACACCATGACCACG,1335,683,0,0.0
AATGGAACACGCTAACCTAC,2337,482,0,0.0
AATGGCCGAAAAGGCTTCTC,640,427,0,0.0
AATGGCCGAAAAGTCCACGA,11206,3495,0,0.0
AATGGCCGAAACCTGTTGTG,721,492,0,0.0
AATGGCCGAAATCATCAACA,1558,1060,0,0.0
AATGGCCGAACCAAGACACA,1816,986,0,0.0
AATGGCCGAACGATTCATCC,3849,1803,0,0.0
AATGGCCGAAGCAGCTCGTG,825,518,0,0.0
AATGGCCGAATCGATCGCCT,3015,1095,0,0.0
AATGTGCGTACGAATATTAT,5974,2088,0,0.0
AATGTGCGTACTCAACAACG,1320,802,0,0.0
AATGTGCGTAGTCTGTGGAA,3032,1316,0,0.0
AATGTGCGTAGTGCGGCCGT,2868,1326,0,0.0
AATTAACAAGCCTCATCGTG,1132,776,0,0.0
AATTAACAAGGGATCATAGC,7615,2644,0,0.0
AATTAACAAGTCCATACTAT,1267,618,0,0.0
AATTAATTCAACATCGACGT,741,246,0,0.0
AATTAATTCAACGACTGTGC,1017,723,0,0.0
AATTAATTCACGGTGTAGCC,3071,1132,0,0.0
AATTAATTCATACCGTATAT,1606,725,0,0.0
AATTACCTTAACGCAGCGAA,6304,1786,0,0.0
AATTACCTTATCGCTCGCAC,880,415,0,0.0
AATTATATGTACCGGTGAGA,3211,1247,0,0.0
AATTATATGTCAAGCTAGCT,6597,2359,0,0.0
AATTATATGTGGTTAGTACT,2613,1632,0,0.0
AATTATATGTTGTCCAACCT,737,562,0,0.0
AATTCCAGTGAACTACGTAG,1492,914,0,0.0
AATTCCAGTGGAATAACGAT,969,366,0,0.0
AATTCGTCTAACTGGCCTCC,9385,2883,0,0.0
AATTCGTCTACTTCCTCCTG,11220,3253,0,0.0
AATTCGTCTAGGTGGCCACC,1985,1001,0,0.0
AATTCGTCTATCCACCTCAT,622,491,0,0.0
AATTGACTCGCCGAACCGTT,1208,600,0,0.0
AATTGACTCGCCTACTGGTA,1025,605,0,0.0
AATTGACTCGCCTGTACTGG,3288,1353,0,0.0
AATTGACTCGTGAACAATGG,615,487,0,0.0
AATTGACTCGTTAACGGTCT,1759,783,0,0.0
AATTGCGCCTAGTATGCCAT,6373,1261,0,0.0
AATTGCGCCTTTATCCTACG,906,522,0,0.0
AATTGGCATGATGTGATTGC,2284,1096,0,0.0
AATTGGCATGCACATGCTGG,2542,1306,0,0.0
AATTGGCATGCAGAAGTGCA,812,547,0,0.0
AATTGGCATGGCTGTGACAA,2304,1345,0,0.0
AATTGGCATGTCTTGCCAAT,1132,630,0,0.0
AATTGGCATGTTCAGGAGGT,1458,739,0,0.0
ACAACCTTGTAGGCATTGGC,745,553,0,0.0
ACAACCTTGTAGTGTGCTCT,1205,855,0,0.0
ACAACCTTGTGACAATTGTC,10365,3560,0,0.0
ACAACCTTGTGCGAGTAGCG,2977,1442,0,0.0
ACAAGCGGTGATACGTGCCA,3142,1403,0,0.0
ACAAGCGGTGTGCTATTGTG,1614,924,0,0.0
ACAAGCGGTGTGTATTGAAG,8089,2834,0,0.0
ACAATACATGAACAGTCAAG,898,572,0,0.0
ACAATACATGACAACCGGAT,566,133,0,0.0
ACAATACATGACAGCTGGCA,2061,538,0,0.0
ACAATACATGCACACCTAAC,695,252,0,0.0
ACAATACATGCCTCGAAGAT,673,539,0,0.0
ACAATACATGCGGCACCTTC,2299,1044,0,0.0
ACAATACATGCTCCGGCCGA,746,493,0,0.0
ACAATACATGTGGCTTCTCG,1935,1123,0,0.0
ACAATCTCAACCGCACTGTC,845,501,0,0.0
ACACAACGAGGGCTTAGACC,1041,483,0,0.0
ACACACGACTCAACGGCGCT,1111,804,0,0.0
ACACACGACTCGTTGAGCAA,1604,727,0,0.0
ACACACGACTCTCCTGGATA,3068,1692,0,0.0
ACACCATTGGCTAGTTGTAG,6090,2632,0,0.0
ACACCATTGGTGATGCTCTA,960,586,0,0.0
ACACCTAGTGCACATGCTGG,1470,851,0,0.0
ACACCTAGTGGACCATGAAG,1835,1117,0,0.0
ACACCTAGTGGAGCATGATC,4023,1929,0,0.0
ACACCTAGTGGTCGCGAACC,1910,974,0,0.0
ACACGAATACAATTCTCGAA,3143,1327,0,0.0
ACACGAATACCACTAAGGAG,1741,1011,0,0.0
ACACGAGGCGGGTGGCCACC,892,492,0,0.0
ACACGAGGCGGTTGGTAGTG,808,627,0,0.0
ACACGAGGCGTATGCCGATG,2701,1328,0,0.0
ACACGCCACCACACAGACTG,8541,2674,0,0.0
ACACGCCACCCAACACACAC,13320,2933,0,0.0
ACACGCCACCCCAGCAGACG,2783,908,0,0.0
ACACGCCACCGAATCGACAT,2940,1213,0,0.0
ACACGCCACCGCAAGGCTCT,698,525,0,0.0
ACACGCCACCTCAGCGGTGC,3777,1868,0,0.0
ACACGCGTGCTAGAGCTAGT,12495,3686,0,0.0
ACAGAATGGCACGCGCTGCG,2673,1517,0,0.0
ACAGAATGGCCACCTCATTG,4355,1716,0,0.0
ACAGAATGGCCTAATTATTC,7073,2341,0,0.0
ACAGAATGGCGCGGCCAACC,1213,413,0,0.0
ACAGCGTAGCAGTGAGTAAG,1624,933,0,0.0
ACAGCGTAGCGATACGACTC,3303,1603,0,0.0
ACAGCGTAGCGTTCAGAAGT,1037,724,0,0.0
ACAGCTCCGTCAGACAATTC,8949,3076,0,0.0
ACAGCTCCGTGATCAACGGC,672,537,0,0.0
ACAGCTCCGTTCTGGATACA,910,688,0,0.0
ACAGGAATCTCAGTGTTGGA,2260,985,0,0.0
ACAGGAATCTTTCATCGTCC,7281,2774,0,0.0
ACAGTGCGTGATCATCGGAG,1704,1052,0,0.0
ACAGTGCGTGTAGAGCCTTC,1716,825,0,0.0
ACAGTGCGTGTAGGCGTTCA,615,431,0,0.0
ACAGTGCGTGTCAATTGAGA,1662,968,0,0.0
ACAGTGCGTGTCCAAGCGGT,608,431,0,0.0
ACAGTGCGTGTGAAGATATG,2685,671,0,0.0
ACAGTGCGTGTTACGATGGT,3216,1621,0,0.0
ACAGTGCGTGTTATCAAGGA,6913,1977,0,0.0
ACATAATGTACGGTGCCGTG,8483,2845,0,0.0
ACATAATGTAGCTGTCGGCC,2551,934,0,0.0
ACATAATGTATCTTCCGGAA,741,578,0,0.0
ACATATACAAAGAAGCATCT,10822,3170,0,0.0
ACATATACAACATATGAATT,1214,863,0,0.0
ACATATACAATCTGTATGTT,2079,911,0,0.0
ACATCTTGCCTAGCCGATTC,3149,1383,0,0.0
ACATCTTGCCTCCTAGAATC,575,471,0,0.0
ACATGGCGCTGACGCGTGAG,828,471,0,0.0
ACATGGCGCTTATCGGACGA,6220,2122,0,0.0
ACATTGATCTATCAAGTAAG,6431,1842,0,0.0
ACATTGATCTCAATAACACT,3725,1413,0,0.0
ACATTGATCTCTACGCCAGC,978,477,0,0.0
ACATTGATCTCTGTGTCGGT,625,487,0,0.0
ACATTGATCTTACTCAACGG,1041,673,0,0.0
ACATTGATCTTTAGTCTTGC,1752,895,0,0.0
ACATTGCATACACGTGGTAG,1684,1033,0,0.0
ACATTGCATAGCGCGCCTCG,1396,468,0,0.0
ACATTGGCAAAATATCCGCG,3276,1174,0,0.0
ACATTGGCAAATGAGACAGC,886,542,0,0.0
ACATTGGCAACAACCGTGTA,678,496,0,0.0
ACATTGGCAACACGCGCACC,692,547,0,0.0
ACATTGGCAACCGCCTTGGT,2368,1288,0,0.0
ACATTGGCAAGATGGCAATG,579,451,0,0.0
ACATTGGCAAGCCGCACCAG,1551,676,0,0.0
ACATTGTGTTCAACCTCTCA,1964,1139,0,0.0
ACATTGTGTTCGTAATTCTT,889,580,0,0.0
ACATTGTGTTCTCGCGACTA,1222,850,0,0.0
ACATTGTGTTCTGTACTGTA,1391,746,0,0.0
ACATTGTGTTGCACTAATTC,8493,2764,0,0.0
ACATTGTGTTTCTCTATCCA,1028,740,0,0.0
ACCACAGAGGAGGCATACCA,1099,262,0,0.0
ACCACAGAGGGACGAGAGTG,2587,945,0,0.0
ACCACAGAGGGTCTTCCGTA,3775,1755,0,0.0
ACCACAGAGGTGAATATTGA,987,633,0,0.0
ACCACCAATAGGAACAGTAT,1103,687,0,0.0
ACCACCAATATTGCCTTAGG,1614,815,0,0.0
ACCATATCACACATCCAAGA,2112,994,0,0.0
ACCATATCACAGAGGTCGTT,4337,1868,0,0.0
ACCATATCACCATATTGCCG,2430,1235,0,0.0
ACCATATCACCATTGCCGGT,2437,1160,0,0.0
ACCATATCACGCCGCCACGC,4709,1726,0,0.0
ACCATATCACTCTTGCTGCT,21589,4493,0,0.0
ACCATCAGATGGTACAAGCA,519,418,0,0.0
ACCGAATATTAAGTTAATGG,1069,734,0,0.0
ACCGAATATTACCGGCCACA,1701,879,0,0.0
ACCGAATATTAGAAGCATCT,4562,2169,0,0.0
ACCGAATATTATAGATTGCT,990,526,0,0.0
ACCGAATATTTTCGCCGGCT,1088,778,0,0.0
ACCGATTGCGAGTCGCGCGC,528,378,0,0.0
ACCGATTGCGGCTTGGAATA,6980,2685,0,0.0
ACCGCAAGTTACACAAGTAT,2695,654,0,0.0
ACCGCAAGTTCAATCCAGAC,1451,772,0,0.0
ACCGCAAGTTCCAGAGCAGC,1511,884,0,0.0
ACCGCAAGTTCTTCCTCCTG,1813,1001,0,0.0
ACCGCTCGTCAGCAGTGGTA,3294,1744,0,0.0
ACCGCTCGTCGTTCTGATAC,735,553,0,0.0
ACCGGAGCCTACAACCGGAT,2196,1274,0,0.0
ACCGGAGCCTAGTGTATATT,2110,1186,0,0.0
ACCGGAGCCTCAGAATGGAT,4810,1853,0,0.0
ACCGGAGCCTCATTCGGACT,5497,1754,0,0.0
ACCGGAGCCTGAACGCTGGT,568,156,0,0.0
ACCGGAGCCTGTTCGAGGTT,773,314,0,0.0
ACCGGTAGATACGTGGCCGG,1334,675,0,0.0
ACCGGTAGATCCAATCGGCA,11062,2547,0,0.0
ACCGGTAGATCGCCTGCGAT,4998,2370,0,0.0
ACCGGTAGATCTCCTCAATT,3656,1776,0,0.0
ACCGGTCTACATTACTGAAG,3696,1476,0,0.0
ACCGTGCTTAAAGCACCGAT,585,147,0,0.0
ACCGTGCTTAACCGTACGGT,923,614,0,0.0
ACCGTGCTTACAGGCTATCA,7675,2351,0,0.0
ACCGTGCTTACTCACTATGT,836,475,0,0.0
ACCGTGCTTAGGACTTCATC,739,369,0,0.0
ACCGTTCCATAGTGAGTAAG,1091,734,0,0.0
ACCGTTCCATCTTACGGTCC,2073,1222,0,0.0
ACCGTTCCATGGCTAACAGG,2409,1144,0,0.0
ACCGTTCCATTAAGGAGTTA,4496,2019,0,0.0
ACCTCACGACCCAAGAGCGC,25291,5986,0,0.0
ACCTCACGACCCTGTGCTTC,1263,845,0,0.0
ACCTCACGACCGCCAACCTT,6664,2173,0,0.0
ACCTCCGCAGACTGGTTATC,5651,2302,0,0.0
ACCTCCGCAGCGCAGACCAG,1390,578,0,0.0
ACCTCCGCAGCGCTGTCCAA,561,442,0,0.0
ACCTCCGCAGCGTGAACTAC,4574,1813,0,0.0
ACCTCCGCAGTATGTGGTAA,1105,651,0,0.0
ACCTCCGCAGTTCATCGTCC,1582,895,0,0.0
ACCTCTAGGTAGACATGCGT,2170,1207,0,0.0
ACCTGCTACTACCTGTTGTG,953,460,0,0.0
ACCTGCTACTCAGGTCGATG,3090,1376,0,0.0
ACCTGCTACTCCTTCGCGTC,10225,2798,0,0.0
ACCTGCTACTCGTATGTCCA,1763,915,0,0.0
ACCTGCTACTGTTAGCACGA,773,539,0,0.0
ACCTGCTACTTCCTCATGTT,1444,856,0,0.0
ACCTGGTCTCTGCGCAGAGC,4508,1753,0,0.0
ACCTGTAGCCCATAGCGTGG,1902,1146,0,0.0
ACCTGTAGCCCGTGCCTTGA,4583,1831,0,0.0
ACCTGTAGCCTGATAAGGCC,2004,858,0,0.0
ACCTTACTTCCTCATCGCGC,1342,708,0,0.0
ACCTTACTTCGCCGACTCTT,920,705,0,0.0
ACCTTACTTCTCTGGTCTCG,3296,1179,0,0.0
ACCTTACTTCTTACGTAACG,1104,343,0,0.0
ACCTTACTTCTTCATCGTCC,1427,860,0,0.0
ACCTTCATGTAATGCGGCAT,6292,2010,0,0.0
ACCTTCATGTCCGTACTTCC,676,544,0,0.0
ACCTTCATGTCCTTCGCGTC,1882,1161,0,0.0
ACCTTCATGTCTGGCTTACC,3733,1369,0,0.0
ACCTTCATGTGCGTAACGTC,11451,3712,0,0.0
ACCTTCGCGCATACTTCACA,4489,1563,0,0.0
ACCTTCGCGCCACATGCTGG,1834,1182,0,0.0
ACGAAGAGTTCTAATCACTT,1658,722,0,0.0
ACGAATCAGTCTGGTCTAAC,13592,3995,0,0.0
ACGAATCAGTTGCCTCAATG,826,456,0,0.0
ACGAATCAGTTTCTCTATGA,1328,917,0,0.0
ACGAATCAGTTTGGCGCACC,6741,2826,0,0.0
ACGAATTATCAGATGTTCAC,13607,3557,0,0.0
ACGAATTATCCTCACGTCAC,2114,818,0,0.0
ACGAATTATCCTGGCACACA,8390,2858,0,0.0
ACGAATTATCTCCTCGGACT,2346,1093,0,0.0
ACGACTGCTTACGACAAGTG,749,499,0,0.0
ACGACTGCTTAGGCTGAACG,1163,670,0,0.0
ACGACTGCTTGCGTAGGTCT,1926,938,0,0.0
ACGACTGCTTGGTGGCCACC,1529,467,0,0.0
ACGCAATCTTCACGGATGAG,7479,2987,0,0.0
ACGCAATCTTCCAAGTTAGC,1390,592,0,0.0
ACGCATATACACGCAGCGAA,9402,2521,0,0.0
ACGCATATACTGTAACGATA,1320,800,0,0.0
ACGCGGTCTGTCAATCACGC,6855,2288,0,0.0
ACGCTATGTAAGAGGTCGTT,2112,1123,0,0.0
ACGCTATGTAGTGGTTGATA,2350,1180,0,0.0
ACGCTATGTATGACGCAACT,1532,971,0,0.0
ACGCTCACGTATAGCCGATG,7185,2519,0,0.0
ACGGTAAGAAACTTCTTCTC,1232,620,0,0.0
ACGGTAAGAAATGTACACCG,2605,1157,0,0.0
ACGGTAAGAACCAATCGGCA,829,619,0,0.0
ACGGTAAGAAGCAGCCTAAC,1099,765,0,0.0
ACGGTAAGAATAGAGCTAGT,3506,1644,0,0.0
ACGGTAAGAATGAACAGGCT,6091,2756,0,0.0
ACGGTACCGCCCGACGCGGC,1649,667,0,0.0
ACGGTACCGCGGTCTCTCGA,1818,1006,0,0.0
ACGGTACCGCTAAGCCTAGG,2151,1068,0,0.0
ACGGTACCGCTATAACATGA,789,357,0,0.0
ACGGTACCGCTCTGTATGTT,1490,802,0,0.0
ACGGTACCGCTGGTTCATAG,1135,707,0,0.0
ACGGTCTGGTAATGGCGTGA,7585,2816,0,0.0
ACGGTCTGGTTTGGTCCAGC,833,468,0,0.0
ACGGTTATGGTGACGCAACT,6409,1801,0,0.0
ACGGTTCTCCAAGCGGTCAA,8932,3056,0,0.0
ACGGTTCTCCAATTATTGGC,569,247,0,0.0
ACGGTTCTCCACCTACGGCT,704,442,0,0.0
ACGGTTCTCCAGAGGTATTC,632,314,0,0.0
ACGGTTCTCCCCGCAATAAT,2996,1025,0,0.0
ACGGTTCTCCGCGCCAATAT,1496,949,0,0.0
ACGGTTCTCCGTTGATGGTA,3869,1346,0,0.0
ACGGTTCTCCTTGCTGACTA,2550,1029,0,0.0
ACGTAAGAATATGACATCTC,705,483,0,0.0
ACGTAAGAATCTCGATAGAT,5705,2198,0,0.0
ACGTAAGAATTCACTCTGAT,18089,4481,0,0.0
ACGTAGCAACAGAGGTATTC,2277,1195,0,0.0
ACGTAGCAACAGCGTTAGTA,1849,1147,0,0.0
ACGTAGCAACGAACGCCGAC,977,702,0,0.0
ACGTAGCAACGCCGTTAGTT,2953,765,0,0.0
ACGTAGCAACTCAACAGGTA,4809,1784,0,0.0
ACGTCCACCTATTCGCGAAC,633,481,0,0.0
ACGTCCACCTCACCTCCAGA,659,507,0,0.0
ACGTCCACCTCGGTGCCGTG,2506,1108,0,0.0
ACGTCCACCTCGTTGCTACG,1007,706,0,0.0
ACGTCCACCTGATTCACTGG,2468,777,0,0.0
ACGTCCACCTGGACTCTAAC,1281,677,0,0.0
ACGTCCACCTTAGCGAAGTT,5387,2121,0,0.0
ACGTCTCTAGACGACAGATC,4865,2023,0,0.0
ACGTCTCTAGAGCGTTAGTA,1999,982,0,0.0
ACGTCTCTAGAGTGGACTGG,2989,1585,0,0.0
ACGTCTCTAGCCACTGTATT,1143,764,0,0.0
ACGTCTCTAGCGAGACTGTG,888,607,0,0.0
ACGTCTCTAGCTAATTATTC,4491,2029,0,0.0
ACGTCTCTAGGACTAGCTAT,4940,2009,0,0.0
ACGTCTCTAGGTGCTGTCTT,3377,1475,0,0.0
ACGTCTCTAGGTGTGTCAGC,1823,907,0,0.0
ACGTCTCTAGTAACACGATT,2006,943,0,0.0
ACGTCTCTAGTCGCTCGCAC,2322,1328,0,0.0
ACGTCTCTAGTCTTCCGGAA,1112,758,0,0.0
ACGTCTCTAGTGCTAGTTGG,12679,2564,0,0.0
ACGTCTCTAGTTGCCTTAGG,3074,1561,0,0.0
ACGTGCTATAATGAGACAGC,10969,3295,0,0.0
ACGTGCTATAATTCCTTGCT,1139,647,0,0.0
ACGTGCTATACACGCGCACC,7797,2890,0,0.0
ACGTGCTATACGGTATTGCG,894,443,0,0.0
ACGTGCTATATACCGTATAT,3373,1269,0,0.0
ACGTTAGGACCGCTGAATGA,4735,2132,0,0.0
ACGTTAGGACCTAGCCGCCA,1172,585,0,0.0
ACGTTAGGACGATGCTCTCA,1698,449,0,0.0
ACGTTAGGACTCATCGAGGC,10495,3301,0,0.0
ACGTTAGGACTCTTGCTGCT,6586,2706,0,0.0
ACTAACGCACAAGTACATTC,18301,4657,0,0.0
ACTAACGCACCGCGTTGACG,1538,710,0,0.0
ACTAACGCACGCCAGTTGGA,8061,2970,0,0.0
ACTAACGCACGCGAGCAGTT,5841,2034,0,0.0
ACTAACGCACTCTCGTAGTT,2044,755,0,0.0
ACTAACGCACTCTGCAGCGT,1674,923,0,0.0
ACTAAGCCGTATTCTGGCTG,803,558,0,0.0
ACTAAGCCGTCAAGAGAGAG,3155,1473,0,0.0
ACTAAGCCGTCAATAACACT,862,174,0,0.0
ACTACGACATAGAAGCATCT,1219,781,0,0.0
ACTACGACATAGCCACATCT,3182,1403,0,0.0
ACTACGACATAGTATGCCAT,4121,1698,0,0.0
ACTACGACATCGAGTACATC,535,405,0,0.0
ACTACGACATGACCTGTGAT,2855,1400,0,0.0
ACTACGACATGTAGCCGTTA,2172,1073,0,0.0
ACTAGGACCAGAAGAACATT,728,402,0,0.0
ACTAGGACCAGCCGCCACGC,2916,1524,0,0.0
ACTAGGACCATAATCCGGAT,5761,1945,0,0.0
ACTAGGACCATCAGCCGGTT,7953,2179,0,0.0
ACTAGGACCATCTTGTTAGG,5717,896,0,0.0
ACTAGGACCATGTTACATCA,782,562,0,0.0
ACTAGGCATCACCGGTGAGA,5036,2186,0,0.0
ACTAGGCATCAGCGCTCTAG,1541,771,0,0.0
ACTAGGCATCAGGAACGACG,4752,1950,0,0.0
ACTAGGCATCCTCGGTTGTA,7323,1832,0,0.0
ACTAGGCATCTAATGTTCTG,3753,1541,0,0.0
ACTATACCTTAACCTTCAGC,1711,1065,0,0.0
ACTATACCTTAATTATTGGC,1640,688,0,0.0
ACTATACCTTCGCGCAGCAG,971,655,0,0.0
ACTATACCTTTAACAGCTGA,863,237,0,0.0
ACTATACCTTTTGGTCCAGC,909,648,0,0.0
ACTCAATATGATTCCATATT,935,550,0,0.0
ACTCAATATGCTAACACAGG,9898,3003,0,0.0
ACTCAATATGTTACGAGCTG,9399,2916,0,0.0
ACTCACATTCAGCGATGCAT,5762,2449,0,0.0
ACTCACATTCCAGGCTATCA,1500,970,0,0.0
ACTCACATTCCGACCGCCTC,8379,2666,0,0.0
ACTCACATTCGAATTGTTAA,544,435,0,0.0
ACTCACATTCTCACTAAGCA,683,456,0,0.0
ACTCACCAATAGACTCCTTC,2898,1547,0,0.0
ACTCACCAATATGCTAACAT,1656,1024,0,0.0
ACTCACCAATCTAGCCGCCA,1197,616,0,0.0
ACTCACCAATGCTTATACAT,1288,858,0,0.0
ACTCACGGCAATCACGGTGG,5270,1851,0,0.0
ACTCACGGCAATCAGTACCA,1383,935,0,0.0
ACTCACGGCACCGTACTTCC,5548,2024,0,0.0
ACTCACGGCAGAATCGACAT,1390,975,0,0.0
ACTCAGTCGAGGTGTTAATC,729,433,0,0.0
ACTCATGCTTAACTACGTAG,777,476,0,0.0
ACTCATGCTTGAACTACAAC,4330,1786,0,0.0
ACTCATGCTTTACCGTATAT,827,596,0,0.0
ACTCATGCTTTACTTCCACG,2155,1207,0,0.0
ACTCATGCTTTCTCGTAGTT,2493,1033,0,0.0
ACTCATGCTTTTGAAGGCTA,514,412,0,0.0
ACTCATGCTTTTGGTTCTGG,1301,604,0,0.0
ACTCCAGGAAACCTGGACAA,2784,1365,0,0.0
ACTCCAGGAAATTGCATTAC,3034,830,0,0.0
ACTCCAGGAACTCTATGGCT,1164,751,0,0.0
ACTCCAGGAAGACGAGTTCC,1198,618,0,0.0
ACTCCGAGCGAGCCGTCTCG,1112,800,0,0.0
ACTCCGAGCGCCGCGCGCGG,1193,687,0,0.0
ACTCCGGTACGCAACGATTG,1985,1135,0,0.0
ACTCCGGTACTTGCAGTGGT,3027,1603,0,0.0
ACTCGCCGTACCACGATGTT,784,595,0,0.0
ACTCGCCGTAGCCTCTGTAT,3601,1400,0,0.0
ACTCGCCGTATCTCGTAGTT,1989,1231,0,0.0
ACTCGCCGTATGGAGGCAAT,4153,2138,0,0.0
ACTGCGAGTCAGCACTTAAT,1245,845,0,0.0
ACTGCGAGTCCATAATCAAT,648,491,0,0.0
ACTGCGAGTCTTCGATCGAA,563,419,0,0.0
ACTGCGTCACAATCCGCGTG,1034,714,0,0.0
ACTGCTATTAAAGCGGTCAA,7809,2873,0,0.0
ACTGCTATTAAGTGATATCA,9081,3839,0,0.0
ACTGCTATTAGCTGTGACAA,3331,751,0,0.0
ACTGCTATTATAATCTTCAT,1131,335,0,0.0
ACTGGTGGTTGGCCTGGAGA,1035,720,0,0.0
ACTGGTGGTTTCCACTGTCA,4762,1203,0,0.0
ACTGTATAGAAGACAAGAAC,634,494,0,0.0
ACTGTATAGAAGAGCTCGCC,697,456,0,0.0
ACTGTATAGAATAGATTGCT,1270,874,0,0.0
ACTGTATAGAGACCACTATT,1895,1240,0,0.0
ACTGTATAGAGCTCAAGTTC,7707,2575,0,0.0
ACTGTATAGATCAGTGGCTA,4618,2033,0,0.0
ACTGTCAGCAACGTGATGCT,4320,1876,0,0.0
ACTGTCAGCACTTGGCTTAT,2498,1435,0,0.0
ACTGTCAGCAGACACCATCC,918,656,0,0.0
ACTGTCAGCAGCCTCTGTAT,1147,723,0,0.0
ACTGTCAGCAGGTGTTAATC,1160,465,0,0.0
ACTGTCTCGCGCGCTTGCGG,1679,1029,0,0.0
ACTGTCTCGCTCTTCCGGAA,2974,1237,0,0.0
ACTGTGCAACCGGAACAGAA,6065,2088,0,0.0
ACTGTGCAACGTCTACTGAT,2179,1062,0,0.0
ACTGTGCAACTCCAAGCGGT,2288,1370,0,0.0
ACTGTTACACCGCAGTAGAT,669,496,0,0.0
ACTGTTACACGTAAGGAATC,895,497,0,0.0
ACTGTTACACTCCTCATGTT,4588,1864,0,0.0
ACTGTTCACTACCGTACGGT,748,445,0,0.0
ACTGTTCACTATTCAACGTA,4242,2009,0,0.0
ACTGTTCACTCAAGTAACCA,1954,861,0,0.0
ACTGTTCACTCGGACCAACA,3513,1730,0,0.0
ACTGTTCACTCGGCGCTGCT,3289,1550,0,0.0
ACTGTTCACTGTCTGATACG,953,630,0,0.0
ACTGTTCACTTCGTTGGTTG,2776,1310,0,0.0
ACTGTTGATGGCACGAACAG,6388,2453,0,0.0
ACTGTTGATGGCGCGTTGCT,8728,3471,0,0.0
ACTGTTGATGTCCTCATGTT,4287,1825,0,0.0
ACTGTTGATGTGCTGCTCAT,514,431,0,0.0
ACTTATGGCCACAGCGTTAG,5115,1891,0,0.0
ACTTATGGCCATTCCATATT,5008,2071,0,0.0
ACTTATGGCCCGACTTGCAC,914,605,0,0.0
ACTTATGGCCCTGAGTGCTG,8486,2923,0,0.0
ACTTCGGAGTCACCGTAACT,939,460,0,0.0
ACTTCGGAGTGCACATGGCA,1813,694,0,0.0
ACTTCGGAGTGCGTTATTCG,1848,910,0,0.0
ACTTCGGAGTGGATAGAGAT,6819,2428,0,0.0
ACTTCGGAGTGGTGCAGTCT,2245,1346,0,0.0
ACTTCGGAGTTAGCCGATTC,664,510,0,0.0
ACTTCGGCCACAACTGTGGC,2313,1270,0,0.0
ACTTCGGCCACCAGGACGGC,6269,2691,0,0.0
ACTTCGGCCACGTACCTCTA,4455,1645,0,0.0
ACTTCGGCCAGACTCTTGGC,746,294,0,0.0
ACTTCGGCCAGCGCAATCCG,1327,273,0,0.0
ACTTCGGCCAGGAATCCGGT,2589,1245,0,0.0
ACTTCGGCCAGGACTTCATC,7251,2558,0,0.0
ACTTCGGCCATAATGTTCTG,15844,3660,0,0.0
ACTTGACGTTCCACATGCAG,6461,2543,0,0.0
ACTTGACGTTGGATCGCTGT,6119,2654,0,0.0
AGAACAAGGAAGTACCAGCG,15880,3842,0,0.0
AGAACAAGGAAGTATGCCAT,1741,1086,0,0.0
AGAACAAGGAATTGCTCTGT,1888,1041,0,0.0
AGAACAAGGACAACCTGCTC,3646,1275,0,0.0
AGAACAAGGATCACATAGAC,953,411,0,0.0
AGAAGATCCGAAGTTAATGG,1584,955,0,0.0
AGAAGATCCGACAGGATCAC,1516,842,0,0.0
AGAAGATCCGCCGACGCGGC,10881,3555,0,0.0
AGAAGATCCGTCCTCGGACT,3732,1751,0,0.0
AGAAGGAACAGGCGAATCTC,1632,1051,0,0.0
AGAAGGAACATGGTTGTGTT,741,437,0,0.0
AGAAGGCTCCTTGCTTATAA,775,548,0,0.0
AGAAGTGACGAACGAAGGAA,1718,913,0,0.0
AGAAGTGACGGCACTGAGGA,906,329,0,0.0
AGAAGTGACGTGGTGCATCT,4385,2014,0,0.0
AGAATAAGCGATACCAGAAG,11179,3439,0,0.0
AGAATAAGCGATGCTTGGTT,2026,1039,0,0.0
AGAATAAGCGATGGTCACGG,3802,1642,0,0.0
AGAATAAGCGCTCAACAACG,5491,795,0,0.0
AGAATAAGCGGGAGCATCGG,3415,1692,0,0.0
AGAATAAGCGGGCAAGCACG,1611,655,0,0.0
AGAATAAGCGTGCTCCAGTT,914,625,0,0.0
AGAATAGCTACCGAGTAACA,3486,1598,0,0.0
AGAATAGCTACCGATAGGAT,3882,1682,0,0.0
AGAATAGCTACTCCTGGATA,1994,1006,0,0.0
AGAATAGCTAGCGAAGCACC,671,484,0,0.0
AGAATAGCTATATATAGACC,2420,1322,0,0.0
AGAATAGCTATCATAGCTCA,649,452,0,0.0
AGAATCCAGCCTATTGTTAG,1605,771,0,0.0
AGAATTGTAGAACACCAGAC,5203,2157,0,0.0
AGAATTGTAGAACCTCATGC,8965,2717,0,0.0
AGAATTGTAGATACGTCGGT,2716,1293,0,0.0
AGAATTGTAGATACTTCACA,988,606,0,0.0
AGAATTGTAGCAAGAAGAGT,2398,922,0,0.0
AGAATTGTAGGTGGATAACC,1621,456,0,0.0
AGAATTGTAGGTGGCCTGCT,2436,1299,0,0.0
AGACAATCAGTAGATGACAA,878,554,0,0.0
AGACAATCAGTCAGCGGTGC,8470,2352,0,0.0
AGACACCACGACCTGGACAA,1302,822,0,0.0
AGACACCACGCGGCCTGACG,783,566,0,0.0
AGACACCACGGTTCAGAAGT,3847,1358,0,0.0
AGACAGCCTTCATAGGTGAG,2457,1100,0,0.0
AGACAGCCTTGCGACCGTGG,768,565,0,0.0
AGACAGCCTTTTATTAACAT,1602,730,0,0.0
AGACCACGACACGTAATCGA,3214,1157,0,0.0
AGACCACGACCAACCGATGT,6959,2150,0,0.0
AGACCACGACTGAAGCAGAT,5124,1907,0,0.0
AGACCACGACTGGCTATACC,2005,1178,0,0.0
AGACCAGAGAACCTCTGATA,561,399,0,0.0
AGACCAGAGAGAGAGCTCCG,3937,1541,0,0.0
AGACCAGAGATCGGTTAACC,4850,2045,0,0.0
AGACCAGAGATCTTGCTGCT,5941,2629,0,0.0
AGACCAGAGATTACGTAACG,1163,646,0,0.0
AGACCTCCAAAGGTAAGCAC,14851,4214,0,0.0
AGACCTCCAAGCAAGGCTCT,4773,2172,0,0.0
AGACCTCCAATCATCGAGGC,6661,2808,0,0.0
AGACCTCCAATTCTCTTGGT,751,572,0,0.0
AGACCTGGATAACGGCTCTT,1056,558,0,0.0
AGACCTGGATCTCGGTTGTA,589,279,0,0.0
AGACCTGGATGAGTATGGCA,2888,1290,0,0.0
AGACCTGGATTCAATTGAGA,1791,504,0,0.0
AGACCTTATGGGCCTGGAGA,2268,1289,0,0.0
AGACCTTATGGTGCACCAGC,741,593,0,0.0
AGACCTTATGTACACATGAC,6597,1944,0,0.0
AGACTTCAGTGTGCGCCGAT,7779,2475,0,0.0
AGAGAGTTCACACCTCATTG,819,589,0,0.0
AGAGAGTTCACGGTGCCGTG,2852,1203,0,0.0
AGAGAGTTCACTATGCTTCG,1174,783,0,0.0
AGAGAGTTCATCTACTTAAC,3402,1468,0,0.0
AGAGATTAGTGAGTATGGCA,681,348,0,0.0
AGAGATTAGTGTAGGATTGA,3524,1868,0,0.0
AGAGGACAGCAATATGAGAG,7563,2554,0,0.0
AGAGGACAGCGCGTTATTCG,840,633,0,0.0
AGAGGACAGCTTGGTTCTGG,1493,843,0,0.0
AGAGGAGTGTAGATTAGAGC,1978,1200,0,0.0
AGAGGAGTGTCCGATTAAGC,1316,351,0,0.0
AGATAGAACTCTCTGCCACG,1951,989,0,0.0
AGATAGGTCGGGACTCTAAC,3438,1745,0,0.0
AGATAGGTCGGGTCTGTGAC,8839,2792,0,0.0
AGATAGGTCGTGAGACCTCC,4862,2275,0,0.0
AGATAGTCGTAAGTCCGGCT,11210,3471,0,0.0
AGATAGTCGTATATCGTCCA,20724,4293,0,0.0
AGATAGTCGTCTTATGTAGT,826,333,0,0.0
AGATAGTCGTTCTACTTAAC,970,704,0,0.0
AGATAGTCGTTGGATCGACC,870,407,0,0.0
AGATAGTCGTTTAAGCCGCC,5203,2207,0,0.0
AGATCCGGAAGGACTCGCGT,1656,485,0,0.0
AGATCCGGAATTCTCTATGA,1090,326,0,0.0
AGATCCTATTCTCCGGCCGA,736,561,0,0.0
AGATCCTATTGAGTTATCTT,1421,769,0,0.0
AGATCCTATTTGCGCAGAGC,5797,1957,0,0.0
AGATCGCCACACATCATCTT,6364,2100,0,0.0
AGATCGCCACAGTCTAAGTG,2393,1336,0,0.0
AGATCGCCACTAAGGAGTTA,1638,995,0,0.0
AGATCGCCACTAGCTGAACC,804,488,0,0.0
AGATCGCCACTTCAACGGCG,5287,2070,0,0.0
AGATTCACGCAAGTCCGGCT,3378,1539,0,0.0
AGATTCACGCCACCTCATTG,7135,2282,0,0.0
AGCACCGACACTTGGCACTT,9220,3528,0,0.0
AGCATTGGACAATGCGGCAT,3425,1739,0,0.0
AGCATTGGACAGGTCTCTGT,3306,1735,0,0.0
AGCCAGGCACAGCCTACCAA,921,492,0,0.0
AGCCAGGCACATATTGCTAA,1865,777,0,0.0
AGCCAGGCACATTGTAATGT,839,594,0,0.0
AGCCAGGCACCCACGATGTT,677,517,0,0.0
AGCCAGGCACCGGTAGTCAT,1064,413,0,0.0
AGCCAGGCACCTGAGTGCTG,819,432,0,0.0
AGCCAGGCACGATTCTGTCG,2595,1442,0,0.0
AGCCAGGCACTGGTTGTGTT,533,429,0,0.0
AGCCGACCGGCGACGAGACC,1794,922,0,0.0
AGCCGACCGGGAGGCAACGC,18604,4843,0,0.0
AGCCGACCGGGTCGTCAAGC,810,326,0,0.0
AGCCGACCGGGTTGGCTCGC,1702,1036,0,0.0
AGCGAAGAGGAAGAGAGCGG,763,243,0,0.0
AGCGAAGAGGCACGCGCACC,2183,430,0,0.0
AGCGAAGAGGCATAATCAAT,4002,1789,0,0.0
AGCGAAGAGGGCACGACGTA,4802,1736,0,0.0
AGCGAAGAGGGTCTATATCG,5572,2156,0,0.0
AGCGAAGAGGTCTGCAGCGT,2195,758,0,0.0
AGCGAAGAGGTGAACAATGG,507,380,0,0.0
AGCGACATTCACGATAATCA,2175,773,0,0.0
AGCGACATTCCGGTGGTATG,1803,1042,0,0.0
AGCGACATTCGCCGCCGTGT,7777,1762,0,0.0
AGCGACATTCTAGACCTTAA,3683,1552,0,0.0
AGCGACCGCGAATATGAGAG,758,454,0,0.0
AGCGACCGCGTGATGAACGG,2154,897,0,0.0
AGCGACCGCGTTGCTTATAA,1052,700,0,0.0
AGCGCGATAACGGTTAAGTG,843,551,0,0.0
AGCGCGATAAGCGCATCTAG,4308,1742,0,0.0
AGCGCGATAAGTGTCGGTTA,11498,2467,0,0.0
AGCGCGCGTTACGTACCATT,1507,902,0,0.0
AGCGCGCGTTATCTCTCGGA,904,344,0,0.0
AGCGCGCGTTGCGAGTAGCG,831,296,0,0.0
AGCGCGCGTTGTTAGCACGA,535,270,0,0.0
AGCGCGTTCTAACGTTGGTC,1696,1070,0,0.0
AGCGCGTTCTACAGGTTCCA,1687,752,0,0.0
AGCGCGTTCTCTCGGTTGTA,5530,1868,0,0.0
AGCGCGTTCTGATCACAGTT,1399,469,0,0.0
AGCGCTGACTATGTCACGCT,1865,680,0,0.0
AGCGCTGACTGGACATTCGG,947,638,0,0.0
AGCGCTGACTGGACTCGCGT,1533,982,0,0.0
AGCGCTGACTTAACTATAGA,7085,2618,0,0.0
AGCGCTGACTTGTTACAATG,823,467,0,0.0
AGCGCTGGAAATATTATTAC,9591,2942,0,0.0
AGCGCTGGAACCACGTGGCT,917,583,0,0.0
AGCGCTGGAAGCGGCTCAAT,3075,1732,0,0.0
AGCGCTGGAAGGCCACACGC,1682,519,0,0.0
AGCGCTGGAATGCTCTATTC,1337,498,0,0.0
AGCGGCAGTTACACTTCGAT,3537,1509,0,0.0
AGCGGCAGTTCACCTCATTG,10652,3736,0,0.0
AGCGGCAGTTCCGGAATCGT,1424,676,0,0.0
AGCGGCAGTTCGTGATAAGT,2885,1471,0,0.0
AGCGGCAGTTGGACATTCGG,1306,877,0,0.0
AGCGGCAGTTGGCATCAGCG,908,332,0,0.0
AGCGGTCTGAAAGCTTATTA,1376,599,0,0.0
AGCGGTCTGACATATCGGCC,848,382,0,0.0
AGCGGTCTGACCGACAACGC,626,448,0,0.0
AGCGTACCTGAAGCAATTGG,2862,1612,0,0.0
AGCGTACCTGACCGGTGAGA,524,377,0,0.0
AGCGTACCTGAGAGAACGGA,732,530,0,0.0
AGCGTACCTGCCAGTAGCGT,1359,778,0,0.0
AGCGTACCTGCTTCCTCCTG,5215,2442,0,0.0
AGCGTACCTGGCCGCACCAG,2109,1154,0,0.0
AGCGTACCTGGGTGTAGCGG,2050,874,0,0.0
AGCGTGCACACAACCTGCTC,561,436,0,0.0
AGCGTGCACATCACATAGAC,2587,1328,0,0.0
AGCTCAGCGTCAAGAAGAGT,2271,486,0,0.0
AGCTCAGCGTCATATATACG,836,594,0,0.0
AGCTCAGCGTCCTGTAAGGT,3623,1376,0,0.0
AGCTCAGCGTTGCCAAGATT,2729,1301,0,0.0
AGCTCATGCTAGATTGTAAC,791,391,0,0.0
AGCTCATGCTATTACTGAAG,3315,1085,0,0.0
AGCTCATGCTGCGAAGATAG,2323,1190,0,0.0
AGCTCATGCTGCGCTCATAC,3461,1722,0,0.0
AGCTCATGCTTGAACAGGCT,3468,1663,0,0.0
AGCTGATAATCCTGTGCTTC,8808,3063,0,0.0
AGCTGATAATCTGGAAGCCG,1852,805,0,0.0
AGCTGATAATGCGTCCTCAG,582,363,0,0.0
AGCTGCGCTCGACAACCACC,2292,1022,0,0.0
AGCTGCGCTCGGTGGATTAG,6890,2560,0,0.0
AGCTGCGCTCTGCACCACAG,1280,763,0,0.0
AGCTGGCTCTGAACTAGGCT,501,391,0,0.0
AGCTGGCTCTGAAGCATTAT,1238,869,0,0.0
AGCTGGCTCTGGCATTCTAA,23677,5307,0,0.0
AGCTTCAGCAAGGACGCCAG,1675,835,0,0.0
AGCTTCAGCAATAGCCGATG,5387,2164,0,0.0
AGCTTCAGCAATGTCTGTAA,3425,1332,0,0.0
AGCTTCAGCACAGTGGAGCT,1992,1161,0,0.0
AGCTTCAGCACGGAAGGTTG,3468,1870,0,0.0
AGCTTCAGCACGTGTGGTGT,4169,1492,0,0.0
AGCTTCAGCATCCTAGAATC,2904,1643,0,0.0
AGCTTGGCTTCAAGTGCGGT,11419,3533,0,0.0
AGCTTGGCTTCCGATAGGAT,839,453,0,0.0
AGCTTGGCTTCGGTATTGCG,2399,1244,0,0.0
AGCTTGGCTTTGCTATTGTG,1148,769,0,0.0
AGCTTGGTAAAGAACTGTGT,1724,816,0,0.0
AGCTTGGTAAAGGCTGAACG,4826,2047,0,0.0
AGCTTGGTAAATATGAGACG,614,408,0,0.0
AGCTTGGTAACGTAACAGTG,1110,724,0,0.0
AGCTTGGTAAGGAGTTAAGG,9873,2981,0,0.0
AGCTTGGTAATAAGCCTAGG,1225,474,0,0.0
AGCTTGGTAATTCCGTACTT,966,693,0,0.0
AGGAACCTAGACCACCACGG,1453,585,0,0.0
AGGAACCTAGCTCTGTCGCA,3045,1275,0,0.0
AGGAACCTAGGATACGTATA,2250,774,0,0.0
AGGAACCTAGGCGCGCCTCG,766,546,0,0.0
AGGAACCTAGTACTCAACGG,3646,1766,0,0.0
AGGAACCTAGTTCATTGCGA,2195,1010,0,0.0
AGGAAGCACAACACAAGTAT,637,419,0,0.0
AGGAAGCACAACGACCTTCG,1706,905,0,0.0
AGGAAGCACAAGCACTTAAT,9244,2681,0,0.0
AGGAAGCACAATACTTCACA,12023,2951,0,0.0
AGGAAGCACACATATCGGCC,2117,1127,0,0.0
AGGAAGCACAGTACACTGCG,736,534,0,0.0
AGGAAGCACATAACTATAGA,984,707,0,0.0
AGGAAGCACATCCTCACTCA,11610,3380,0,0.0
AGGAAGCACATTGGTTCTGG,1101,801,0,0.0
AGGAAGTTCTAACCAGATAT,7814,3386,0,0.0
AGGAAGTTCTACGTGGCCGG,2724,942,0,0.0
AGGAAGTTCTATCACTAATC,1083,679,0,0.0
AGGAAGTTCTGAACCTGCCA,1157,474,0,0.0
AGGAAGTTCTGCAGGTCCGA,1162,781,0,0.0
AGGAAGTTCTGTACGAGTTC,679,473,0,0.0
AGGAATCCTTCTAATAGCCT,1374,828,0,0.0
AGGAATCCTTTACTAACTTG,2389,753,0,0.0
AGGACATAGAAGGCGGAAGC,1442,725,0,0.0
AGGACATAGACCTATATAAT,612,499,0,0.0
AGGACATAGACGGTGGTATG,2616,1044,0,0.0
AGGACATAGACTGTGTGGTC,1791,1118,0,0.0
AGGACATAGAGTGGTACAGG,3573,1372,0,0.0
AGGACATAGAGTTCAGAAGT,4606,2027,0,0.0
AGGACTATTCGGTACAAGCA,1540,1060,0,0.0
AGGACTATTCGGTCTGTGAC,1932,316,0,0.0
AGGACTATTCGTAATTACGT,8145,2909,0,0.0
AGGAGAATGCAGCCACATCT,2666,1319,0,0.0
AGGAGAATGCCCTCATCGTG,1610,381,0,0.0
AGGAGAATGCCGGTGTGAGT,1170,302,0,0.0
AGGAGAATGCGAAGTCTTGT,4457,2263,0,0.0
AGGAGAATGCGCCTCTGTAT,3449,1353,0,0.0
AGGAGCCATAGATAGTACGC,1426,679,0,0.0
AGGAGCTCGTTTCACACACA,3727,1411,0,0.0
AGGAGTTGCGATAGGTTGAG,5301,2307,0,0.0
AGGAGTTGCGCATATTGCCG,5422,1773,0,0.0
AGGATCATACAGAGGTGCTA,2887,1575,0,0.0
AGGATCATACCCTGTAAGGT,1182,621,0,0.0
AGGATCATACGCCTCTGTAT,1252,866,0,0.0
AGGATCATACTCGTACACGA,2170,1232,0,0.0
AGGCACGGTACAGCTAACAC,992,718,0,0.0
AGGCACGGTAGAACGCTGGT,1503,705,0,0.0
AGGCACGGTAGACATGGTTA,908,415,0,0.0
AGGCACGGTAGCTCAAGTTC,964,455,0,0.0
AGGCACGGTAGTCTATATCG,2767,1439,0,0.0
AGGCACGGTATTGAGTAGAA,3640,1791,0,0.0
AGGCAGCTGAACGTCCAGTC,1136,760,0,0.0
AGGCAGCTGACTAGCATAAG,1340,384,0,0.0
AGGCAGCTGATGCCTCAATG,1506,774,0,0.0
AGGCAGTCCGAAGCGTCCTA,2581,1334,0,0.0
AGGCAGTCCGAGTGTTGTGC,5034,1739,0,0.0
AGGCAGTCCGGCGTAGGTCT,684,477,0,0.0
AGGCCGGCGTCGCAGCCTGA,1306,414,0,0.0
AGGCCGGCGTCGGAAGGTTG,3265,760,0,0.0
AGGCCGGCGTGTACGTCAAC,730,580,0,0.0
AGGCCGGCGTTCGCTCGCAC,2879,1480,0,0.0
AGGCCGGCGTTCTTGCCAAT,1302,890,0,0.0
AGGCCGGCGTTGTCCTCATG,6901,2099,0,0.0
AGGCTAGGCGAAGGCAACAT,1375,898,0,0.0
AGGCTAGGCGCGCACACAGA,3462,1930,0,0.0
AGGCTAGGCGCGCGTCTGCT,4306,2160,0,0.0
AGGCTGTGGAGATGCTCTCA,5889,759,0,0.0
AGGCTGTGGAGATGGCAATG,999,689,0,0.0
AGGCTGTGGATAATCTTCAT,4775,2065,0,0.0
AGGCTGTGGATGTACACTAT,2858,1510,0,0.0
AGGTACAGACCGATGTGCTT,7253,2658,0,0.0
AGGTACAGACGCCTCTCGCG,1077,742,0,0.0
AGGTACAGACTAGATGACAA,5360,1994,0,0.0
AGGTACAGACTGAATATTGA,8433,3119,0,0.0
AGGTACTACAAGCCTCTAGC,1071,733,0,0.0
AGGTACTACAGTAGCCGTTA,633,470,0,0.0
AGGTACTACATTGAGTAGAA,1473,818,0,0.0
AGGTCTGTCGATTACCAGAA,2121,1090,0,0.0
AGGTCTGTCGGACACGCTCA,2971,1359,0,0.0
AGGTCTGTCGTGCACCACAG,709,415,0,0.0
AGGTGCCTAAACCTCTGATA,5625,2040,0,0.0
AGGTGCCTAAGCCTGTTACA,4824,1978,0,0.0
AGGTGCCTAAGCGAGTTAAT,2969,1585,0,0.0
AGGTTACTGACAGTTGTGAC,775,446,0,0.0
AGGTTACTGATGCCTTCTTC,1494,947,0,0.0
AGGTTACTGATGTCATCGTA,1705,1092,0,0.0
AGTACGGACGGACCAGCACT,8285,2890,0,0.0
AGTACGGACGTCCATACTAT,720,454,0,0.0
AGTATAGCAGCCAGAGGATG,3612,1321,0,0.0
AGTATAGCAGCCTTAGGCTC,2567,1271,0,0.0
AGTATAGCAGTGCTATCCGT,678,508,0,0.0
AGTATCTAACAACACCAGAC,4010,1952,0,0.0
AGTATCTAACAAGTAAGTCC,1273,673,0,0.0
AGTATCTAACACCGAAGACA,839,388,0,0.0
AGTATCTAACCACACCTAAC,4172,1600,0,0.0
AGTATCTAACCTTAGCTATT,7835,2780,0,0.0
AGTATCTAACTCCTCATGTT,2183,1036,0,0.0
AGTATCTAACTCGCCTATTA,1269,604,0,0.0
AGTATCTAACTGGTTCATAG,4457,1866,0,0.0
AGTATCTAACTGTAATCATC,718,518,0,0.0
AGTATCTAACTGTTCGTCGT,741,485,0,0.0
AGTATCTAACTGTTGCCATA,6411,2290,0,0.0
AGTATTACAAAGAAGCATCT,5648,2007,0,0.0
AGTATTACAAAGATTAGAGC,780,385,0,0.0
AGTATTACAAATACTATGTT,1148,773,0,0.0
AGTATTACAACATCCACGCC,1361,929,0,0.0
AGTATTACAACGACCAACCG,3013,1521,0,0.0
AGTATTACAAGTAGGATTGA,2162,567,0,0.0
AGTATTACAAGTCTATCACC,5342,1280,0,0.0
AGTATTACAATGAAGCAGAT,895,462,0,0.0
AGTATTATGTACCGTGAGAG,2680,1382,0,0.0
AGTATTATGTAGTCAGGTCC,3994,2068,0,0.0
AGTATTATGTCGTGCGGTAA,1102,662,0,0.0
AGTATTATGTTGAATTGCAT,910,692,0,0.0
AGTCACTTACACTGAACGCC,1684,1062,0,0.0
AGTCACTTACTATACATAGT,8608,3114,0,0.0
AGTCACTTACTCGCATGCGA,2122,1335,0,0.0
AGTCACTTACTTGGCGCACC,4529,1701,0,0.0
AGTCATCTTCAGACCAACAT,1912,1194,0,0.0
AGTCATCTTCCAGACAATTC,1656,534,0,0.0
AGTCCTGCCTAAGTCGGTGG,942,664,0,0.0
AGTCCTGCCTATGACATCTC,2544,875,0,0.0
AGTCCTGCCTCAGGCTATCA,1463,1004,0,0.0
AGTCCTGCCTGCCTGTATGC,5802,2084,0,0.0
AGTCCTGCCTGGCAACGTCG,1725,958,0,0.0
AGTCTCTGTTTGTAGGATGG,21309,5496,0,0.0
AGTCTGCGAGTCGCCTATTA,2135,916,0,0.0
AGTCTTACCGATCTAAGATG,7554,1124,0,0.0
AGTCTTACCGCCTGTACTGG,5759,2534,0,0.0
AGTGAGGTGGCTGGCTTACC,1157,397,0,0.0
AGTGAGGTGGGTAATTACGT,3624,1820,0,0.0
AGTGAGGTGGGTGTCGGTTA,4175,1394,0,0.0
AGTGATTACCGATCAACGGC,5623,2218,0,0.0
AGTGATTACCGGCTTCGTTC,2305,452,0,0.0
AGTGATTACCTTAATACCAA,825,519,0,0.0
AGTGGATCTCCCACTGTATT,1154,759,0,0.0
AGTGGATCTCCGTGCACGGA,2910,1630,0,0.0
AGTGGCTCGAATGGTTGGAA,592,431,0,0.0
AGTGGCTCGACGGAGCCAGC,10020,3239,0,0.0
AGTGGCTCGACTCATCGCGC,6080,2539,0,0.0
AGTGGCTCGATAGACCTTAA,2022,972,0,0.0
AGTGGCTCGATGTGGATCGG,9485,2984,0,0.0
AGTGTCACAGATCATTATGA,8168,2623,0,0.0
AGTGTCACAGCAACTGTGGC,877,500,0,0.0
AGTGTCACAGCAAGAAGAGT,2933,923,0,0.0
AGTGTCACAGCCGATTAAGC,15678,3574,0,0.0
AGTGTCACAGCTATAACGTT,5213,2025,0,0.0
AGTGTCACAGCTTAATCGCA,6190,2662,0,0.0
AGTGTGGAGAGACGTCCACA,16187,3806,0,0.0
AGTGTGGAGATACAAGAGCT,956,480,0,0.0
AGTGTGGAGATGAATTCGGA,882,419,0,0.0
AGTGTGGAGATTGTGAAGAT,1032,611,0,0.0
AGTGTGTCTGCAGTTGTGAC,9143,3216,0,0.0
AGTGTGTCTGCCACTGGAAC,1190,608,0,0.0
AGTGTGTCTGGACAACCACC,4591,1472,0,0.0
AGTGTGTCTGGTCTCTGCTA,8016,3049,0,0.0
AGTGTGTCTGTCCTTACATA,680,455,0,0.0
AGTTAATAGAGGTCTCTCGA,2147,489,0,0.0
AGTTAATAGAGTCGTCCAAT,587,469,0,0.0
AGTTACTTCGACACAAGTAT,692,426,0,0.0
AGTTACTTCGCAAGTCTAGA,503,398,0,0.0
AGTTACTTCGGAAGCTCATA,746,557,0,0.0
AGTTACTTCGGAAGGTGGTT,1606,794,0,0.0
AGTTACTTCGTGCCGTCCTA,1595,832,0,0.0
AGTTATGCTAAACGGATTGT,2208,819,0,0.0
AGTTATGCTAAGTCTCGACC,817,566,0,0.0
AGTTATGCTAATCATACTTA,6042,1930,0,0.0
AGTTATGCTAGAACTCCGTT,1235,873,0,0.0
AGTTATGCTAGCCGCCACGC,796,511,0,0.0
AGTTATGCTAGTCACATTGT,3769,2021,0,0.0
AGTTCCGCCGCCACGTTGAG,5095,2079,0,0.0
AGTTCCGCCGCCGTGCCTTC,2354,1065,0,0.0
AGTTCCGCCGGAACGCTGGT,7281,2369,0,0.0
AGTTCCTACCAATGCGGCAT,601,388,0,0.0
AGTTCCTACCACCTGTTGTG,2172,1338,0,0.0
AGTTCCTACCAGCTGGCCGA,780,337,0,0.0
AGTTCCTACCCCATAGCACG,654,338,0,0.0
AGTTCCTACCGGTCTCTCGA,6073,2015,0,0.0
AGTTCGCTAGAAGAGCTTGC,4906,2558,0,0.0
AGTTCGCTAGATCGGCTGAA,7884,2942,0,0.0
AGTTCGCTAGTCCTAGAATC,641,354,0,0.0
AGTTCGCTAGTCCTGTGGCT,8056,2565,0,0.0
ATAACAGTTAAAGCAATTGG,996,704,0,0.0
ATAACAGTTAACGTCCAGTC,885,403,0,0.0
ATAACAGTTAACTAGCCGCT,1680,922,0,0.0
ATAACAGTTAGTCTGATACG,1247,495,0,0.0
ATAACGACAAAAGCACCGAT,701,470,0,0.0
ATAACGACAAATCTGCAGAG,1263,643,0,0.0
ATAACGACAACAATAACACT,1560,538,0,0.0
ATAACGACAACCGATAGGAT,2082,915,0,0.0
ATAACGACAAGATACGACTC,2031,1167,0,0.0
ATAACGACAATGTAATCGAT,5076,2117,0,0.0
ATAACGTCGTAACGATCAGA,1029,284,0,0.0
ATAACGTCGTACAACCGGAT,4847,2334,0,0.0
ATAACGTCGTAGCCTTATAT,1197,584,0,0.0
ATAACGTCGTAGGCTGAACG,1083,334,0,0.0
ATAACGTCGTAGTGGCGTTC,2303,1011,0,0.0
ATAACGTCGTATATCGTCCA,1708,985,0,0.0
ATAACGTCGTATCATACTTA,3504,1333,0,0.0
ATAACGTCGTGATAGGCGAT,1856,668,0,0.0
ATAACGTCGTGGTCGCTCTG,8539,2722,0,0.0
ATAACTAAGAGACGATACCG,694,502,0,0.0
ATAACTAAGATGGCTATACC,3748,1643,0,0.0
ATAAGCTTCCAGGAACGACG,2539,1093,0,0.0
ATAAGCTTCCGCGTAACGTC,3661,1770,0,0.0
ATAAGCTTCCTCTTACGTCT,1111,519,0,0.0
ATAAGGATTGATGTGGTTAA,2134,975,0,0.0
ATAAGGATTGTTGTGAAGAT,1246,835,0,0.0
ATAAGTCGCGATCCTACGGC,516,339,0,0.0
ATAAGTCGCGCATGCCACAC,1887,941,0,0.0
ATAAGTCGCGCTAGTCTGTC,3302,1518,0,0.0
ATAAGTCGCGTCGCATGCGA,853,592,0,0.0
ATAATCCTATGACGCGTGAG,778,523,0,0.0
ATAATCCTATGCTCTCACAG,1336,898,0,0.0
ATAATCCTATTCAGGCCTTC,3996,1826,0,0.0
ATAATGAGGTAGTCAGGTCC,2696,1302,0,0.0
ATAATGAGGTCACCTACCGC,1799,289,0,0.0
ATAATGAGGTGACTGCGTAA,1507,675,0,0.0
ATAATGAGGTTATTCTACGT,2065,1031,0,0.0
ATAATGAGGTTGTAATCATC,3401,1175,0,0.0
ATACAACCTGAAGTTAATGG,1403,425,0,0.0
ATACAACCTGACAACGCCTT,11144,3880,0,0.0
ATACAACCTGAGGCTGAACG,6432,2607,0,0.0
ATACAACCTGCTCGATAGAT,4338,1556,0,0.0
ATACAACCTGTAGATATATT,1612,952,0,0.0
ATACAGGTTAAACCAGACCA,4061,1501,0,0.0
ATACAGGTTAACGTGATGCT,1385,858,0,0.0
ATACAGGTTACCACTGGAAC,1649,902,0,0.0
ATACAGGTTACGGACCAACA,1104,445,0,0.0
ATACAGGTTACTCGGAGATA,3524,1693,0,0.0
ATACAGGTTAGAACTAGGCT,1118,641,0,0.0
ATACAGGTTAGCCGCACCAG,6255,2096,0,0.0
ATACAGGTTAGCGTGCTGTG,1018,562,0,0.0
ATACAGGTTAGTGTGTTGTA,20670,3516,0,0.0
ATACAGGTTATATCGGACGA,1414,765,0,0.0
ATACAGGTTATCTCGTCTTA,5474,1932,0,0.0
ATACCGAGTTGATTCCTACG,1027,737,0,0.0
ATACCTCGAGACAGCTGGCA,724,470,0,0.0
ATACCTCGAGACTTGTGTCT,3204,1319,0,0.0
ATACCTCGAGATCAGTACCA,8823,2901,0,0.0
ATACCTCGAGATGTCTGTAA,966,723,0,0.0
ATACCTCGAGGCACGACGTA,1036,675,0,0.0
ATACCTCGAGTGCGTGCGCT,3625,1835,0,0.0
ATACTGAGAAACACTCTATC,4277,1538,0,0.0
ATACTGAGAAACTATATTGC,2328,1296,0,0.0
ATACTGAGAAAGAATTCCTG,2921,1578,0,0.0
ATACTGAGAACAGAAGTGCA,4964,2295,0,0.0
ATACTGAGAACCTCATCGTG,1304,559,0,0.0
ATACTGAGAATGTAGGATGG,980,471,0,0.0
ATACTGCCGTAACGCGGACA,1159,654,0,0.0
ATACTGCCGTATCGGCTGAA,5603,1941,0,0.0
ATACTGCCGTCCACGATGTT,3192,1485,0,0.0
ATACTGCCGTCGCAGATCTA,697,468,0,0.0
ATACTGCCGTGGCGATCATA,7727,2168,0,0.0
ATACTGGAGGTCTACGGACA,1456,979,0,0.0
ATAGAGTCACCAGATTCAAG,687,457,0,0.0
ATAGAGTCACCCGCCTTGGT,1148,505,0,0.0
ATAGAGTCACTAGCGAAGTT,1306,776,0,0.0
ATAGAGTTGTATCTGTGTAC,2805,1421,0,0.0
ATAGAGTTGTTAAGTGGCGC,11198,3717,0,0.0
ATAGCTCTCACTGTCTGCAG,663,455,0,0.0
ATAGCTCTCAGAGCGCATAA,5127,1837,0,0.0
ATAGCTCTCAGCCGAGGCTC,13991,4701,0,0.0
ATAGCTCTCAGGTGAGGTCA,3008,1213,0,0.0
ATAGCTCTCATTCGTACGTA,743,559,0,0.0
ATAGCTGCACAAGTGTCGCG,6049,1567,0,0.0
ATAGCTGCACATACATTATC,2442,651,0,0.0
ATAGCTGCACCTCTCCACCA,8473,2446,0,0.0
ATAGGAGAACATCATACTTA,570,470,0,0.0
ATAGGAGAACTATCGGCACT,1408,803,0,0.0
ATAGGAGAACTGTCTGGACG,813,552,0,0.0
ATAGGTATAAAAGCGGTCAA,681,466,0,0.0
ATAGGTATAACTAATAGCCT,988,590,0,0.0
ATAGGTATAACTCGGACTAG,983,443,0,0.0
ATAGGTATAACTCTCCACCA,558,461,0,0.0
ATAGGTATAAGACTAATTCT,1405,971,0,0.0
ATAGGTATAATGCGCAGAGC,3356,1850,0,0.0
ATAGTGATGCCAAGTCTAGA,1052,747,0,0.0
ATAGTGATGCGCCGACTCTT,3164,1199,0,0.0
ATAGTGATGCGTAGCCGTTA,2585,1222,0,0.0
ATAGTGATGCTGATTAGCTG,1732,595,0,0.0
ATAGTGATGCTGCTAGTTGG,582,428,0,0.0
ATAGTGATGCTGGCAAGACA,1338,735,0,0.0
ATAGTTGCTGACAGGCCTGT,2829,1215,0,0.0
ATAGTTGCTGATCAACTATA,1659,891,0,0.0
ATAGTTGCTGGCCTGTATGC,2667,1474,0,0.0
ATATAACATCAAGTCCACGA,3980,2128,0,0.0
ATATAACATCATGTGATTGC,818,409,0,0.0
ATATAACATCGTAGAGATCC,10541,3193,0,0.0
ATATAAGAGACACCTCATTG,1090,709,0,0.0
ATATAAGAGAGGCGGCGATA,805,511,0,0.0
ATATAAGAGATCCACCTCAT,942,406,0,0.0
ATATAAGAGATCTCTCGGCG,835,516,0,0.0
ATATAAGAGATTCAATCAGC,3209,1598,0,0.0
ATATACACGTCCTTAGGCTC,2579,1330,0,0.0
ATATACACGTCGAGACTGTG,4818,1879,0,0.0
ATATACACGTGATAGTACGC,992,626,0,0.0
ATATACACGTGCGAGTTAAT,3096,1705,0,0.0
ATATCCTGGTCAAGTCTAGA,2526,1118,0,0.0
ATATCCTGGTCACGGATGAG,569,439,0,0.0
ATATCCTGGTTCGCGCGTTC,1437,391,0,0.0
ATATCGGACTACACATCCTC,3703,1319,0,0.0
ATATCGGACTAGCCGTGACC,1534,652,0,0.0
ATATCGGACTAGTGTATATT,2177,1106,0,0.0
ATATCGGACTATGGTCAGCC,3451,1475,0,0.0
ATATCGGACTTATGCTCGGA,2877,1363,0,0.0
ATATCTTCAGCACACTGCAT,714,552,0,0.0
ATATCTTCAGCCGATTAAGC,1966,798,0,0.0
ATATCTTCAGTAGCCATATG,4681,1962,0,0.0
ATATGCGTAAGAGAACCTAA,5514,2306,0,0.0
ATATGCGTAATAACTGATGG,2210,617,0,0.0
ATATGCGTAATGTGGAATGA,1276,829,0,0.0
ATATGGACATATACGCGATA,2126,1171,0,0.0
ATATGGCGTAAACTCAGTTA,883,627,0,0.0
ATATGGCGTACATCCACGCC,4756,1926,0,0.0
ATATGGCGTACCAGAGGATG,704,553,0,0.0
ATATGGCGTACCTACTGGTA,933,351,0,0.0
ATATGGCGTAGAGTTCTCGC,1820,1144,0,0.0
ATATGGCGTAGTGAATCAAC,4308,1830,0,0.0
ATATTACGCCATGGTCAGCC,4531,2050,0,0.0
ATATTACGCCCAGCTAACAC,4170,1449,0,0.0
ATATTACGCCCGAGCAGATT,1241,634,0,0.0
ATATTACGCCCTCCGCCAAT,1313,910,0,0.0
ATATTACGCCGAATTCACAA,840,188,0,0.0
ATATTACGCCTCCTCGGACT,4107,1478,0,0.0
ATCAACACATATGCTTATGC,819,610,0,0.0
ATCAACACATCAACGGCGCT,4903,2248,0,0.0
ATCAACACATGATGAGAACT,957,563,0,0.0
ATCAACACATTCGAACACAT,3346,1126,0,0.0
ATCAACACATTGAGACCGTA,954,503,0,0.0
ATCAACACATTGCTCTATTC,9735,2666,0,0.0
ATCAACACATTTGGTCCAGC,13826,3238,0,0.0
ATCAAGCGGCCCTCGCTTAA,3304,1454,0,0.0
ATCAAGCGGCCTAGCCGCCA,972,634,0,0.0
ATCAAGCGGCGTAATGCTGA,2278,900,0,0.0
ATCAAGCGGCGTAGCACGGC,6670,2275,0,0.0
ATCAAGCGGCGTGGAGCAAG,2421,580,0,0.0
ATCAATCTCCCTAAGTCTTG,1218,517,0,0.0
ATCAATCTCCGAAGCGCCTG,1577,968,0,0.0
ATCAATCTCCGATGCTCTCA,1103,617,0,0.0
ATCACCATCGACCGCGCAAG,9026,3059,0,0.0
ATCACCATCGACCGGTGAGA,8020,2683,0,0.0
ATCACCATCGCAGGATACTC,1241,591,0,0.0
ATCACCATCGTCATCGAGGC,3612,1690,0,0.0
ATCACCGCCTACGCCAACAG,2506,1489,0,0.0
ATCACCGCCTACTTAGGCAG,2539,1293,0,0.0
ATCACCGCCTGTATGTAGCA,6487,2481,0,0.0
ATCAGACGAAACAGTCTGAG,834,411,0,0.0
ATCAGACGAATTGCTACATG,2438,785,0,0.0
ATCAGCTGCTGCACTAATTC,1178,749,0,0.0
ATCAGCTGCTTCGCTTACCG,6329,2434,0,0.0
ATCAGCTGCTTGCTCTATTC,4098,1723,0,0.0
ATCAGGCAATATATGAGACG,717,557,0,0.0
ATCAGGCAATCCACATGCAG,1010,375,0,0.0
ATCAGGCAATGGTCGCTCTG,621,423,0,0.0
ATCATGTCTCCACTATAAGA,2511,1231,0,0.0
ATCATGTCTCCGTGCGGTAA,2071,1071,0,0.0
ATCATGTCTCTGAATTCGGA,5314,2055,0,0.0
ATCATGTCTCTTGAAGGCTA,810,444,0,0.0
ATCATTGATTAGCCTACCAA,2946,1396,0,0.0
ATCATTGATTTATGTACTTA,802,593,0,0.0
ATCCACGCCGCGATGTGCTT,1011,557,0,0.0
ATCCACGCCGCTAAGTCTTG,2665,873,0,0.0
ATCCACGCCGGCATGCGGCA,2582,1240,0,0.0
ATCCATATGGAAGAAGTTAG,684,427,0,0.0
ATCCATATGGAATACGTTGA,2172,1048,0,0.0
ATCCATATGGACACTTCGAT,6892,3045,0,0.0
ATCCATATGGGTGTCATTCC,1583,524,0,0.0
ATCCATATGGTAGACCGACT,12801,3797,0,0.0
ATCCATATGGTCGGTTAACC,1518,644,0,0.0
ATCCATATGGTTGCTTATAA,4532,1996,0,0.0
ATCCATTGATACTTGAATCC,2033,1097,0,0.0
ATCCATTGATCAACCTCTCA,833,590,0,0.0
ATCCATTGATCCACAGCCGA,11866,3566,0,0.0
ATCCATTGATGACTAATTCT,3191,568,0,0.0
ATCCATTGATGAGTTATCTT,12649,2975,0,0.0
ATCCATTGATTAGACTCCTT,3590,1363,0,0.0
ATCCATTGATTCACTCTGAT,3833,1730,0,0.0
ATCCATTGATTCTGTTGGAA,1522,956,0,0.0
ATCCATTGATTGAGACCTCC,2097,1436,0,0.0
ATCCGATTCGGATCAACGGC,1440,903,0,0.0
ATCCGATTCGGTCGGCAGTA,6366,1480,0,0.0
ATCCGATTCGTTCAATCAGC,3900,1916,0,0.0
ATCCGATTCGTTGTAGCCGA,2599,1382,0,0.0
ATCCGCGCGTCAAGTCTAGA,3359,1567,0,0.0
ATCCGCGCGTCGTCAATAAC,1364,1053,0,0.0
ATCCGCGCGTCTGTTCCTAA,4865,1953,0,0.0
ATCCGCGCGTGCAGGTCCGA,947,471,0,0.0
ATCCGCGCGTGTCTATCACC,3728,1465,0,0.0
ATCCGCGCGTTCTTACGTCT,6749,2574,0,0.0
ATCCGCGCGTTTCTATGATA,667,218,0,0.0
ATCCGCGCGTTTGCCTTAGG,2373,1268,0,0.0
ATCCGTCTGCAGGCATTGGC,13549,3894,0,0.0
ATCCGTCTGCAGTACGTCGC,3208,1688,0,0.0
ATCCGTCTGCATGTCACGCT,939,623,0,0.0
ATCCGTCTGCGAGAACGATT,3096,1437,0,0.0
ATCCGTCTGCTGCCTTCTTC,1570,845,0,0.0
ATCCTACACGGAATCCTCGT,11478,3292,0,0.0
ATCCTACACGGGCCTTCCAT,1114,712,0,0.0
ATCCTCGTATAACAGTCAAG,4964,2229,0,0.0
ATCCTCGTATAGATTGTAAC,909,446,0,0.0
ATCCTCGTATCAACCGTGTA,7953,2876,0,0.0
ATCCTCGTATGGCTGCTGCT,2069,1069,0,0.0
ATCGAGGCAGCGTTGCTACG,1179,677,0,0.0
ATCGAGGCAGGCGTTATTCG,1050,448,0,0.0
ATCGAGGCAGGCTTGTCACT,1226,554,0,0.0
ATCGAGGCAGTACTCTTAGG,8207,2533,0,0.0
ATCGCCTCAGACAGGTTCCA,5340,2116,0,0.0
ATCGCCTCAGAGGACACTCC,1224,315,0,0.0
ATCGCCTCAGCCGGAATCGT,3249,1513,0,0.0
ATCGCCTCAGCGTCGTATTG,640,344,0,0.0
ATCGCCTCAGGGCCTGGAGA,4051,1613,0,0.0
ATCGTAACTTCGACTTCGTG,2872,1357,0,0.0
ATCGTAACTTTAGATATATT,6309,2335,0,0.0
ATCGTAGACCATATGAGACG,4336,1370,0,0.0
ATCGTAGACCCCGAGTAACA,885,572,0,0.0
ATCGTAGACCCGGTGTGAGT,12147,3770,0,0.0
ATCGTAGACCCTCGGACTAG,3564,1564,0,0.0
ATCGTAGACCGACAATTGTC,3921,1939,0,0.0
ATCGTAGACCGCAACGATTG,4795,1747,0,0.0
ATCGTAGACCGCCATAGGCA,699,422,0,0.0
ATCGTATATAACGCAGCGAA,3357,1682,0,0.0
ATCGTATATACGGTTGATGT,707,328,0,0.0
ATCGTATATACTTCGAGCAC,6453,2160,0,0.0
ATCGTATATATCCGGTTGAC,2566,1124,0,0.0
ATCGTATTGCATATCGTCCA,8153,2685,0,0.0
ATCGTATTGCCATAGCGTGG,1169,348,0,0.0
ATCGTATTGCCGCGTCTGCT,1699,1058,0,0.0
ATCGTATTGCCGTAAGTTAG,5205,1961,0,0.0
ATCGTATTGCGACGTCCACA,808,416,0,0.0
ATCGTATTGCTGAACAGGCT,1065,757,0,0.0
ATCGTATTGCTGTCCTCATG,5889,2052,0,0.0
ATCGTATTGCTTGTGAAGAT,2922,1612,0,0.0
ATCGTGTTAACGCAGTAGAT,2310,640,0,0.0
ATCGTGTTAACGCTATATCC,2640,1299,0,0.0
ATCGTGTTAAGCCGAGTTAT,1367,680,0,0.0
ATCGTGTTAATGTAGGATGG,3068,1262,0,0.0
ATCTACGGACACAGTCTGAG,11919,3084,0,0.0
ATCTACGGACCATCTTGAAC,3870,1598,0,0.0
ATCTACGGACCCGTAAGTGT,852,327,0,0.0
ATCTACGGACGTGCACCAGC,4556,1959,0,0.0
ATCTAGACGAAAGTAAGTCC,2151,1024,0,0.0
ATCTAGACGACAACTAGATT,2512,1018,0,0.0
ATCTAGACGACGACCAACCG,4797,2333,0,0.0
ATCTAGACGACGCAGACCAG,4306,2000,0,0.0
ATCTAGACGAGGACCTTGCG,2080,1004,0,0.0
ATCTAGACGATACTAGCGGA,1412,585,0,0.0
ATCTAGACGATGAACGAGGT,6844,2559,0,0.0
ATCTAGACGATGTTCAGACG,616,430,0,0.0
ATCTAGACGATTGTGACTCG,1481,840,0,0.0
ATCTCCGACCATAATTCAGG,2463,1090,0,0.0
ATCTCCGACCGTAGCCGTTA,7592,2682,0,0.0
ATCTCCGTGAACTATATTGC,1351,793,0,0.0
ATCTCCGTGACTAACACAGG,4847,2196,0,0.0
ATCTCGTATGCTTGGACCTA,688,433,0,0.0
ATCTCGTATGGAGTCCATAG,1440,700,0,0.0
ATCTCGTATGGTCGCGAACC,9360,2602,0,0.0
ATCTCGTATGTGAATTGCAT,1303,727,0,0.0
ATCTTATGCAACCGACCGAC,2974,1132,0,0.0
ATCTTATGCAACGTCCAGTC,2438,1072,0,0.0
ATCTTATGCAAGTCTAAGTG,5134,2471,0,0.0
ATCTTATGCACGACAGTACG,820,400,0,0.0
ATCTTATGCATCTTACTGTA,1518,359,0,0.0
ATCTTATGCATGCGTGTGTG,5355,2743,0,0.0
ATCTTATGCATGTTGCGGTT,2210,1222,0,0.0
ATCTTCAGGCCAGCCGTTAA,6164,2132,0,0.0
ATCTTCAGGCCCTGCTGTAG,1956,980,0,0.0
ATCTTCAGGCCTCGGACTAG,2137,836,0,0.0
ATCTTCAGGCTAGTGTCATG,1176,361,0,0.0
ATCTTCCTTGGTCTGTGGAA,4487,2029,0,0.0
ATCTTCCTTGGTTGGCTCGC,3354,1322,0,0.0
ATCTTCCTTGTCTCTATCCA,1305,812,0,0.0
ATGAACAGAGACCGTACGGT,2375,723,0,0.0
ATGAACAGAGGCAGCCTAAC,3677,1630,0,0.0
ATGAACAGAGTCCAGCTTCT,5041,2301,0,0.0
ATGAGCCTACAGACAAGAAC,1086,747,0,0.0
ATGAGCCTACAGTGCAAGGT,2058,1174,0,0.0
ATGAGCCTACGACCATGAAG,1324,529,0,0.0
ATGAGCCTACGGCTGCTGCT,7139,2641,0,0.0
ATGAGCCTACTCCGACAACC,1717,962,0,0.0
ATGAGCCTACTGGACCTGTG,6110,2095,0,0.0
ATGAGCCTACTGGCTATACC,2381,992,0,0.0
ATGAGCCTACTTACATCAAG,1283,396,0,0.0
ATGAGGAAGTACGTCCAGTC,1315,841,0,0.0
ATGAGGAAGTCTCCTGGATA,4496,1484,0,0.0
ATGAGTGGCTGACGAGTTCC,2142,779,0,0.0
ATGAGTGGCTGGACTTCATC,1261,787,0,0.0
ATGAGTGGCTGTTATAGGTG,1786,952,0,0.0
ATGATATGCCATTAGTAGGA,2939,760,0,0.0
ATGATATGCCCGGCGAATAT,1519,949,0,0.0
ATGATATGCCGACGCGCCAC,4894,1274,0,0.0
ATGATATGCCGCCAGCGGAA,2543,1471,0,0.0
ATGATATGCCTAATTACTGG,1023,718,0,0.0
ATGATATGCCTAGAATAGCG,2829,1596,0,0.0
ATGATATGCCTCTTCGAGAG,929,672,0,0.0
ATGATATGCCTGTAACGATA,770,493,0,0.0
ATGATCAAGCACCTACGGCT,6223,2205,0,0.0
ATGATCAAGCACGACAGATC,6970,2280,0,0.0
ATGATCAAGCCAGCGCTAAC,3364,1539,0,0.0
ATGATCAAGCGAGCCGGATT,892,426,0,0.0
ATGATGACAGAGTGGACTGG,9139,3150,0,0.0
ATGATGACAGGAAGTCCTAG,604,391,0,0.0
ATGATGACAGGGTCTGTGAC,8467,2307,0,0.0
ATGATGACAGTAGGAGATCG,10387,3168,0,0.0
ATGATGACAGTGGCCATGGT,5124,1790,0,0.0
ATGATGTGTTAACATTACGG,1949,1097,0,0.0
ATGATGTGTTAAGCGTCCTA,5485,2304,0,0.0
ATGATGTGTTACCTCGCAGA,4896,1534,0,0.0
ATGATGTGTTCTTCCTCCTG,783,565,0,0.0
ATGATGTGTTGATCACAGTT,851,409,0,0.0
ATGATGTGTTGATGGCAATG,1454,660,0,0.0
ATGATGTGTTGGCGAATCTC,3588,1734,0,0.0
ATGATGTGTTGTCTATATCG,866,451,0,0.0
ATGATGTGTTGTCTCCGGTT,1397,911,0,0.0
ATGATGTGTTTGCATTATTA,658,489,0,0.0
ATGATGTGTTTTCGTACGTA,2311,1368,0,0.0
ATGATGTTGCATAGATTGCT,3604,1652,0,0.0
ATGATGTTGCCAAGCTTCTA,675,535,0,0.0
ATGATGTTGCGTCGAGCACA,1323,448,0,0.0
ATGCAAGTACAGTCTAAGTG,1723,563,0,0.0
ATGCAAGTACATCTGCAATC,19644,4316,0,0.0
ATGCAAGTACCGAGCAGATT,1309,853,0,0.0
ATGCAAGTACTAGATATATT,3612,1597,0,0.0
ATGCAAGTACTCATTAGTAA,5063,1976,0,0.0
ATGCGTATCTCATAGGTGAG,7856,3132,0,0.0
ATGCGTATCTCGAGCAGATT,1425,1034,0,0.0
ATGCGTATCTGGATCGCTGT,7738,2304,0,0.0
ATGCTCCGACACCGAAGACA,2791,1108,0,0.0
ATGCTCCGACATAGAAGTTC,9446,2940,0,0.0
ATGCTCCGACCAAGTGCGGT,1506,844,0,0.0
ATGCTCCGACCATACACTGA,981,597,0,0.0
ATGCTCCGACCATATAATGG,4629,1981,0,0.0
ATGCTCCGACCTTATGTAGT,674,358,0,0.0
ATGCTCCGACTCACACAAGG,9777,3279,0,0.0
ATGCTCCGACTTGCAGTGGT,984,699,0,0.0
ATGGAACCAAACGGCCGAGG,1137,442,0,0.0
ATGGAACCAAGATCGAACAT,607,469,0,0.0
ATGGAACCAATCTATCGAGG,1681,558,0,0.0
ATGGCAATCCATCTGCAATC,2299,694,0,0.0
ATGGCAATCCATGTACCGTG,4256,1853,0,0.0
ATGGCAATCCCTGTAGTTGT,610,469,0,0.0
ATGGCAATCCGCCTGTTACA,1621,1012,0,0.0
ATGGCAATCCGGAATGAAGA,5443,2194,0,0.0
ATGGCAATCCTCCTTACATA,837,491,0,0.0
ATGGCTTCATCTCTTCGCAT,705,519,0,0.0
ATGGCTTCATGGCTCTAACT,7197,2627,0,0.0
ATGGCTTCATTGTACACTAT,1048,696,0,0.0
ATGGCTTCATTTACGATAAC,991,484,0,0.0
ATGGTGTGAGAACAGTCAAG,4989,1957,0,0.0
ATGGTGTGAGAGAGAACGGA,1880,995,0,0.0
ATGGTGTGAGATACCTATAT,1523,783,0,0.0
ATGGTGTGAGCGACTTCGTG,2691,1398,0,0.0
ATGGTGTGAGGCACATGGCA,2625,1041,0,0.0
ATGGTGTGAGGCTTCGGACG,719,460,0,0.0
ATGTATAGAAAGGTTGGCAG,2246,1313,0,0.0
ATGTATAGAACCACCGCATG,1172,680,0,0.0
ATGTATAGAACGGATGCCGA,892,357,0,0.0
ATGTATAGAAGTACGAGTTC,6137,1743,0,0.0
ATGTATAGAATACTAACTTG,1640,1026,0,0.0
ATGTATAGAATATGCCGATG,3678,1477,0,0.0
ATGTCGAGAGAACGATGCGC,1311,870,0,0.0
ATGTCGAGAGTTGAGGACAT,699,555,0,0.0
ATGTCTCAACGCATGCGGCA,7830,2659,0,0.0
ATGTCTCAACTGTATCACCA,6377,2520,0,0.0
ATGTCTTGTCCATAACTGTA,6089,2008,0,0.0
ATGTCTTGTCCATGACCACG,1497,858,0,0.0
ATGTCTTGTCCCACGTGGCT,928,512,0,0.0
ATGTCTTGTCGATACGACTC,4589,1498,0,0.0
ATGTCTTGTCGTATCAGTGA,2031,1240,0,0.0
ATGTCTTGTCTATATAGACC,1533,757,0,0.0
ATGTGCACTAAACGAAGGAA,2507,1174,0,0.0
ATGTGCACTACCACTGGAAC,1082,782,0,0.0
ATGTGCACTACGAATATTAT,1351,853,0,0.0
ATGTGCACTAGCTTCGGACG,4073,1681,0,0.0
ATGTGCACTAGTAGATATAT,10048,3386,0,0.0
ATGTGCCTGGATTCCACTTC,2807,1624,0,0.0
ATGTGCCTGGCAGGAACTTA,2570,528,0,0.0
ATGTTGAACCACACTTCGAT,2987,1189,0,0.0
ATGTTGAACCACTTAGGCAG,3184,1688,0,0.0
ATGTTGAACCAGTCAGACAA,10459,2576,0,0.0
ATGTTGAACCGACCACTATT,1485,1025,0,0.0
ATGTTGAACCGGTCCGGACC,768,408,0,0.0
ATTAACAGTCCGTTAAGTTC,2043,470,0,0.0
ATTAACAGTCGTATAAGGTC,2599,636,0,0.0
ATTAACAGTCTAGACGTCTA,627,475,0,0.0
ATTAACCGATATACGGCCTC,981,585,0,0.0
ATTAACCGATCAGATTATCC,971,494,0,0.0
ATTAACCGATCCTGCAGCCA,588,473,0,0.0
ATTAACCGATCTCAATGACA,2298,1149,0,0.0
ATTAACCGATTTCAACGGCG,726,473,0,0.0
ATTAACCGATTTGCAGTGGT,3607,1513,0,0.0
ATTAAGGTACATGACACTGG,3443,1631,0,0.0
ATTAAGGTACCGCTGAATGA,866,642,0,0.0
ATTAAGGTACGGTCCTACTG,5835,2185,0,0.0
ATTACCGATCCTCAAGGAGT,1598,984,0,0.0
ATTACCGATCGGTCTGTGAC,1328,736,0,0.0
ATTACCGATCTTACACGCAC,5507,2218,0,0.0
ATTAGAAGATATCATACTTA,758,572,0,0.0
ATTAGAAGATATCATCAACA,4050,1767,0,0.0
ATTAGACATAAGACAAGAAC,3180,1794,0,0.0
ATTAGACATAGCTCAAGTTC,5019,1648,0,0.0
ATTAGACATAGGCATCAGCG,12024,2815,0,0.0
ATTAGACATATCAGAACAGA,1671,930,0,0.0
ATTAGACATATGAATTCGGA,910,598,0,0.0
ATTAGTGTCGATTAGTAGGA,1048,567,0,0.0
ATTAGTGTCGCGCAGATCTA,2665,987,0,0.0
ATTAGTGTCGTAGAGCTAGT,774,564,0,0.0
ATTAGTGTCGTATAGAGTTC,3599,1768,0,0.0
ATTAGTGTCGTTGTGACTCG,611,439,0,0.0
ATTCAATCCTACAATCACCG,844,475,0,0.0
ATTCAATCCTAGAGAACGGA,805,385,0,0.0
ATTCAATCCTCACGAGAAGT,1605,939,0,0.0
ATTCAATCCTGCGCCAATAT,576,419,0,0.0
ATTCAATCCTGGAGGTTATT,2304,1267,0,0.0
ATTCATAGCGATAGAGACTA,931,573,0,0.0
ATTCATAGCGGACTAATTCT,1896,444,0,0.0
ATTCATAGCGGAGATTAGTT,749,331,0,0.0
ATTCATAGCGGCGCTAATGA,767,589,0,0.0
ATTCATAGCGTCACTAAGCA,9042,2819,0,0.0
ATTCATAGCGTCTTGCTGCT,844,392,0,0.0
ATTCATAGCGTGGCTTCTCG,1875,1122,0,0.0
ATTCCGTAACCACACTGCAT,2351,1216,0,0.0
ATTCCGTAACCTCCTTGCCG,732,439,0,0.0
ATTCCGTAACTGAATTGCAT,1037,593,0,0.0
ATTCCTTCGGACTCGAACGT,2703,1143,0,0.0
ATTCCTTCGGCATCCACGCC,2687,1480,0,0.0
ATTCCTTCGGCCGCACTGTC,4498,1440,0,0.0
ATTCCTTCGGGAAGTCCTAG,3738,1841,0,0.0
ATTCCTTCGGTGCTATTGTG,2495,1038,0,0.0
ATTCCTTCGGTGTTGCGGTT,1299,565,0,0.0
ATTCCTTCGGTTACATCAAG,724,499,0,0.0
ATTCCTTCGGTTGAGGCGGC,5145,1779,0,0.0
ATTCGACCTTGAGTATCGGT,9256,2853,0,0.0
ATTCGACCTTGGTATGTGGA,807,452,0,0.0
ATTCGACCTTTAGTGTCATG,1357,983,0,0.0
ATTCGACCTTTGTAGCTTCA,6541,2842,0,0.0
ATTCGGCTACAGGTTGGCAG,6360,2479,0,0.0
ATTCGGCTACCCGATTAAGC,1204,667,0,0.0
ATTCGGCTACTGCTGCCTTC,3293,1447,0,0.0
ATTGAGAGGTAACTTATTAA,2607,1289,0,0.0
ATTGAGAGGTACAGGTTCCA,8217,3249,0,0.0
ATTGAGAGGTGCAGCTCGTG,1415,394,0,0.0
ATTGAGAGGTTTCTTGGTAC,4376,1616,0,0.0
ATTGCCAACGAAGCACCGAT,1698,832,0,0.0
ATTGCCAACGATATCGTCCA,561,418,0,0.0
ATTGCCAACGCGAATGTTGC,964,591,0,0.0
ATTGCCAACGCTATGCTTCG,1766,984,0,0.0
ATTGCCAACGCTCCTGGATA,908,449,0,0.0
ATTGCCAACGGCCGACTCTT,1048,599,0,0.0
ATTGCCAACGGTAATGCTGA,874,661,0,0.0
ATTGCCAACGTCTCTCGGCG,533,424,0,0.0
ATTGTAGCCTACAGGCCTGT,6218,1897,0,0.0
ATTGTAGCCTGATTAGCCTC,709,503,0,0.0
ATTGTAGCCTTGAACGAGGT,3762,1769,0,0.0
CAACACCTGTAAGCAATTGG,797,607,0,0.0
CAACACCTGTTCTCTATCCA,2061,578,0,0.0
CAACAGGCTTATGGACCATA,4483,2154,0,0.0
CAACAGGCTTGCGCGGAGCC,4378,1748,0,0.0
CAACAGGCTTTAGCCATATG,9770,2986,0,0.0
CAACCACGATAACCTTCAGC,1269,896,0,0.0
CAACCACGATACGTCCAGTC,4706,1673,0,0.0
CAACCACGATAGTCAGGTCC,2739,1326,0,0.0
CAACCACGATATGTCACGCT,4433,1316,0,0.0
CAACCACGATGGTGGATTAG,6048,2202,0,0.0
CAACCACGATGTTGATGCCT,1000,688,0,0.0
CAACCACGATTGTACGGTAG,1280,699,0,0.0
CAACTACGGAAATTCGAGGT,4768,2210,0,0.0
CAACTACGGAGTGGTAGTAT,5716,2196,0,0.0
CAACTACGGATTCTCTATGA,4812,1976,0,0.0
CAACTTGCCTATCAAGTAAG,2520,914,0,0.0
CAACTTGCCTATCGAGTCCT,1166,657,0,0.0
CAACTTGCCTATTCTCCATA,1017,605,0,0.0
CAACTTGCCTCACTTGTAAG,10102,3285,0,0.0
CAACTTGCCTCCTTCGCGTC,1956,1132,0,0.0
CAACTTGCCTTAACACGATT,1732,1175,0,0.0
CAACTTGCCTTGCACCACAG,7329,2942,0,0.0
CAAGATCGGACGAACTGGAC,1350,737,0,0.0
CAAGATCGGACTTATGCACA,2871,289,0,0.0
CAAGATCGGAGTAGGCATGC,1232,717,0,0.0
CAAGATCGGATACACCGATA,2153,1283,0,0.0
CAAGCATGGAACAGCTGGCA,562,325,0,0.0
CAAGCATGGAACGCGCTGCG,1043,728,0,0.0
CAAGCATGGAGTTGAGGTTG,1593,877,0,0.0
CAAGCCTACTCTGGCAATGG,1657,943,0,0.0
CAAGCCTACTGGAATCCGGT,1158,655,0,0.0
CAAGCCTACTTCTCTTACGC,893,672,0,0.0
CAAGTAGTGGAGGCATACCA,2029,1204,0,0.0
CAAGTAGTGGGCGCTAATGA,1271,731,0,0.0
CAAGTAGTGGGGTGGCCACC,4041,956,0,0.0
CAATAAGTCAAATACCTCGT,1267,811,0,0.0
CAATAAGTCAACTGAACGCC,1685,931,0,0.0
CAATAAGTCAAGGTACGCGG,1485,423,0,0.0
CAATAAGTCACCTACGCAAC,2858,540,0,0.0
CAATAAGTCACTCTCCACCA,5754,2307,0,0.0
CAATAAGTCAGCCGCCATCA,874,535,0,0.0
CAATAAGTCAGTACGAGTTC,3138,1345,0,0.0
CAATAAGTCAGTATAAGGTC,980,595,0,0.0
CAATAAGTCATAGACGTCTA,4521,1589,0,0.0
CAATACGTACACCGAAGACA,642,499,0,0.0
CAATACGTACCCGGAATCGT,9499,2638,0,0.0
CAATACGTACGTTCTGATAC,1810,999,0,0.0
CAATACGTACTCCTCGGACT,1909,1102,0,0.0
CAATAGCTTCAGCCGTGACC,2848,1230,0,0.0
CAATAGCTTCAGGCTCGCCT,8393,2628,0,0.0
CAATAGCTTCCAACACACAC,3085,1295,0,0.0
CAATAGCTTCCCGCCTTGGT,5345,2205,0,0.0
CAATAGCTTCCGAATCTCCG,809,573,0,0.0
CAATAGCTTCGACCACTATT,4316,1887,0,0.0
CAATAGCTTCGTATTCCAGG,648,260,0,0.0
CAATAGCTTCGTGGCTTCTA,3253,1027,0,0.0
CAATAGCTTCTCATTACGAG,1494,873,0,0.0
CAATAGCTTCTCGATCGCCT,3542,1851,0,0.0
CAATAGCTTCTGGCAAGACA,6415,1995,0,0.0
CAATAGCTTCTTAGCTGGAG,1792,1017,0,0.0
CAATCTCGGTGCACGAACAG,1949,1185,0,0.0
CAATGCGCCACAAGCTTCTA,1673,315,0,0.0
CAATGCGCCAGAATGCTAGC,1479,529,0,0.0
CAATGCGCCAGGCTCGTAGA,4981,2425,0,0.0
CAATGGCCTAAAGTTCAGGT,2103,851,0,0.0
CAATGGTCGGATGTCTGTAA,1428,744,0,0.0
CAATGGTCGGTACTCCAGCC,8442,3429,0,0.0
CAATGTATCTCCGTACTTCC,3111,1459,0,0.0
CAATGTATCTGCACGACGTA,2176,927,0,0.0
CAATTGGATGCGATGTGCTT,3852,1517,0,0.0
CAATTGGATGGTCGTCCAAT,1150,709,0,0.0
CAATTGGATGTAACCATCCT,5058,2194,0,0.0
CACAACGGACGCAGCCTAAC,2843,1602,0,0.0
CACAACGGACGGCTGCTGCT,773,504,0,0.0
CACAACGGACTCGGTATAAT,4042,1773,0,0.0
CACACATCTCCTGTGTGGTC,2081,1132,0,0.0
CACACATCTCTCTCAAGAAT,1134,540,0,0.0
CACACTTGTAAGAGGTCGTT,1520,948,0,0.0
CACACTTGTAATTCCACGGT,8687,2100,0,0.0
CACACTTGTACGGTTCGTAT,614,419,0,0.0
CACACTTGTATAGCTGAACC,2027,1094,0,0.0
CACACTTGTATCAATCACGC,2548,1503,0,0.0
CACAGACGGCGCCAGCGGAA,8183,3142,0,0.0
CACAGACGGCGCCGCCATCA,3871,1172,0,0.0
CACAGACGGCGGATAGAGAT,2301,1217,0,0.0
CACAGACGGCTTGTAGCCGA,2069,923,0,0.0
CACAGTTGCTAAGAGGAGAT,2494,1328,0,0.0
CACAGTTGCTATCATCAACA,8141,2118,0,0.0
CACAGTTGCTCACTATAAGA,1474,661,0,0.0
CACATACACCCGCACACAGA,8561,2935,0,0.0
CACATAGCCAGCACTAATTC,591,415,0,0.0
CACATAGCCAGTCAATTAAT,1772,758,0,0.0
CACATAGCCAGTGGCTTCTA,1805,1161,0,0.0
CACATGACAGAGACGGATGT,4730,1617,0,0.0
CACATGACAGCCGCCTTGGT,2013,1030,0,0.0
CACATGACAGCGGCACCTTC,810,303,0,0.0
CACATGACAGCGGTAGTCAT,1054,757,0,0.0
CACATGACAGGTTGATGCCT,739,500,0,0.0
CACATTACCTAATGGCGTGA,1472,577,0,0.0
CACATTACCTGAGATGAATC,641,524,0,0.0
CACATTACCTTCAACGGCAC,964,706,0,0.0
CACATTACCTTGCTATCCGT,4112,1975,0,0.0
CACCACACCTAATATCCGCG,4377,1796,0,0.0
CACCACACCTACTTGGAGAC,1361,416,0,0.0
CACCACACCTATTCATCCAG,1536,934,0,0.0
CACCACACCTGAGTATCGGT,2417,1277,0,0.0
CACCACACCTGCCAGAATGT,22998,5422,0,0.0
CACCACACCTGGCTTAGACC,4000,830,0,0.0
CACCACACCTTCATAGCTCA,2697,1153,0,0.0
CACCACACCTTGAGTTGTCC,1174,710,0,0.0
CACCACACCTTGATTAGCTG,1847,1170,0,0.0
CACCACACCTTTCGTACGTA,6113,2391,0,0.0
CACCATCATTAATGGCGTGA,14854,4125,0,0.0
CACCATCATTGCGGCATAGC,6139,2042,0,0.0
CACCATGGCCCTCGAGAGCG,1247,600,0,0.0
CACCGAACGTAGAGCTCGCC,5864,1930,0,0.0
CACCGAACGTAGGCCTACTT,2373,1296,0,0.0
CACCGAACGTGATCGAACAT,1136,577,0,0.0
CACCGAACGTGATGATCCGC,570,432,0,0.0
CACCGAACGTGGATCGCTGT,3137,1290,0,0.0
CACCTGTGCGAATTCGAGGT,3417,1578,0,0.0
CACCTGTGCGACGACAAGTG,1782,1059,0,0.0
CACCTGTGCGCGGTTCGTAT,1546,691,0,0.0
CACCTGTGCGGAGACTTCGG,7828,2526,0,0.0
CACGAATGTTAGAAGCATCT,3163,1542,0,0.0
CACGAATGTTGCAGCTCTAA,3314,1553,0,0.0
CACGAATGTTGTGGCCTGCT,1007,682,0,0.0
CACGAATGTTTAACTGATGG,598,332,0,0.0
CACGAATGTTTGCCTCAATG,5870,2208,0,0.0
CACGCCGGCCCACCTACCGC,804,533,0,0.0
CACGCCGGCCGTTATCTATA,2191,1107,0,0.0
CACGGACCACCGAATCTCCG,6276,2431,0,0.0
CACGGACCACCGGTATTGCG,4480,2043,0,0.0
CACGGACCACCTGGAAGCCG,2422,1552,0,0.0
CACGGACCACCTTAGCTATT,1070,758,0,0.0
CACGGACCACCTTGGCTTAT,777,441,0,0.0
CACGGACCACGCTATAGTAT,8907,2854,0,0.0
CACGGACCACTAATATTAAC,3505,1654,0,0.0
CACGGACCACTTCAATTGAG,978,600,0,0.0
CACGGTGACCCGGCACCTTC,657,408,0,0.0
CACGGTGACCGACGAGTTCC,3453,1263,0,0.0
CACGGTGACCGGCTGCTGCT,2523,479,0,0.0
CACGGTGACCTAGGCGTTCA,13851,3303,0,0.0
CACGTAGGTGATTCTGGCTG,3933,1107,0,0.0
CACGTAGGTGGCACGTCAGT,2694,1415,0,0.0
CACGTAGGTGGTGATCGAGA,2271,1211,0,0.0
CACGTCAGGAAGTCGCGCGC,3872,1523,0,0.0
CACGTCAGGATCACACAAGG,1605,1072,0,0.0
CACTAACATAATTCGGAACA,2050,880,0,0.0
CACTAACATACAAGCTAGCT,5230,1998,0,0.0
CACTAACATACAGCCGTTAA,5320,2395,0,0.0
CACTAACATACTTGTGGCGA,673,483,0,0.0
CACTAACATAGGATCGCTGT,1888,684,0,0.0
CACTAACATAGTGCACCAGC,828,598,0,0.0
CACTAACATATGAACAGAAG,4008,1488,0,0.0
CACTCACTAGATAGATTGCT,4525,1725,0,0.0
CACTCACTAGCCGATGTAAG,1844,1062,0,0.0
CACTCACTAGGCGTAACGTC,6392,2758,0,0.0
CACTCACTAGGGTGTTAATC,1292,851,0,0.0
CACTCACTAGGTAGCACGGC,3177,1678,0,0.0
CACTCGAGTGAGGCTCGCCT,1001,724,0,0.0
CACTCGAGTGATTCAACGTA,1631,941,0,0.0
CACTCGTTCTCGGACGTCCG,9766,3436,0,0.0
CACTCGTTCTCGTGCACGGA,1294,862,0,0.0
CACTCGTTCTCTTCGCAATA,7611,2707,0,0.0
CACTCGTTCTGAAGCTCATA,558,409,0,0.0
CACTCGTTCTGTCAGGTCGG,1688,1028,0,0.0
CACTCGTTCTTTCTTGGTAC,1520,959,0,0.0
CACTGGCCGCAAGTTATGGC,20281,5317,0,0.0
CACTGGCCGCACCATCACTC,5908,1991,0,0.0
CACTGGCCGCGCACCGAATC,1833,899,0,0.0
CACTGGCCGCGCGCTCATAC,788,520,0,0.0
CACTTCCTGTCCTTCGCTAT,682,564,0,0.0
CACTTCCTGTGAGGATATTA,1441,894,0,0.0
CACTTCCTGTGATGGCAATG,18243,4960,0,0.0
CACTTGATGAACGAGGTGAG,8640,2925,0,0.0
CACTTGATGATATACATAGT,641,502,0,0.0
CACTTGATGATGAATTGCAT,1219,632,0,0.0
CACTTGATGATTCAATCAGC,2263,1227,0,0.0
CAGAACTCTTACCGTACGGT,1049,640,0,0.0
CAGAACTCTTGGTCTTCACA,3581,1776,0,0.0
CAGAAGATGGGTTGATGGTA,801,556,0,0.0
CAGAAGATGGTTGCCACTCC,2141,1345,0,0.0
CAGACCAGCCACGCGCATAG,602,491,0,0.0
CAGACCAGCCATACTTCACA,4963,2155,0,0.0
CAGACCAGCCCGAATATTAT,1696,832,0,0.0
CAGACGCCATCATTGGAGGA,2514,1328,0,0.0
CAGACGCCATCGCGTCTGCT,3160,1134,0,0.0
CAGAGCCGAAATTGCGTTCG,1464,870,0,0.0
CAGAGCCGAACATGCTGACG,644,485,0,0.0
CAGAGCCGAACGAATATTAT,4217,1712,0,0.0
CAGAGCCGAACGGACGTCCG,1050,588,0,0.0
CAGAGCCGAACTCGAGTATA,5651,2279,0,0.0
CAGAGCCGAAGAACCTGCCA,3108,1746,0,0.0
CAGAGCCGAATAGCGAAGTT,5326,2260,0,0.0
CAGAGGTCACGACCACTGAA,1336,671,0,0.0
CAGAGGTCACTGTAGCTTCA,5050,1667,0,0.0
CAGATATAGCCCGACAACGC,3975,1859,0,0.0
CAGATATAGCCGTTGCATGG,967,485,0,0.0
CAGATATAGCTGCTCCAGTT,1068,729,0,0.0
CAGATCTATAACACTCTATC,2289,1070,0,0.0
CAGATCTATAGCGCACGTCC,12479,3210,0,0.0
CAGATCTATAGGCATTAATG,780,597,0,0.0
CAGATCTATATATGGCTTAG,652,449,0,0.0
CAGCAGCGGTAAGTCGGTGG,8055,2748,0,0.0
CAGCAGCGGTTAAGCATCGC,986,717,0,0.0
CAGCAGCGGTTAGAGCTAGT,3698,1303,0,0.0
CAGCAGTATAAGATATGATC,506,402,0,0.0
CAGCAGTATAGGACCTAGTA,9364,2734,0,0.0
CAGCATCGAAAGTCTAAGTG,791,568,0,0.0
CAGCCTATACACCGAAGACA,12804,4504,0,0.0
CAGCCTATACCATTCGGACT,678,297,0,0.0
CAGCCTATACCGTCAATAAC,2630,1429,0,0.0
CAGCCTATACCTAATAGCCT,8780,3071,0,0.0
CAGCCTATACCTGTGAAGGA,1535,1038,0,0.0
CAGCCTATACGAAGTCCTAG,1467,767,0,0.0
CAGCCTATACGAATTGTTAA,4456,2052,0,0.0
CAGCCTATACGTACGTCAAC,5798,2312,0,0.0
CAGCCTCGCGATACAACAAT,11594,2285,0,0.0
CAGCCTCGCGCGAGGAGTAC,1712,911,0,0.0
CAGCCTCGCGTCTTGCCAAT,1006,322,0,0.0
CAGCGTGCAAAATGACGGCC,1029,528,0,0.0
CAGCGTGCAAACGACCTTCG,510,322,0,0.0
CAGCGTGCAACAACCTCTCA,2591,1331,0,0.0
CAGCGTGCAACTGGAGAAGC,699,550,0,0.0
CAGCGTGCAAGATGCTCTCA,1134,275,0,0.0
CAGCGTGCAAGGAGTTAAGG,1069,546,0,0.0
CAGCTATGATATACGTGCCA,2813,1593,0,0.0
CAGCTATGATTAGAGCTAGT,10753,3528,0,0.0
CAGCTATGATTAGCCGATTC,3525,1507,0,0.0
CAGCTATGATTGATAAGGCC,8725,2945,0,0.0
CAGCTGTTGTAACGTTGGTC,931,547,0,0.0
CAGCTGTTGTAGTACCAGCG,4978,2165,0,0.0
CAGCTGTTGTGGCGAATCTC,1897,986,0,0.0
CAGCTGTTGTTTACCGGTGG,4082,1685,0,0.0
CAGGACAACTACGTACCATT,1239,805,0,0.0
CAGGACAACTAGTGTATATT,1391,907,0,0.0
CAGGACAACTCCTGCTGTAG,11967,3438,0,0.0
CAGGACAACTCGGTGTAGCC,1816,1069,0,0.0
CAGGACAACTGGACCTTGCG,1329,852,0,0.0
CAGGACAACTTACCAGCCAA,2194,1327,0,0.0
CAGGACAACTTCGCTTACCG,1389,943,0,0.0
CAGGACAACTTCTCAAGAAT,2527,1342,0,0.0
CAGGACCGAGGCAAGGTGAT,3293,656,0,0.0
CAGGACCGAGGTAGCACGGC,2773,1297,0,0.0
CAGGACGCACCTTACACTAC,3621,1570,0,0.0
CAGGACGCACTTACACGCAC,5140,2323,0,0.0
CAGGATGCCACGCGTTGACG,2708,1454,0,0.0
CAGGATGCCAGCCAGCGGAA,679,520,0,0.0
CAGGATGCCAGTATGTAGCA,3256,1427,0,0.0
CAGGATGCCAGTCGCGAACC,941,519,0,0.0
CAGGTCAGTCCATGCCACAC,2497,1298,0,0.0
CAGGTCAGTCGAACTCCGTT,4176,2219,0,0.0
CAGGTCAGTCTGTACGGTAG,785,456,0,0.0
CAGGTGTCGAACCGACCGAC,1558,574,0,0.0
CAGGTGTCGACATAGGTGAG,3548,1582,0,0.0
CAGGTGTCGACGCCATTAGG,1831,447,0,0.0
CAGGTGTCGAGAGCTTGGAT,2829,1258,0,0.0
CAGGTGTCGATCTCCTACAG,2331,1060,0,0.0
CAGTAGCTCAAGATATGATC,708,363,0,0.0
CAGTAGCTCAGAGCGCATAA,2066,1167,0,0.0
CAGTAGCTCAGGCCGCTCAC,2097,1052,0,0.0
CAGTAGCTCAGTGCAGCGGA,1814,870,0,0.0
CAGTCAACGTACGGTGCGCA,968,348,0,0.0
CAGTCAACGTCTCAACAACG,10087,2973,0,0.0
CAGTCAACGTCTTCCTCCTG,861,636,0,0.0
CAGTCAACGTGACGAGAGTG,2605,894,0,0.0
CAGTCAACGTTATGCTCTTG,1654,1036,0,0.0
CAGTCAACGTTTACGAGCTG,1864,915,0,0.0
CAGTCACCTCCATACACTGA,1752,629,0,0.0
CAGTCACCTCGGACGGTATA,13986,4630,0,0.0
CAGTGCGGACCGTGCATGTT,5026,2139,0,0.0
CAGTGCGGACGACGCGCCAC,2710,1449,0,0.0
CAGTGCGGACGGACCTAGTA,1114,632,0,0.0
CAGTGTATTGCCGTCGCCAC,4992,1897,0,0.0
CATAACATAGATCTGTGTAC,3211,1372,0,0.0
CATAACATAGCTTGGTGTTC,3533,1599,0,0.0
CATAATACTGAACCAATAAG,625,500,0,0.0
CATAATACTGACCGGCCACA,6616,2550,0,0.0
CATAATACTGATAATTGCAA,3568,1373,0,0.0
CATAATACTGCGTGTGGTGT,1656,834,0,0.0
CATACCTAGAACGGTTCGTT,7355,2953,0,0.0
CATACCTAGAAGACAAGAAC,637,487,0,0.0
CATACCTAGAGACCAGTAAC,1827,1178,0,0.0
CATACCTAGAGTGCACCAGC,857,558,0,0.0
CATAGAACAGACACAAGTAT,15567,4167,0,0.0
CATAGAACAGCACGCGCACC,2907,1238,0,0.0
CATAGAACAGCTTACACTAC,779,590,0,0.0
CATAGAACAGGATCGAACAT,2405,1162,0,0.0
CATAGAACAGTCAGCCGGTT,7275,1781,0,0.0
CATAGAACAGTGTACGGTAG,1131,383,0,0.0
CATAGAACAGTTATCAAGGA,1558,925,0,0.0
CATAGATGGTAGCGAGAACC,11373,2250,0,0.0
CATAGATGGTCCTTAGGCTC,1100,524,0,0.0
CATAGATGGTCGCACGAATT,2678,1011,0,0.0
CATAGATGGTTGATGCTCTA,911,253,0,0.0
CATAGGTACTATTCCACTTC,704,512,0,0.0
CATAGGTACTCTAATCATCG,4189,1977,0,0.0
CATAGGTACTGAGAACCTAA,1008,686,0,0.0
CATAGGTACTTTACCGGTGG,776,515,0,0.0
CATAGGTACTTTGCCTTAGG,10285,3119,0,0.0
CATCAAGGACCGCTATATCC,1883,530,0,0.0
CATCACAATCGCCTGCGCAT,3333,1221,0,0.0
CATCACAATCTAACTGATGG,981,666,0,0.0
CATCACAATCTCATAGCTCA,652,493,0,0.0
CATCACTGCGATAGATTGCT,639,495,0,0.0
CATCACTGCGGCTCCTAGCT,5222,1537,0,0.0
CATCACTGCGTAACAGCTGA,605,291,0,0.0
CATCACTGCGTTAATACCAA,2991,1159,0,0.0
CATCATGTCGCAAGCTTCTA,3280,357,0,0.0
CATCATGTCGCACGGATGAG,791,600,0,0.0
CATCATGTCGGCTGTGACAA,3313,759,0,0.0
CATCATGTCGTAGGAGATCG,1779,990,0,0.0
CATCGAATGCAAGCACCGAT,690,497,0,0.0
CATCGAATGCGACCTGTGAT,817,522,0,0.0
CATCGAATGCGGCCGCTCAC,1846,1069,0,0.0
CATCTGATCTCCTCTCATCG,5041,2022,0,0.0
CATCTGATCTGGATCATAGC,1442,706,0,0.0
CATCTGATCTGGCTCGTAGA,3564,1695,0,0.0
CATCTGCCGAACGTACCATT,3519,1829,0,0.0
CATCTGCCGAACTTGAATCC,6754,2330,0,0.0
CATCTGCCGAATCCTGTATT,908,668,0,0.0
CATCTGCCGACTGTGTGGTC,798,574,0,0.0
CATCTGCCGATGTTACATCA,2405,1262,0,0.0
CATCTGGAGGGTCTGATTAT,4829,2136,0,0.0
CATGAAGTGAACGTACATAA,937,696,0,0.0
CATGAAGTGAATGACATCTC,4362,1627,0,0.0
CATGAAGTGACTATCATCCG,3187,1695,0,0.0
CATGAAGTGAGAACGGTTGA,7424,2675,0,0.0
CATGAAGTGAGATAGTACGC,12682,3497,0,0.0
CATGCGTCCGGTTGATGGTA,898,572,0,0.0
CATGCGTCCGTATAGAGTTC,737,481,0,0.0
CATGGAGATGACGTAATCGA,508,412,0,0.0
CATGGAGATGCCAGAGCAGC,1680,999,0,0.0
CATGGAGATGGTCTACTGAT,2771,1189,0,0.0
CATGGAGATGTATAGTGTCT,1110,347,0,0.0
CATGGTCTACACGTACCATT,1130,650,0,0.0
CATGGTCTACGTACTGGTAG,1058,778,0,0.0
CATGGTCTACTGGAGGCAAT,1099,749,0,0.0
CATGTGCCATATTAGTAGGA,4455,1589,0,0.0
CATGTGCCATCAGTCGATCC,4225,2192,0,0.0
CATGTGCCATCAGTGTTGGA,1914,1033,0,0.0
CATGTGCCATGAATTGTTAA,3816,1765,0,0.0
CATGTGCCATGAGTATCGGT,3856,1885,0,0.0
CATGTGTACCAGACGGATGT,2973,604,0,0.0
CATGTGTACCAGGAGATACT,3800,823,0,0.0
CATGTGTACCAGTCGCGCGC,1384,789,0,0.0
CATGTGTACCCAACGCGTTG,3446,1705,0,0.0
CATGTGTACCTACTTCCACG,1532,977,0,0.0
CATTCGAATCAGGCTCGCCT,1908,1264,0,0.0
CATTCGAATCCAGGACTATC,7982,2112,0,0.0
CATTCGAATCCTGGCTTACC,3429,474,0,0.0
CATTCGAATCGTCCAGAGTT,966,696,0,0.0
CATTCGAATCTAACAGCTGA,2409,1389,0,0.0
CATTCTCTCCGCGCTAGCAT,2267,1091,0,0.0
CATTCTCTCCGCGGCTGGTT,3570,1147,0,0.0
CATTCTCTCCTGCCTTCTTC,961,674,0,0.0
CATTCTTGCTAAGCGGTCAA,7999,2659,0,0.0
CATTGTGTATAAGTGTCGCG,977,634,0,0.0
CATTGTGTATAGTGACCTAT,9406,3237,0,0.0
CATTGTGTATCTCATTCCGG,4740,2042,0,0.0
CATTGTGTATGCAACGGAGC,1016,715,0,0.0
CATTGTGTATTCTCTCGGCG,657,507,0,0.0
CCAACAGTGGCTTAGGCCAA,2186,1027,0,0.0
CCAATATGAAACGGTATATC,5189,1482,0,0.0
CCAATATGAACTCCGCCAAT,8038,2026,0,0.0
CCAATATGAATAAGGACTGC,7045,2435,0,0.0
CCAATATGAATTCATCGTCC,851,671,0,0.0
CCAATCAGTCAGCTTGTGTC,1127,539,0,0.0
CCAATCAGTCGTATGTAGCA,1138,651,0,0.0
CCAATCAGTCTCAAGTCCTC,611,490,0,0.0
CCAATCAGTCTCCTCATGTT,5330,2112,0,0.0
CCAATCAGTCTCTCTTACGC,4381,707,0,0.0
CCACAGCGTTAGGTTGGCAG,1937,1011,0,0.0
CCACAGCGTTATGAGTTCAC,1474,975,0,0.0
CCACAGCGTTCGAATATTAT,4043,1968,0,0.0
CCACGACAAGACCTGCCTAT,4154,1671,0,0.0
CCACGACAAGATGTCTGTAA,4488,1618,0,0.0
CCACGACAAGCGAACGTGAA,2644,1359,0,0.0
CCACGACAAGGCGAAGATAG,2039,741,0,0.0
CCACTAGTCTTTGAGTAGAA,785,500,0,0.0
CCACTCAAGTACCTGCCTAT,10526,3319,0,0.0
CCACTCAAGTACTATATTGC,872,532,0,0.0
CCACTCAAGTGCGGCCAACC,1789,472,0,0.0
CCACTCAAGTTGGCTTCTCG,3647,1849,0,0.0
CCACTCAAGTTTGGTCCAGC,2204,1128,0,0.0
CCACTCACCAACTGGTTATC,1724,1047,0,0.0
CCACTCACCACAAGCCGGAG,1291,463,0,0.0
CCACTCACCACCAAGAGCGC,8692,3025,0,0.0
CCACTCACCACCGATGTAAG,1267,598,0,0.0
CCACTCACCACTCGGACTAG,6362,1866,0,0.0
CCAGCGCGGAATAGAGACTA,2002,1166,0,0.0
CCAGCGCGGACACTAAGGAG,825,371,0,0.0
CCAGCGCGGACTTGGCACTT,745,571,0,0.0
CCAGCGCGGAGCGCTTGCGG,2531,1105,0,0.0
CCAGCGCGGATAGGCGTTCA,1300,781,0,0.0
CCAGCGCGGATGAGCGACCA,4163,1777,0,0.0
CCAGCGTCCACTAAGTCTTG,1910,958,0,0.0
CCAGCGTCCAGACCACTGAA,18740,5153,0,0.0
CCAGCGTCCATATAATCCGG,2085,1231,0,0.0
CCAGCGTCCATCTGTATGTT,2515,1203,0,0.0
CCAGCGTCCATTCAATCAGC,2877,1113,0,0.0
CCAGGACTATAGGACACTCC,3513,1489,0,0.0
CCAGGACTATATACTATGTT,1350,808,0,0.0
CCAGGACTATCTAACACAGG,5993,2664,0,0.0
CCAGGACTATGATGGCAATG,906,557,0,0.0
CCAGGACTATTCCTCATGTT,2309,1330,0,0.0
CCAGTAGGAGATTCGGAACA,1596,1004,0,0.0
CCAGTAGGAGCAGACAGCTA,7810,2217,0,0.0
CCAGTAGGAGCCGTCGCCAC,16927,4259,0,0.0
CCAGTAGGAGGCGAGCAGTT,3182,1026,0,0.0
CCAGTAGGAGGCGTCGCATT,604,430,0,0.0
CCATACAGCTAATTCTCGAA,851,515,0,0.0
CCATACAGCTACGACCTTCG,1769,1094,0,0.0
CCATACAGCTCCTCATCGTG,3520,1911,0,0.0
CCATACAGCTTTAACGGTCT,1174,838,0,0.0
CCATCAGAATCAAGAGAGAG,4054,1729,0,0.0
CCATCAGAATCGAATATTAT,10747,3593,0,0.0
CCATCAGAATGGCCTGGAGA,4231,1921,0,0.0
CCATCGAACCAATGGCGTGA,816,606,0,0.0
CCATCGAACCAGACTCTCCA,1525,432,0,0.0
CCATCGAACCGCTCTCACAG,2183,1227,0,0.0
CCATCGGCGACATCTTGAAC,8231,3116,0,0.0
CCATCGGCGACTAAGTCTTG,8050,2747,0,0.0
CCATCGGCGAGTCGTCAAGC,8794,3077,0,0.0
CCATCGGCGATCTTACTGTA,4136,1911,0,0.0
CCATCGGCGATTAAGCCGCC,500,241,0,0.0
CCATCGTAAGAGTAGAGTAA,1630,798,0,0.0
CCATCGTAAGCCGCCTTGGT,2598,1380,0,0.0
CCATCGTAAGGCTCTGCATC,2797,1285,0,0.0
CCATCGTAAGGTCTCCGGTT,2574,1321,0,0.0
CCATCTGTCGTGGCTATACC,2176,881,0,0.0
CCATGAGGCCATGGACCATA,1070,693,0,0.0
CCATGAGGCCATTGTAATGT,5167,1544,0,0.0
CCATGAGGCCGTTCTGCGGT,5811,2166,0,0.0
CCATTGCTGCACGGTATATC,1077,347,0,0.0
CCATTGCTGCATTGCTTAGC,887,560,0,0.0
CCATTGCTGCGCATTACCGG,3432,1646,0,0.0
CCATTGCTGCGCCGCCATCA,870,621,0,0.0
CCATTGCTGCGGCATTAATG,2321,1239,0,0.0
CCATTGCTGCGTGTCATTCC,2213,952,0,0.0
CCATTGCTGCTGGACCTGTG,13470,3474,0,0.0
CCGAAGCTGACGGTCGCGCG,1269,746,0,0.0
CCGAAGCTGAGTCGGTAAGA,3654,1470,0,0.0
CCGAAGCTGAGTTCAATTCC,2902,1611,0,0.0
CCGAAGCTGATACTTCCACG,925,684,0,0.0
CCGAAGCTGATGCTGCCTTC,1933,1056,0,0.0
CCGAAGCTGATTGTGACTCG,3051,1566,0,0.0
CCGAATTACTAACGCGGACA,1034,492,0,0.0
CCGAATTACTACACCGGTGT,3012,1545,0,0.0
CCGAATTACTAGAAGGTAAT,3224,1749,0,0.0
CCGAATTACTCAGGCTCAGT,920,437,0,0.0
CCGAATTACTGGCTCGTAGA,2381,1194,0,0.0
CCGAATTACTGGCTGTCTTG,2307,970,0,0.0
CCGAATTACTTGCGTGTGTG,6207,2284,0,0.0
CCGAATTACTTTGATTGGAT,3860,1541,0,0.0
CCGACCTATTCCACATACGT,2548,1037,0,0.0
CCGAGAGTTGAAGTGTGACT,2000,921,0,0.0
CCGAGAGTTGATGGCGAATA,3850,1427,0,0.0
CCGAGAGTTGCAAGGCTGAC,1701,469,0,0.0
CCGAGAGTTGCAGTCGATCC,3747,1655,0,0.0
CCGAGAGTTGCTCGGTTGTA,758,341,0,0.0
CCGAGAGTTGGCACGACGTA,7267,2582,0,0.0
CCGAGAGTTGTACTAACTTG,1192,620,0,0.0
CCGAGAGTTGTCTCTCGCTT,2965,1001,0,0.0
CCGAGAGTTGTTGCTCGGAA,4853,1725,0,0.0
CCGCAGGACAGCACTAATTC,2141,1151,0,0.0
CCGCAGGACATCAATCACGC,3166,1352,0,0.0
CCGCAGGACATCGGTTAACC,3434,1696,0,0.0
CCGCAGTGCGACAACGCCTT,2055,1044,0,0.0
CCGCAGTGCGCCTGTGCTTC,7859,2996,0,0.0
CCGCAGTGCGCTGTCTGCAG,1783,1145,0,0.0
CCGCCAATCGACCGAAGACA,3124,1360,0,0.0
CCGCCAATCGCACTAAGGAG,10546,3627,0,0.0
CCGCCAATCGCCGTGCCGCA,982,462,0,0.0
CCGCCTCCTTAGAACTGTGT,955,637,0,0.0
CCGCCTCCTTCGTGCACGGA,1934,880,0,0.0
CCGCCTCCTTCTGGTACTGT,6182,2689,0,0.0
CCGCCTCCTTCTTCCTCCTG,7253,2869,0,0.0
CCGCCTCCTTGTCCGAGCCG,2934,1464,0,0.0
CCGCGGCTACAATCTCGTCT,787,591,0,0.0
CCGCGGCTACTGGCCATGGT,1814,959,0,0.0
CCGCTTGATAATACTATGTT,3030,1277,0,0.0
CCGCTTGATACATATCGGCC,1841,760,0,0.0
CCGCTTGATATCAACGGCAC,1357,912,0,0.0
CCGCTTGATATGAGACCGTA,3473,1388,0,0.0
CCGCTTGATATGAGTTGTCC,1068,673,0,0.0
CCGCTTGATATTCTCTATGA,2256,1120,0,0.0
CCGGAGGTTCCATTCGGACT,1111,417,0,0.0
CCGGAGGTTCGGAGGTTATT,796,583,0,0.0
CCGGAGGTTCGTTAACGACT,1022,482,0,0.0
CCGGAGGTTCTCTTGCTGCT,1346,789,0,0.0
CCGGCCTTAGAGTACGTCGC,2599,1434,0,0.0
CCGGCCTTAGTCCACCTCAT,2497,980,0,0.0
CCGGCCTTAGTTGGTTCTGG,1902,1043,0,0.0
CCGGCGAAGGCATCAGCTCC,3416,1264,0,0.0
CCGGCGAAGGCTCACTATGT,3184,1155,0,0.0
CCGGCGAAGGGGTCGCTCTG,1264,408,0,0.0
CCGGCGAAGGGTGTGTCAGC,2085,1236,0,0.0
CCGGTACATTAAGAGAGCGG,2590,521,0,0.0
CCGGTACATTATTCTCCATA,1232,773,0,0.0
CCGGTACATTCGGTATTGCG,7138,2489,0,0.0
CCGGTACATTTACACACTGG,13575,3659,0,0.0
CCGGTGTGCCAAGTTATGGC,3077,1418,0,0.0
CCGGTGTGCCACAGACGGCG,1900,937,0,0.0
CCGGTGTGCCATAATTGCAA,1625,848,0,0.0
CCGGTTCTTAACAACCGGAT,4257,1216,0,0.0
CCGGTTCTTACATATAATGG,2030,991,0,0.0
CCGGTTCTTACGCTGAATGA,1868,459,0,0.0
CCGGTTCTTACGGTGGTATG,9820,3292,0,0.0
CCGGTTCTTAGAACTCCGTT,8224,2694,0,0.0
CCGGTTCTTATATGCCGATG,8790,3363,0,0.0
CCGGTTCTTATCCGACAACC,15648,4082,0,0.0
CCGTCACTGGAGCCTTATAT,1243,778,0,0.0
CCGTCACTGGTGAATTCGGA,3907,1833,0,0.0
CCGTCAGGAACAGTGGAGCT,8257,1873,0,0.0
CCGTCAGGAACATACACTGA,3515,1351,0,0.0
CCGTCAGGAAGCGCGTTGCT,4300,2004,0,0.0
CCGTCAGGAAGGACCTAGTA,1141,561,0,0.0
CCGTGAAGTCGGTCTCTCGA,2629,1400,0,0.0
CCGTGAAGTCTCAACAGGTA,1197,363,0,0.0
CCGTGCTCGCGCGAGCAGTT,1933,1112,0,0.0
CCGTGCTCGCGGCTTCGTTC,660,455,0,0.0
CCGTGCTCGCTAAGCCTAGG,2031,542,0,0.0
CCGTGCTCGCTAGCCGATTC,5880,2053,0,0.0
CCGTGCTCGCTCATGACAGC,1092,794,0,0.0
CCGTGGAAGAACAGCGTTAG,11068,3371,0,0.0
CCGTGGAAGAATTCCACTTC,4053,1186,0,0.0
CCGTGGAAGAGGCCTTCCAT,1871,1073,0,0.0
CCGTGTGCCGGTAGCACGGC,1117,373,0,0.0
CCGTTAGTTCAATACCTCGT,798,386,0,0.0
CCGTTAGTTCACAACCGGAT,4732,2041,0,0.0
CCGTTAGTTCCACATGCTGG,1400,463,0,0.0
CCGTTAGTTCCGAACGTGAA,1779,1112,0,0.0
CCGTTAGTTCCTGCGTTACA,866,533,0,0.0
CCGTTAGTTCTACCACGTAC,1002,513,0,0.0
CCGTTAGTTCTATGTGGTAA,2313,1087,0,0.0
CCGTTAGTTCTCGTACACGA,726,410,0,0.0
CCGTTGGAGGGGCCTTCCAT,906,639,0,0.0
CCTACACGGTCGGTTGATGT,4187,2080,0,0.0
CCTACACGGTGAACGCCGAC,4675,1618,0,0.0
CCTACACGGTGTAAGGAATC,1351,843,0,0.0
CCTACACGGTGTGGATAACC,1345,931,0,0.0
CCTACACGGTTCCTCATGTT,5089,2116,0,0.0
CCTACTCTTGATTCGGAACA,1025,693,0,0.0
CCTACTCTTGCATCTTGAAC,1845,1143,0,0.0
CCTACTCTTGGCGAAGCACC,618,509,0,0.0
CCTACTCTTGGTAATTACGT,4671,2254,0,0.0
CCTACTCTTGGTCGATTCGT,11335,2763,0,0.0
CCTACTCTTGTAATTACTGG,672,429,0,0.0
CCTACTCTTGTGAATGCGTG,1161,783,0,0.0
CCTAGCCTATACACTCTATC,2936,1300,0,0.0
CCTAGCCTATGAACGGTTGA,613,495,0,0.0
CCTAGCCTATGTGGTAGTAT,578,466,0,0.0
CCTAGCCTATTGTCCTCATG,868,638,0,0.0
CCTAGGAGCGACGGCGCTAA,1240,760,0,0.0
CCTAGGAGCGCGGACCAACA,5399,2030,0,0.0
CCTAGGTCATAATATGAGAG,2312,927,0,0.0
CCTAGGTCATGCCTCTCGCG,4665,1652,0,0.0
CCTAGGTCATGGCGCGAATA,2425,1289,0,0.0
CCTAGGTCATTAGCCGATTC,1179,716,0,0.0
CCTAGGTCATTGGCCATGGT,22531,4762,0,0.0
CCTAGGTCATTTGCTAGCTT,699,288,0,0.0
CCTAGTTCTCGAGACTTCGG,660,485,0,0.0
CCTAGTTCTCGCAAGGCTCT,14599,4058,0,0.0
CCTAGTTCTCGTCAAGTTAC,6631,2626,0,0.0
CCTAGTTCTCGTCACATTGT,3342,1773,0,0.0
CCTAGTTCTCTGCTGCCTTC,8631,2474,0,0.0
CCTAGTTCTCTTGCTCGGAA,2421,1161,0,0.0
CCTCAGATATAAGTTAATGG,1655,425,0,0.0
CCTCAGATATATTAGTAGGA,2555,916,0,0.0
CCTCAGATATCGCATAGAGG,2211,1340,0,0.0
CCTCAGATATCGCCTGCGAT,3722,1555,0,0.0
CCTCAGATATCTAAGTGTGT,7478,2528,0,0.0
CCTCAGATATGAGGCAACGC,1988,478,0,0.0
CCTCCTGCGTACTATATTGC,2125,1187,0,0.0
CCTCCTGCGTATTCCTTGCT,1650,654,0,0.0
CCTCCTGCGTCGCACTGGCA,759,504,0,0.0
CCTCCTGCGTGGTCTCTCGA,4941,2277,0,0.0
CCTCCTGCGTGTGGCCTGCT,2786,634,0,0.0
CCTCCTGCGTGTTCTGCGGT,5403,2041,0,0.0
CCTCGCGTCCGATCAACGGC,7005,2434,0,0.0
CCTCGCGTCCTATCGGACGA,9026,2655,0,0.0
CCTCGCGTCCTCACACAAGG,2948,1368,0,0.0
CCTCGCGTCCTTCATTGCGA,3376,1619,0,0.0
CCTCGTCACAATGCAGATCC,836,604,0,0.0
CCTCGTCACACATCCACGCC,1783,944,0,0.0
CCTCGTCACATCACTCTGAT,1047,571,0,0.0
CCTCGTTAATAAGTCCGGCT,1100,485,0,0.0
CCTCGTTAATCATAACTGTA,603,447,0,0.0
CCTCGTTAATCTCGAACAGT,4335,1657,0,0.0
CCTCTCCTGACGTGCATGTT,5062,2148,0,0.0
CCTCTCCTGACTTACACTAC,4081,1781,0,0.0
CCTCTCCTGAGTCACAGGAT,2903,1604,0,0.0
CCTCTCCTGATAACACGATT,854,637,0,0.0
CCTCTCTAAGAGGACACTCC,2459,1140,0,0.0
CCTCTCTAAGGAGAACGATT,846,645,0,0.0
CCTCTCTAAGGCGCTAGCAT,15113,4154,0,0.0
CCTCTCTAAGTCAGTGGCTA,539,426,0,0.0
CCTCTCTAAGTTCCTGCGAA,1734,1029,0,0.0
CCTGATCCTCAACTACAATT,986,733,0,0.0
CCTGATCCTCACGGTATATC,6218,2462,0,0.0
CCTGATCCTCCAACACACAC,1078,736,0,0.0
CCTGATCCTCGCTAAGTCAC,2042,1294,0,0.0
CCTGATCCTCGTAAGGCGGT,959,690,0,0.0
CCTGATCCTCGTCGACGAGT,1239,838,0,0.0
CCTGATCCTCGTTCTGCGGT,2816,1252,0,0.0
CCTGATCCTCTTACACGCAC,2018,973,0,0.0
CCTGCCTCCTAGCCTCTAGC,2829,1330,0,0.0
CCTGGAGACCTCAACGGCAC,1196,876,0,0.0
CCTTACACCATGTGGCTATG,2802,532,0,0.0
CCTTAGTCGTAATATCCGCG,1658,886,0,0.0
CCTTAGTCGTCCGCAATAAT,6318,1943,0,0.0
CCTTAGTCGTTCAGCGGTGC,590,471,0,0.0
CCTTAGTTCGACGTACCATT,913,621,0,0.0
CCTTAGTTCGCAAGAAGAGT,4852,2064,0,0.0
CCTTAGTTCGCAAGCCGGAG,7522,2397,0,0.0
CCTTAGTTCGCCTATTGGAC,1871,1085,0,0.0
CCTTAGTTCGGAGCGCATAA,2242,1369,0,0.0
CCTTAGTTCGGCCGTTAGTT,1252,382,0,0.0
CCTTCATGAGACAGCGTTAG,850,605,0,0.0
CCTTCATGAGCCAGTTAGAT,3871,1710,0,0.0
CCTTGAGATTAAGGAACTGC,1605,838,0,0.0
CCTTGAGATTAGTCAGGTCC,1811,1057,0,0.0
CCTTGCAGTTTATCATCCTT,16023,4006,0,0.0
CCTTGGATTGACCATACGAG,3933,1979,0,0.0
CCTTGGATTGAGACCAACAT,824,631,0,0.0
CCTTGGATTGCAGTGTTGGA,7929,3004,0,0.0
CCTTGGATTGCTAATCACTT,1255,859,0,0.0
CCTTGGATTGCTCAATGACA,4907,1846,0,0.0
CCTTGGATTGGAGTATCGGT,1879,940,0,0.0
CCTTGGATTGTGCTATCCGT,1178,576,0,0.0
CGAAGCGATCAACCTCATGC,2279,1374,0,0.0
CGAAGCGATCATCTGTGTAC,2577,792,0,0.0
CGAAGCGATCCGGCTGCATT,4521,1327,0,0.0
CGAAGCGATCCGTTGCATGG,7578,2614,0,0.0
CGAAGCGATCCTGTGTGGTC,1220,816,0,0.0
CGAATAGTCCATAGCCGATG,772,468,0,0.0
CGAATAGTCCGGATAGAGAT,8318,2245,0,0.0
CGAATCCTCAGAGTATCGGT,2516,1272,0,0.0
CGAATCCTCAGGTCCTACTG,1116,643,0,0.0
CGACAACAGCAACCTCATGC,1528,463,0,0.0
CGACAACAGCATGACTGGTG,1513,990,0,0.0
CGACAACAGCCAGGCTCAGT,714,539,0,0.0
CGACAACAGCGTTAACGACT,2229,1022,0,0.0
CGACAAGTGAACGTACCATT,1774,1149,0,0.0
CGACAAGTGAAGTCTCGACC,939,639,0,0.0
CGACAAGTGAGCCAGTTGGA,3357,1687,0,0.0
CGACAAGTGAGTATAAGGTC,1246,698,0,0.0
CGACAAGTGAGTCAATTAAT,2818,849,0,0.0
CGACAAGTGATCTTGCTGCT,791,555,0,0.0
CGACAAGTGATGCGTGTGTG,4040,1447,0,0.0
CGACAAGTGATGTAATCATC,7658,1957,0,0.0
CGACCATATCAAGCTTATTA,4976,2167,0,0.0
CGACCATATCAGTGTATATT,2804,1515,0,0.0
CGACCATATCATTGTAATGT,3142,1426,0,0.0
CGACCATATCGCCGACTCTT,1844,1047,0,0.0
CGACCATATCGGCATTCTAA,1667,813,0,0.0
CGACGAGCATACTTGGAGAC,2188,943,0,0.0
CGACGAGCATAGGTTGGCAG,3269,1577,0,0.0
CGACGAGCATTCATCGAGGC,10208,3083,0,0.0
CGACGCACGTGCCTGTATGC,2920,1388,0,0.0
CGACGCACGTGCTATAGTAT,767,568,0,0.0
CGACGCACGTGGACCTAGTA,1563,809,0,0.0
CGACGCACGTGTTGGCTCGC,769,485,0,0.0
CGACGCACGTTAGGTGCCTT,11367,3417,0,0.0
CGACGCACGTTTGCCTTAGG,6508,2637,0,0.0
CGACGTCGGAATTCGGAACA,5316,2218,0,0.0
CGACGTCGGAGCGCTAGCAT,10724,2832,0,0.0
CGACGTCGGAGGTCTGTGAC,2362,1184,0,0.0
CGACGTCGGATATCATCCTT,1737,823,0,0.0
CGACGTCGGATGTACACTAT,6181,2173,0,0.0
CGACGTTCTAAGAGGTCGTT,574,227,0,0.0
CGACGTTCTACGCGTCTGCT,4710,1976,0,0.0
CGACGTTCTACTCCGCCAAT,3782,1697,0,0.0
CGACGTTCTACTCTTGGCTG,674,515,0,0.0
CGACGTTCTAGACACAACAC,2269,1105,0,0.0
CGACGTTCTATGCTATCCGT,784,546,0,0.0
CGAGAATCTTAGGCGCGTGA,2683,1232,0,0.0
CGAGAATCTTTAATGAGAGA,3781,1706,0,0.0
CGAGAATCTTTATGCCGATG,6025,1871,0,0.0
CGAGAATCTTTCCGACAACC,702,429,0,0.0
CGAGATATTGACGCGCATAG,1639,883,0,0.0
CGAGATATTGGATCGAACAT,1751,1028,0,0.0
CGAGATATTGTAAGTGGCGC,3928,1928,0,0.0
CGAGCAATAACCAAGAGCGC,1244,361,0,0.0
CGAGCAATAACTAATCACTT,4251,1757,0,0.0
CGAGCAATAAGCAACATATA,991,294,0,0.0
CGAGCCAGTAACCTACGGCT,3480,1709,0,0.0
CGAGCCAGTATGTTACATCA,1883,977,0,0.0
CGAGCGATTCGACACAGTAA,2472,1407,0,0.0
CGAGCGATTCGTGTGTCAGC,2099,904,0,0.0
CGAGCGATTCTAGAGCTAGT,1232,329,0,0.0
CGAGCGATTCTGTAACGATA,4792,2057,0,0.0
CGAGCTTAACACATCGACGT,656,513,0,0.0
CGAGGTGGAGACCTCGCAGA,9647,2928,0,0.0
CGAGGTGGAGCAGATTATCC,879,439,0,0.0
CGAGGTGGAGCTAACACAGG,860,625,0,0.0
CGAGGTGGAGGCGCGGAGCC,1080,595,0,0.0
CGAGGTGGAGTAAGTGACAT,657,477,0,0.0
CGAGGTGGAGTTCCTTAACT,7521,2537,0,0.0
CGAGTAGAGAAATCTCGTCT,1409,746,0,0.0
CGAGTAGAGAATACGTGCCA,733,554,0,0.0
CGAGTAGAGAGAGCTAAGGC,1043,379,0,0.0
CGAGTAGAGATGAGGATCAT,2008,921,0,0.0
CGAGTTCTCGGATCGAACAT,1325,809,0,0.0
CGAGTTCTCGGCCGCACCAG,924,695,0,0.0
CGAGTTCTCGGGCTGCTGCT,2143,675,0,0.0
CGATAGGCACCTCCGGCCGA,2577,1393,0,0.0
CGATAGGCACGGACGTCCAG,1346,476,0,0.0
CGATAGGCACGTCGTCCAAT,1306,864,0,0.0
CGATAGGCACGTTAATCGAG,9344,2376,0,0.0
CGATAGGCACTCACGTCGCC,1381,842,0,0.0
CGATAGGCACTCTTCGGTGG,6335,2256,0,0.0
CGATATCCGCATCAGTACCA,986,717,0,0.0
CGATATCCGCCCGCAATAAT,1174,716,0,0.0
CGATATCCGCCGAATGTACT,706,536,0,0.0
CGATATCCGCGCCGCCATCA,898,641,0,0.0
CGATATCCGCGTTGATGGTA,3157,1021,0,0.0
CGATATCCGCTAGCGAAGTT,886,635,0,0.0
CGATATCCGCTGTTGCGGTT,5420,1972,0,0.0
CGATATTACAAGGTAAGCAC,2277,1256,0,0.0
CGATATTACACTCGCGACTA,2076,1209,0,0.0
CGATCCAATCAGACCAGTCT,1450,719,0,0.0
CGATCCAATCATGGACCATA,2688,1422,0,0.0
CGATCCAATCCATAGCGTGG,1591,674,0,0.0
CGATCCAATCCTATTCAGCA,2989,1483,0,0.0
CGATCCAATCTGTAGGATGG,1841,953,0,0.0
CGATCCGTTGCGACAGTACG,715,563,0,0.0
CGATCCGTTGGCCGCCGTGT,3088,852,0,0.0
CGATCCGTTGGCTTGTCACT,1626,931,0,0.0
CGATCCGTTGTCAACAGGTA,9776,2859,0,0.0
CGATCCGTTGTGGCTCAGCA,1895,903,0,0.0
CGATCGCTAAAATACCTCGT,9756,3270,0,0.0
CGATGACTTATCACGGTACA,2114,1196,0,0.0
CGATGACTTATGCCATAGCT,2210,1191,0,0.0
CGATGTACGACATATCGGCC,4742,2021,0,0.0
CGATGTACGACGGAAGGTTG,3544,1455,0,0.0
CGATGTACGAGATAGTACGC,3290,1654,0,0.0
CGATGTACGATGTCCAACCT,5507,2298,0,0.0
CGATTAGGACAAGGAACTGC,2145,832,0,0.0
CGATTAGGACACTGGCCTCC,3521,1889,0,0.0
CGATTAGGACCCAAGCTACT,6747,2357,0,0.0
CGATTAGGACCGAACGTGAA,517,98,0,0.0
CGATTAGGACGGTAGTCTTA,5508,2550,0,0.0
CGATTAGGACTGATGAACGG,2901,767,0,0.0
CGATTGAATATGAGTTGTCC,6182,2577,0,0.0
CGCAACATCAAGGCATTGGC,924,518,0,0.0
CGCAACATCACAACCGATGT,4353,1481,0,0.0
CGCAACATCACCTCTCATCG,2327,1256,0,0.0
CGCAACATCAGAATCTTGTT,1596,733,0,0.0
CGCAAGCCGGACGAGGTGAG,3338,1874,0,0.0
CGCAAGCCGGCATATAATGG,3121,1686,0,0.0
CGCAAGCCGGCTCGGAGATA,1519,874,0,0.0
CGCAAGCCGGTAAGCATCGC,8812,2798,0,0.0
CGCAAGCCGGTGTTCGTCGT,7149,2473,0,0.0
CGCAAGCGTAAAGTGAAGAA,1086,429,0,0.0
CGCAAGCGTAACTGAACGCC,1128,644,0,0.0
CGCAAGCGTAGACCATGAAG,3811,1812,0,0.0
CGCAAGCGTAGAGGCAACGC,1826,588,0,0.0
CGCAAGCGTAGCGTCCTCAG,5790,2608,0,0.0
CGCAAGCGTAGCTCGTGATC,1173,472,0,0.0
CGCAAGCGTATACGGCACTA,1038,712,0,0.0
CGCAAGCGTATCAGGCCTTC,515,398,0,0.0
CGCAAGCGTATTCGCCGGCT,971,538,0,0.0
CGCACTACACCATCCACGCC,12450,3534,0,0.0
CGCACTACACCCAGCAGACG,10089,3588,0,0.0
CGCACTACACGGCTTCGTTC,1396,947,0,0.0
CGCACTACACTAATCCGGAT,876,643,0,0.0
CGCACTACACTCAGAACAGA,8413,2996,0,0.0
CGCAGGATCTACCATCACTC,504,405,0,0.0
CGCAGGATCTAGTACCAGCG,791,602,0,0.0
CGCAGGATCTGACCTGCGCC,4595,1497,0,0.0
CGCAGGATCTGTGGAGCAAG,3215,1676,0,0.0
CGCAGGATCTTGTAACGATA,854,464,0,0.0
CGCAGTCCTTCACCTAGTTA,4848,2088,0,0.0
CGCAGTCCTTCGAATGTTGC,3769,1704,0,0.0
CGCAGTCCTTCGTTAAGTTC,5017,1880,0,0.0
CGCAGTCCTTGCGCTAATGA,2727,1568,0,0.0
CGCATCTTAATCAACAGGTA,758,247,0,0.0
CGCCAGAAGAATGTCTGTAA,623,393,0,0.0
CGCCAGAAGACGGACCAACA,6899,2969,0,0.0
CGCCAGAAGAGACATGGTTA,5088,1726,0,0.0
CGCCAGAAGATATACATAGT,6290,2437,0,0.0
CGCCAGAAGATCACATAGAC,2478,1411,0,0.0
CGCCGCGACTACACAGACTG,2597,1508,0,0.0
CGCCGCGACTAGTTCCACGT,2530,1434,0,0.0
CGCCGCGACTCGTCAATAAC,2985,1285,0,0.0
CGCCGCGACTTGTAATCATC,7054,2777,0,0.0
CGCCGCGACTTTGGAGTCAG,658,442,0,0.0
CGCCTCTACGGGCCAACGGA,1105,720,0,0.0
CGCCTCTACGTAGCTGAACC,2149,812,0,0.0
CGCCTCTACGTCGAGAGGAG,653,488,0,0.0
CGCCTTGGTCCGCGTCTGCT,3230,1649,0,0.0
CGCCTTGGTCTCTCAGAACC,5037,2385,0,0.0
CGCCTTGGTCTCTTGGTCTA,4986,2068,0,0.0
CGCGAATTGAGGCTCTAACT,982,405,0,0.0
CGCGAATTGAGGCTGCTGCT,2754,1364,0,0.0
CGCGCACAATAAGCTTATTA,1956,1131,0,0.0
CGCGCACAATATCACTAATC,1632,996,0,0.0
CGCGCACAATTCCGATTCGA,8918,3419,0,0.0
CGCGGCGCAACAAGCGTATC,3031,1457,0,0.0
CGCGGCGCAACGTCAATAAC,2790,1490,0,0.0
CGCGGCGCAATGTACACTAT,1013,664,0,0.0
CGCGGCGCAATTAGCTGGAG,1191,768,0,0.0
CGCGTGATGGCGAATCTCCG,889,386,0,0.0
CGCGTGATGGGCCTGTTACA,9557,2834,0,0.0
CGCTAATACGACCGGACATC,2732,1345,0,0.0
CGCTAATACGCAGAATGGAT,5461,2272,0,0.0
CGCTCCATCTCGTTGAGCAA,2477,914,0,0.0
CGCTGACCTCAGTATGCCAT,2095,525,0,0.0
CGCTGACCTCAGTCGCGCGC,609,381,0,0.0
CGCTGACCTCGGTCTCTCGA,4691,2372,0,0.0
CGCTGACCTCTAGAGCTAGT,2046,1093,0,0.0
CGCTGACCTCTAGTTCGAAC,2128,1032,0,0.0
CGCTGCAAGTAGAGCAATCG,5654,1477,0,0.0
CGCTGCAAGTAGTACTCGGA,1656,968,0,0.0
CGCTGCAAGTTGAAGATATG,1654,979,0,0.0
CGCTGCAAGTTTCTGCAACT,2304,1204,0,0.0
CGCTTAGGTACTATGGCAAG,6986,2560,0,0.0
CGCTTAGGTACTTAATCGCA,1735,1132,0,0.0
CGCTTAGGTAGACCACTGAA,1570,604,0,0.0
CGCTTAGGTAGCCGCCACGC,1564,1018,0,0.0
CGCTTAGGTAGGCTCGTAGA,2011,1055,0,0.0
CGCTTCGACACCAGGACGGC,854,412,0,0.0
CGCTTCGACAGCGCCAATAT,1338,845,0,0.0
CGCTTCGACATCAACAGGTA,13953,4496,0,0.0
CGGAATAATGAGGTGATGAC,2293,497,0,0.0
CGGAATAATGGACGTCCACA,1707,1060,0,0.0
CGGAATAATGTTAGCCAGTG,10092,2877,0,0.0
CGGACAGGCCGCCGAGGCTC,2540,1310,0,0.0
CGGACAGGCCTCTGTATGTT,516,438,0,0.0
CGGACAGGCCTGGCAAGACA,769,337,0,0.0
CGGACTTAGTACATCATCTT,6513,2507,0,0.0
CGGACTTAGTAGGTTATCTA,4158,1695,0,0.0
CGGACTTAGTCATACGTGGC,2755,1163,0,0.0
CGGACTTAGTCCAGGTGTAA,5978,1761,0,0.0
CGGACTTAGTCGTAAGTTAG,8815,2912,0,0.0
CGGACTTAGTGACTAGCTAT,648,406,0,0.0
CGGACTTAGTGATACGACTC,4048,1837,0,0.0
CGGACTTAGTGGTTAACAAT,3877,1694,0,0.0
CGGACTTAGTTGATCACGTC,630,275,0,0.0
CGGAGAACGTAAGTTGGCGA,1970,583,0,0.0
CGGAGAACGTCTACGTGAGG,2410,1505,0,0.0
CGGAGAACGTCTGCGTTACA,2109,573,0,0.0
CGGAGAACGTGTAACTCTGG,1239,766,0,0.0
CGGAGACATTATGCTAACAT,692,292,0,0.0
CGGATACGCGCCATCGATGG,607,245,0,0.0
CGGATGTGATAGCGGAACAA,7145,2740,0,0.0
CGGATGTGATATCCAGGAGA,11945,3260,0,0.0
CGGATGTGATCAGAATCACA,2312,977,0,0.0
CGGATGTGATCCAAGCTACT,1037,772,0,0.0
CGGATGTGATCGTGTGGTGT,2804,1383,0,0.0
CGGATGTGATCTTGGACCTA,1188,817,0,0.0
CGGATGTGATGTAATTACGT,879,639,0,0.0
CGGATGTGATTTGCAGTGGT,948,723,0,0.0
CGGCAATCAAACAATCACCG,9450,3021,0,0.0
CGGCAATCAACGCGTCTGCT,4902,1881,0,0.0
CGGCACGTCGAGGAACGACG,2816,1093,0,0.0
CGGCACGTCGATATGAGACG,1357,874,0,0.0
CGGCACGTCGCCACGATGTT,7058,2858,0,0.0
CGGCACGTCGGTAAGCTGGC,5339,1497,0,0.0
CGGCAGATTAAGCAAGTTGA,916,531,0,0.0
CGGCAGATTAATGCTTGGTT,10326,2917,0,0.0
CGGCAGATTACAGATTATCC,786,501,0,0.0
CGGCAGATTACCGCGCGCGG,4130,1513,0,0.0
CGGCAGATTAGCTCCGATAG,12564,3417,0,0.0
CGGCAGATTATCTTGCCAAT,5268,2119,0,0.0
CGGCAGATTATTCTCTTGGT,932,723,0,0.0
CGGCAGCCACGAGACTTCGG,1527,345,0,0.0
CGGCAGCTCTTTGTAGCCGA,2518,1482,0,0.0
CGGCATCCGAACCTCTATTG,1353,773,0,0.0
CGGCATCCGAACGTACCATT,710,534,0,0.0
CGGCATCCGAACTTGTGTCT,4590,1688,0,0.0
CGGCATCCGAAGTACGTCGC,1992,656,0,0.0
CGGCATCCGAAGTCCTCGCG,2245,1042,0,0.0
CGGCATCCGACAACGCGTTG,584,465,0,0.0
CGGCATCCGACCAAGTTAGC,1867,1147,0,0.0
CGGCATCCGACCTGCAGCCA,4536,2022,0,0.0
CGGCATCCGAGTGAATGCTC,2088,820,0,0.0
CGGCATCCGATATACCGCAT,11729,3838,0,0.0
CGGCCGCGTAGTGCTGTCTT,855,634,0,0.0
CGGCCGCGTATGAACGAGGT,12721,2951,0,0.0
CGGCGCTAGATGTACGGTAG,615,418,0,0.0
CGGCGCTAGATTAATAGTAC,2587,1144,0,0.0
CGGTACCAGTATTACCAGAA,1982,1003,0,0.0
CGGTACCAGTGCTCTGCATC,855,506,0,0.0
CGGTACCAGTTGCCGTCCTA,580,216,0,0.0
CGGTACCAGTTGGATCGACC,1056,559,0,0.0
CGGTCCACCGACAGGCCTGT,533,172,0,0.0
CGGTCCACCGAGGACGCCAG,1182,828,0,0.0
CGGTCCACCGCAGTTGTGAC,1212,813,0,0.0
CGGTCCACCGGACATGGTTA,872,373,0,0.0
CGGTCCACCGGCAGCATCTC,15391,4086,0,0.0
CGGTCCACCGGGCATTCTAA,3557,1669,0,0.0
CGGTCCACCGTTCCGACAAG,2925,1720,0,0.0
CGGTCCACCGTTGCCAGTTA,505,370,0,0.0
CGGTCGAGTCGAATTCACAA,2405,1173,0,0.0
CGGTTATATTCAACTAGATT,826,633,0,0.0
CGGTTATATTCGTACCTCTA,5845,1537,0,0.0
CGTAATGCGAATCATCAACA,1008,680,0,0.0
CGTAATGCGAATGACGGAGA,1269,652,0,0.0
CGTAATGCGACTCGAACAGT,811,622,0,0.0
CGTACCGGCTCGGTGTAGCC,1380,793,0,0.0
CGTACCGGCTGGAATCCGGT,2729,1193,0,0.0
CGTACCGGCTTATTAATCTA,3620,1509,0,0.0
CGTACCGGCTTTATGACATT,3281,676,0,0.0
CGTACGGAGACGCAGATCTA,1672,1101,0,0.0
CGTACTTGTGTCCACTGTCA,3745,775,0,0.0
CGTATATCGTTCAGCGGTGC,2458,1011,0,0.0
CGTCCATTGGAATTCTCGAA,3917,1967,0,0.0
CGTCCATTGGGCCGCCACGC,1766,923,0,0.0
CGTCCATTGGGGAGCATCGG,2020,1205,0,0.0
CGTCCGTCAGATACTTCACA,1585,970,0,0.0
CGTCCGTCAGATTCTCTGGA,3684,1546,0,0.0
CGTCCGTCAGCCTCGCAACT,1038,621,0,0.0
CGTCCGTCAGCGTGTGGTGT,1287,603,0,0.0
CGTCCGTCAGCTTAGGCCAA,9354,2932,0,0.0
CGTCCGTCAGCTTATGTAGT,7025,2420,0,0.0
CGTCCGTCAGGAACTAGGCT,1958,952,0,0.0
CGTCCGTCAGGACGACGGCT,2580,1408,0,0.0
CGTCCGTCAGGGCTTAGACC,1444,851,0,0.0
CGTCCGTCAGTACACTAGTC,1994,599,0,0.0
CGTCCGTCAGTAGCGAAGTT,4664,2146,0,0.0
CGTCCGTCAGTATAGTGTCT,2580,1450,0,0.0
CGTCCGTCAGTGAGACCTCC,8034,3369,0,0.0
CGTCGCGAAGCATCTTGAAC,6539,2335,0,0.0
CGTCGCGAAGCCGATTAAGC,903,676,0,0.0
CGTCGCGAAGGTTATAGGTG,1357,467,0,0.0
CGTCGCGAAGTAGAATAGCG,3447,1657,0,0.0
CGTCGCGAAGTTGCCACTCC,1294,726,0,0.0
CGTCGGTAGGAGAGGCCTAC,2817,1352,0,0.0
CGTCGGTAGGTCGTTGGTTG,10015,2862,0,0.0
CGTCTGGTTCAGTCTCGACC,1416,602,0,0.0
CGTCTGGTTCCTCTGGTCTA,1024,687,0,0.0
CGTCTGGTTCCTTAATCGCA,632,457,0,0.0
CGTGACGTTGGACGATACCG,2087,1228,0,0.0
CGTGACGTTGGCCAGAATGT,10063,3784,0,0.0
CGTGACGTTGGCGTAGGTCT,930,407,0,0.0
CGTGACGTTGTAATATTAAC,764,528,0,0.0
CGTGACGTTGTCAACAGGTA,2430,1282,0,0.0
CGTGACTGAAACCATACGAG,2278,1277,0,0.0
CGTGACTGAACAAGAAGAGT,1598,516,0,0.0
CGTGACTGAAGACGAGAGTG,3367,1352,0,0.0
CGTGAGTATTTTCTGCAACT,1465,674,0,0.0
CGTGAGTATTTTGCCAGTTA,3555,1359,0,0.0
CGTGATCGAGAATCCGCGTG,3057,1509,0,0.0
CGTGATCGAGGAACTCCGTT,4118,1840,0,0.0
CGTGATCGAGGACGACGGCT,965,613,0,0.0
CGTGATCGAGTATACATAGT,9114,2547,0,0.0
CGTGATCGAGTCTTACGTCT,4154,1321,0,0.0
CGTGCGCATAGTACACTGCG,899,652,0,0.0
CGTGCGCATATCCTAGAATC,1345,382,0,0.0
CGTGGAGAGTACGCCTCCGA,4470,1801,0,0.0
CGTGGAGAGTCAAGTGCGGT,830,554,0,0.0
CGTGGAGAGTCTCATTCCGG,1628,753,0,0.0
CGTGGAGAGTGTATTAAGCG,1578,805,0,0.0
CGTGTCGCCGACGGTGCGCA,1356,772,0,0.0
CGTGTCGCCGCAAGTGCTCC,2484,1328,0,0.0
CGTGTCGCCGCGGTGGTATG,1223,773,0,0.0
CGTGTCGCCGGTGGTTGATA,799,477,0,0.0
CGTGTCGCCGTAATCTTCAT,863,633,0,0.0
CGTTACCGCAGAACTAGGCT,4373,1509,0,0.0
CGTTACCGCATAACTGATGG,869,653,0,0.0
CGTTACCGCATTCGCCGGCT,5831,2366,0,0.0
CGTTATCTATCCTCGAAGAT,2726,1299,0,0.0
CGTTATCTATCTTAGTAGTC,1126,781,0,0.0
CGTTATCTATGGACTTCATC,3773,1735,0,0.0
CGTTATCTATTATGCTCGGA,2474,1042,0,0.0
CGTTATGGTTAAGAGCTTGC,6740,2121,0,0.0
CGTTATGGTTACACCGGTGT,2604,929,0,0.0
CGTTATGGTTATCTGTAGTA,837,497,0,0.0
CGTTATGGTTTGTAATCATC,3172,1889,0,0.0
CGTTCGCTGCGGCCTTCCAT,6046,2256,0,0.0
CGTTCGCTGCTTGAAGGCTA,2243,1295,0,0.0
CGTTGGTGGCACAGGTTGGT,5024,2262,0,0.0
CGTTGTTATCAGTGACCTAT,1211,840,0,0.0
CGTTGTTATCCGCAGACCAG,1213,569,0,0.0
CGTTGTTATCGTCTGATACG,655,445,0,0.0
CTAACCGACTAACGTTGGTC,1619,735,0,0.0
CTAACCGACTACACTTCGAT,527,414,0,0.0
CTAACCGACTACATCGACGT,1879,843,0,0.0
CTAACCGACTCAAGGCTGAC,6453,2448,0,0.0
CTAACCGACTGTTACACTTA,1130,446,0,0.0
CTAACTGTAAAAGTAGTAAT,14636,3707,0,0.0
CTAACTGTAAAGAACTGTGT,503,340,0,0.0
CTAACTGTAACAACTGTGGC,3071,1469,0,0.0
CTAACTGTAACAGACAGCTA,3611,1613,0,0.0
CTAAGATGTCACCATCACTC,1512,829,0,0.0
CTAAGATGTCACGCGCTGCG,3899,1926,0,0.0
CTAAGATGTCATATTGCTAA,1188,539,0,0.0
CTAAGATGTCATGACTCCGT,902,480,0,0.0
CTAAGATGTCCCACGTGGCT,4397,1850,0,0.0
CTAAGATGTCGCGCGGAGCC,12381,3830,0,0.0
CTAAGATGTCGGCCGCTCAC,841,513,0,0.0
CTAAGATGTCTCCTGTGCGC,8041,2493,0,0.0
CTAAGATGTCTTACGATAAC,2387,1255,0,0.0
CTAAGATGTCTTATGACATT,2447,1292,0,0.0
CTAATCTAGGAATTCGCTCA,963,415,0,0.0
CTAATCTAGGACCGTACGGT,1095,458,0,0.0
CTAATCTAGGATCACGGTGG,7375,2365,0,0.0
CTAATCTAGGATTACTGAAG,1306,812,0,0.0
CTAATCTAGGCGCAGACCAG,5947,1788,0,0.0
CTAATCTAGGTGAACAATGG,8768,2874,0,0.0
CTAATGGAGAGAGAACCTAA,2367,691,0,0.0
CTAATGGAGATGTAGGATGG,1252,388,0,0.0
CTACGAATGGCTAATAGCCT,938,528,0,0.0
CTACGAATGGCTAATCACTT,1194,857,0,0.0
CTACGAATGGTCACAAGGTT,1248,613,0,0.0
CTACGAATGGTGTTCAGACG,1754,907,0,0.0
CTACGGAATGACGTTGGTGC,3337,1934,0,0.0
CTACGGAATGCGTCGACGGT,3339,944,0,0.0
CTACGGAATGGACGAGAGTG,2442,1222,0,0.0
CTACGGAATGGCCGAGTTAT,1569,855,0,0.0
CTACGGAATGGTCGTCCAAT,13207,4511,0,0.0
CTACGGTGGACCAAGAGCGC,1074,687,0,0.0
CTACGGTGGACGAACGTGAA,12569,3685,0,0.0
CTACGGTGGAGCGCCAATAT,3436,1582,0,0.0
CTACGGTGGAGCGTGCTGTG,1539,1032,0,0.0
CTACTCGACAAGTGTTGTGC,6787,2181,0,0.0
CTACTCGACAATGTTACCGG,1983,1215,0,0.0
CTACTCGACACACAGCGAGA,680,537,0,0.0
CTACTCTTGTGAGAACCTAA,5469,2235,0,0.0
CTACTCTTGTGGATCATAGC,1531,1011,0,0.0
CTACTCTTGTGGTCTGTGAC,1051,671,0,0.0
CTACTCTTGTTCTTGGTCTA,2233,732,0,0.0
CTACTCTTGTTTACTTCGGC,751,417,0,0.0
CTAGATGGTTCGTGCACGGA,629,400,0,0.0
CTAGATGGTTTTAATGATCC,6130,1573,0,0.0
CTAGTACAATCGTGCACGGA,939,499,0,0.0
CTAGTACAATCTGCGAGTCT,2100,1294,0,0.0
CTAGTACAATGCAAGGCTCT,1164,571,0,0.0
CTAGTACAATGGTGGCCACC,7777,2783,0,0.0
CTAGTACAATTCGGAGGTAG,1377,899,0,0.0
CTAGTTAAGCACGACGGAAG,924,278,0,0.0
CTAGTTAAGCACGATAATCA,992,604,0,0.0
CTAGTTAAGCCAAGCCGGAG,2785,1164,0,0.0
CTAGTTAAGCGCTAATAACA,580,408,0,0.0
CTATACTACTAGTCAGGTCC,6616,2333,0,0.0
CTATACTACTGCTCTCACAG,932,572,0,0.0
CTATACTACTGGAACAGTAT,1954,1244,0,0.0
CTATAGATCTCTATTGTTAG,2192,530,0,0.0
CTATAGATCTGGTTCGGTAT,4800,2114,0,0.0
CTATATTGCCTGCCTCAATG,551,427,0,0.0
CTATATTGCCTTAGCTGGAG,3924,1848,0,0.0
CTATGACCTGAATTCGAGGT,1837,1182,0,0.0
CTATGACCTGAGTGAGTAAG,935,625,0,0.0
CTATGACCTGGAATAACGAT,3021,1670,0,0.0
CTATGACCTGTAGAATAGCG,5601,2239,0,0.0
CTATGACCTGTTAATAGTAC,2387,1178,0,0.0
CTATGACCTGTTACCGGTGG,2320,1399,0,0.0
CTATGCACAGCAGTGGAGCT,688,524,0,0.0
CTATGCACAGCCAATAGATC,13119,3861,0,0.0
CTATGCACAGGCCTGTTACA,1159,825,0,0.0
CTATGCATTAAAGTAGTAAT,3966,1464,0,0.0
CTATGCATTAAGGTCTTCGG,1069,572,0,0.0
CTATGCATTAGAGATGAATC,1202,760,0,0.0
CTATGCATTAGGTGGATTAG,1093,783,0,0.0
CTATGCATTAGGTTAACAAT,1140,635,0,0.0
CTATGCTAACAGCGATGCAT,2901,1535,0,0.0
CTATGCTAACCAAGCTAGCT,519,420,0,0.0
CTATGCTAACGACTAGCTAT,13536,4232,0,0.0
CTATGCTAACTCAGACTCAC,1315,715,0,0.0
CTATGCTAACTTCACACACA,1009,701,0,0.0
CTATGCTAACTTCCTATTCC,734,587,0,0.0
CTATGCTAACTTGCCAGTTA,3553,1469,0,0.0
CTATGGAAGTCTTAGGCCAA,1247,611,0,0.0
CTATGGAAGTCTTATGCACA,845,394,0,0.0
CTATGGAAGTGCCGACTGCC,1684,1067,0,0.0
CTATTACACGACGCGCTGCG,1442,937,0,0.0
CTATTACACGATACAACAAT,2005,836,0,0.0
CTATTACACGGATGCTCTCA,1399,708,0,0.0
CTATTACACGGGCACGGCTG,1022,641,0,0.0
CTATTCTGATAGTGCAAGGT,1065,609,0,0.0
CTATTCTGATCCTGGCGGCA,10181,2783,0,0.0
CTATTCTGATCTTAGGCCAA,1025,650,0,0.0
CTATTCTGATTCCAATATGG,3607,1712,0,0.0
CTATTGGTCCCAGACAGCTA,5201,2207,0,0.0
CTATTGGTCCTCCACCTCAT,1510,940,0,0.0
CTCAAGTTCTGACTCTTGGC,1391,764,0,0.0
CTCAAGTTCTGATTCCTACG,2007,675,0,0.0
CTCAAGTTCTGCGACCGTGG,2496,453,0,0.0
CTCAAGTTCTTACACAGGCG,1307,764,0,0.0
CTCAATGCAGATTAGTAGGA,1182,399,0,0.0
CTCAATGCAGTCCTAGAATC,4223,1547,0,0.0
CTCAATGTTCCTACGTGAGG,1128,530,0,0.0
CTCACCGTTACATATCAAGC,7964,2630,0,0.0
CTCACCGTTACCGTAAGTGT,1292,816,0,0.0
CTCACCGTTACTAGCCGCCA,4875,2194,0,0.0
CTCACCGTTATCTCTATCCA,2327,1327,0,0.0
CTCAGAACGGAAGTTAATGG,2497,655,0,0.0
CTCAGAACGGAATCTGTGCT,5139,2367,0,0.0
CTCAGATTACACAGGATCAC,1964,933,0,0.0
CTCAGATTACACCATCACTC,11361,4179,0,0.0
CTCATGTGCCATGCTTATGC,2647,1366,0,0.0
CTCATGTGCCATTAGTAGGA,4886,2013,0,0.0
CTCATGTGCCCGAGTACATC,789,602,0,0.0
CTCCACCGGCGACGAGAGTG,1861,1176,0,0.0
CTCCAGACGCACTGGCCTCC,5051,2074,0,0.0
CTCCAGACGCCAAGTAACCA,7057,2366,0,0.0
CTCCAGACGCGAAGCATTAT,1751,1067,0,0.0
CTCCAGTGCACAGAGTGTTC,9510,3053,0,0.0
CTCCAGTGCACGTCGACGGT,530,398,0,0.0
CTCCTAATATAGTGGACTGG,616,508,0,0.0
CTCCTAATATGACACAGTAA,1969,1030,0,0.0
CTCCTCAGAAATTCCTTGCT,1533,913,0,0.0
CTCCTCAGAACGGACGTCCG,8884,3042,0,0.0
CTCCTCAGAACTCGAGAGCG,1388,798,0,0.0
CTCCTCAGAAGAGCTAAGGC,4233,1109,0,0.0
CTCCTCAGAAGGAATGATCT,1367,849,0,0.0
CTCCTCAGAAGGATCGCTGT,649,541,0,0.0
CTCCTCAGAAGGTTACTGAG,2093,1263,0,0.0
CTCCTCAGAAGTCTGATACG,657,443,0,0.0
CTCCTTCGCCACACATCCTC,1908,1237,0,0.0
CTCCTTCGCCAGGTTGGCAG,615,498,0,0.0
CTCCTTCGCCCGTACCTAAT,5677,821,0,0.0
CTCCTTGAATCCGTCTCGCT,1239,591,0,0.0
CTCCTTGAATCGTTAAGTTC,7793,2439,0,0.0
CTCCTTGAATGATGATCCGC,5530,1738,0,0.0
CTCCTTGAATTCTACGGACA,5247,2109,0,0.0
CTCGACGCCTCGGCCTGACG,3270,1179,0,0.0
CTCGCAACGTAACTACGTAG,860,508,0,0.0
CTCGCAACGTAAGGCAACAT,2235,778,0,0.0
CTCGCAACGTACACATCCTC,1554,855,0,0.0
CTCGCAACGTATTAAGACTG,1587,1000,0,0.0
CTCGCAACGTCTCACGTCAC,775,579,0,0.0
CTCGCAGTTGACGATAATCA,1364,409,0,0.0
CTCGCAGTTGAGTTCCACGT,849,420,0,0.0
CTCGCAGTTGATGTCACGCT,4237,1875,0,0.0
CTCGCAGTTGCGTTGCATGG,2559,1137,0,0.0
CTCGCAGTTGCTAATAGCCT,1343,892,0,0.0
CTCGCAGTTGTCTCAGAACC,6421,2654,0,0.0
CTCGCTAGGAGCTATAGTAT,503,404,0,0.0
CTCGCTGGACGCCGCCATCA,952,558,0,0.0
CTCGCTGGACTCTGCAGCGT,1625,919,0,0.0
CTCGGATCAAGTGCGCCGAT,9021,2707,0,0.0
CTCGGTATCGGCTCCGATAG,5606,1951,0,0.0
CTCGTAGTACACAGCGTTAG,2412,1196,0,0.0
CTCGTAGTACGATACGTATA,3405,1696,0,0.0
CTCGTAGTACGCGAAGCACC,1259,870,0,0.0
CTCGTAGTACGTACGGATAA,1658,978,0,0.0
CTCGTAGTACTCACATAGAC,3348,1459,0,0.0
CTCTACAGTGAGGCATACCA,2950,1708,0,0.0
CTCTACAGTGCTCCACTCAC,963,706,0,0.0
CTCTACAGTGGACAACCACC,1067,686,0,0.0
CTCTACAGTGGACGACGGCT,11645,3735,0,0.0
CTCTACAGTGGCGCTAGCAT,950,646,0,0.0
CTCTACAGTGGTCTCCGGTT,2883,1593,0,0.0
CTCTACAGTGGTTGGCTCGC,2547,1599,0,0.0
CTCTACAGTGTAACAGCGAT,7096,3061,0,0.0
CTCTACAGTGTACTCCAGCC,13027,3692,0,0.0
CTCTACAGTGTCATCTGAGC,1315,677,0,0.0
CTCTACAGTGTGAAGCAGAT,1671,817,0,0.0
CTCTACGATTCCAAGACACA,2018,1154,0,0.0
CTCTACGATTCGCATAGAGG,3454,1313,0,0.0
CTCTACGATTGCGAGTTAAT,2569,1461,0,0.0
CTCTACGATTGGACTCTAAC,3563,1737,0,0.0
CTCTAGAACCAGTACCAGCG,3347,1530,0,0.0
CTCTAGAACCAGTCTCGACC,1513,492,0,0.0
CTCTAGAACCCATATATACG,2186,1273,0,0.0
CTCTAGAACCCATTAACCGC,1931,647,0,0.0
CTCTAGAACCTCGTACACGA,1429,865,0,0.0
CTCTCTTACACATATATACG,2436,1328,0,0.0
CTCTCTTACACCGCGCGCGG,6412,2297,0,0.0
CTCTCTTACACCTCGCAACT,2277,1180,0,0.0
CTCTCTTACAGGTGCAGTCT,1991,973,0,0.0
CTCTCTTACATCCACGTTGT,1621,1016,0,0.0
CTCTGCATCCGCGCGCCTCG,6244,1957,0,0.0
CTCTGCATCCGGACCTTGCG,1392,970,0,0.0
CTCTGCATCCGGCATCAGCG,1627,827,0,0.0
CTCTGCATCCGGTTGCACTC,10749,3190,0,0.0
CTCTGTGTTACGACGGTAAC,1983,1224,0,0.0
CTCTGTTGGCACCGGTGAGA,1260,875,0,0.0
CTCTGTTGGCCTTATGTAGT,1291,842,0,0.0
CTCTGTTGGCGCGAAGATAG,2192,1351,0,0.0
CTCTGTTGGCGCTCTGCATC,6785,2350,0,0.0
CTCTGTTGGCTTCCGTACTT,3735,1035,0,0.0
CTGAATCTCGAGGACACTCC,1203,841,0,0.0
CTGAATCTCGCGGCACCTTC,1611,885,0,0.0
CTGAATCTCGGAACGCCGAC,6253,2608,0,0.0
CTGAATCTCGTGAACGAGGT,1315,352,0,0.0
CTGACAAGCACAAGTGCGGT,4913,1881,0,0.0
CTGACAAGCACTGGTCTAAC,909,506,0,0.0
CTGACAAGCAGACGTCCACA,1587,986,0,0.0
CTGACAAGCAGGACTCTAAC,1207,852,0,0.0
CTGACAAGCATTCATCGTCC,10666,3698,0,0.0
CTGACGTGGTAAGTGTCGCG,1341,775,0,0.0
CTGACGTGGTCCACGTTGAG,1041,355,0,0.0
CTGACGTGGTCGACAGTACG,3632,1537,0,0.0
CTGACGTGGTGCGTAACGTC,1235,711,0,0.0
CTGACGTGGTGTCTGTGGAA,5344,1947,0,0.0
CTGAGAATCCGGCTAACAGG,2611,1097,0,0.0
CTGAGAATCCGTCTATCACC,5122,2331,0,0.0
CTGAGAATCCTAGTGGCCGT,9168,3190,0,0.0
CTGAGCCTCTATAGAAGTTC,2010,1097,0,0.0
CTGAGCCTCTCAACGGCGCT,1238,854,0,0.0
CTGAGCCTCTCCGACCGTCT,839,409,0,0.0
CTGAGCCTCTCTCGAACAGT,1995,880,0,0.0
CTGAGGTATCAGAGAACGGA,3554,1728,0,0.0
CTGAGGTATCAGTCTCGACC,7762,2458,0,0.0
CTGAGGTATCAGTGTGCTCT,2300,1266,0,0.0
CTGAGGTATCCTAATAGGTA,621,368,0,0.0
CTGAGGTATCGGCGAATCTC,1780,798,0,0.0
CTGATTAACGCTGTGAAGGA,1730,465,0,0.0
CTGATTAGGTATCTGTAGTA,1296,628,0,0.0
CTGATTAGGTGATGAGAACT,2313,1299,0,0.0
CTGATTAGGTGATGGCAATG,2107,1233,0,0.0
CTGATTAGGTTGTAATTACA,2081,974,0,0.0
CTGCACAGTTCATGCTGACG,2230,1160,0,0.0
CTGCACAGTTCGACTCTGAG,1595,985,0,0.0
CTGCACAGTTGGCTCGTAGA,661,492,0,0.0
CTGCACAGTTGGCTGTCTTG,1684,725,0,0.0
CTGCACAGTTTTGCGCAAGT,3836,1908,0,0.0
CTGCACGCCAACACTTCGAT,2385,1349,0,0.0
CTGCACGCCAATTCCATATT,1116,742,0,0.0
CTGCACGCCACAGGCTATCA,2091,1125,0,0.0
CTGCACGCCAGAAGCGCCTG,1127,588,0,0.0
CTGCACGCCAGCGGCATAGC,18092,5075,0,0.0
CTGCACGCCATAAGGACTGC,11865,3083,0,0.0
CTGCACGCCATAGTGGCCGT,1693,1030,0,0.0
CTGCCGGTTGAGGACGCCAG,16395,4324,0,0.0
CTGCCGGTTGCAAGTAACCA,4714,1603,0,0.0
CTGCCGGTTGCCAAGAGCGC,3422,554,0,0.0
CTGCCGGTTGCCAGTTAGAT,8378,3222,0,0.0
CTGCCGGTTGGCGTTATTCG,1072,604,0,0.0
CTGCGTCAAGATCCGCATAC,928,673,0,0.0
CTGCGTCAAGCAGTCCAGTA,5466,2276,0,0.0
CTGCGTTCTCATCATCAACA,524,341,0,0.0
CTGCTACCAAACCATCACTC,3492,1953,0,0.0
CTGCTACCAACAGGATACTC,1021,748,0,0.0
CTGCTACCAATTAGTCTTGC,4055,1448,0,0.0
CTGCTTCTCAACCGGACATC,8061,3044,0,0.0
CTGCTTCTCACGTTGAGCAA,775,417,0,0.0
CTGCTTCTCAGACCTGCTTG,1574,1051,0,0.0
CTGCTTCTCATTCCAAGTAG,998,682,0,0.0
CTGCTTCTCATTGTGAAGAT,4451,2236,0,0.0
CTGGCGGTCAAGACATGCGT,3267,1760,0,0.0
CTGGCGGTCACAGTGGAGCT,3409,1803,0,0.0
CTGGCGGTCACTCCGCCAAT,1030,645,0,0.0
CTGGCGGTCAGCGAGTTAAT,863,509,0,0.0
CTGGCGGTCAGTAGGATTGA,1547,527,0,0.0
CTGGTGCTTGACCTGGACAA,1280,807,0,0.0
CTGGTGCTTGCAAGTGCGGT,3584,734,0,0.0
CTGGTGCTTGCTATAACGTT,2599,1444,0,0.0
CTGGTGCTTGGAGACGCACG,5824,2046,0,0.0
CTGGTGCTTGGCAAGGCTCT,5974,2598,0,0.0
CTGTAACGCGAGCCGAGGCA,7816,2396,0,0.0
CTGTAACGCGCTTACGGTCC,1473,848,0,0.0
CTGTAACGCGGAATGATATA,3519,1011,0,0.0
CTGTAATCGGCATAATCAAT,1770,1119,0,0.0
CTGTAATCGGTCATCTGAGC,3202,1339,0,0.0
CTGTCTATGCAACGAAGGAA,2372,1373,0,0.0
CTGTCTATGCAATGACGGCC,1952,1216,0,0.0
CTGTCTATGCGTCGCGAACC,1834,1067,0,0.0
CTGTCTATGCGTCTATATCG,5822,2585,0,0.0
CTGTGCGAATAAGTCCGGCT,669,492,0,0.0
CTGTGCGAATAGCCGTCTCG,2378,1450,0,0.0
CTGTGCGAATATACGCGATA,5169,2625,0,0.0
CTGTGCGAATTCGGTTAACC,3997,596,0,0.0
CTGTTGTCCGCCTCGAAGAT,1198,475,0,0.0
CTGTTGTCCGCTGGCACACA,5269,914,0,0.0
CTGTTGTCCGTCTCAGAACC,1874,701,0,0.0
CTTAAGTATGCGCGTCTGCT,6444,1948,0,0.0
CTTAGCATGTGTACACTGCG,1193,850,0,0.0
CTTAGCATGTTTGCACCAAT,1897,950,0,0.0
CTTAGCTCCGAGAATTCCTG,586,476,0,0.0
CTTAGCTCCGATTCTCCATA,5986,2218,0,0.0
CTTAGCTCCGTCCTGCTTAG,1003,735,0,0.0
CTTAGTGGAAGAAGCTCATA,2778,1296,0,0.0
CTTAGTGGAAGCGCATCTAG,3719,1571,0,0.0
CTTAGTGGAAGGTTGCACTC,929,380,0,0.0
CTTAGTGGAAGTGATCGAGA,533,301,0,0.0
CTTAGTGGAAGTTGAGGTTG,6611,1695,0,0.0
CTTAGTGGAATCAGTGGCTA,2512,1348,0,0.0
CTTAGTGGAATTATGACATT,1711,871,0,0.0
CTTATAGTGAGGTGTGTAGT,4499,2241,0,0.0
CTTATAGTGAGTACACTGCG,7893,2793,0,0.0
CTTATAGTGATCTCCTACAG,1896,893,0,0.0
CTTATCGAATCGGAACAGAA,5119,2320,0,0.0
CTTATCGAATTCGATCGCCT,1040,423,0,0.0
CTTCACACAAAGCGTTCGGC,1067,720,0,0.0
CTTCACACAAATGACACTGG,766,303,0,0.0
CTTCACACAACACCTAGTTA,1882,730,0,0.0
CTTCACACAACAGGATCCAT,2015,1160,0,0.0
CTTCACACAACCACGTGGCT,9656,3135,0,0.0
CTTCACACAATATAATCCGG,13325,3668,0,0.0
CTTCACACAATGTATTGAAG,557,370,0,0.0
CTTCATAATGGTGGAGCAAG,787,346,0,0.0
CTTCATAATGTATGGAAGCT,4778,2271,0,0.0
CTTCCTAACACATAATCAAT,14468,3612,0,0.0
CTTCCTAACACTGGTCTAAC,6538,1205,0,0.0
CTTCCTAACAGTGCTCGTTA,4478,1715,0,0.0
CTTCCTAACATACACACTGG,1753,790,0,0.0
CTTCCTAACATCTCTCGGCG,1129,630,0,0.0
CTTCGTCATTAAGTTAATGG,3752,1681,0,0.0
CTTCGTCATTATTCTCTGGA,5535,1699,0,0.0
CTTCGTCATTCTCCGCCAAT,520,413,0,0.0
CTTCGTCATTTCGCTTACCG,2696,1085,0,0.0
CTTCGTCATTTGCGGCCGAA,2051,885,0,0.0
CTTCTAGCGGCAGCCGTTAA,567,394,0,0.0
CTTCTAGCGGCCGTGCCTTC,3216,1545,0,0.0
CTTCTAGCGGTGTAGGATGG,1181,683,0,0.0
CTTCTAGGCTAGTGCAAGGT,2091,639,0,0.0
CTTCTAGGCTCAGTTGTGAC,1058,375,0,0.0
CTTCTAGGCTCGTCGTATTG,4235,1695,0,0.0
CTTCTAGGCTCTCCTTGCCG,2964,938,0,0.0
CTTCTAGGCTGAAGCTCATA,3830,1653,0,0.0
CTTCTAGGCTGCGTTCAAGC,597,486,0,0.0
CTTCTAGGCTTGGTTCATAG,903,677,0,0.0
CTTCTCGAGCAGTACCAGCG,1819,1159,0,0.0
CTTCTCGAGCCCAGTAGCGT,7171,1869,0,0.0
CTTCTCGAGCCGCACGAATT,1076,748,0,0.0
CTTCTCGAGCTTGCACCAAT,4190,2116,0,0.0
CTTCTCTGCCATGCTTATGC,3535,1646,0,0.0
CTTCTCTGCCGAACTACAAC,1451,582,0,0.0
CTTCTCTGCCGATCAACGGC,1222,818,0,0.0
CTTCTCTGCCGCAACGATTG,2640,1547,0,0.0
CTTCTCTGCCTCATATATTC,1769,1134,0,0.0
CTTCTCTGCCTGAATTCGGA,583,456,0,0.0
CTTCTCTGCCTTACGAGCTG,13199,4086,0,0.0
CTTCTTAGGAACCATACGAG,544,413,0,0.0
CTTCTTAGGAACGAGCGAGC,550,454,0,0.0
CTTCTTAGGAACTCCTGTCG,730,421,0,0.0
CTTCTTAGGACGTACCTCTA,683,522,0,0.0
CTTCTTAGGACTGTACTGTA,541,421,0,0.0
CTTCTTAGGAGAGCGCACGC,3540,1645,0,0.0
CTTCTTAGGAGCCGCCGTGT,887,658,0,0.0
CTTCTTAGGAGCCTCTGTAT,2061,1013,0,0.0
CTTCTTAGGAGTATAAGGTC,743,351,0,0.0
CTTCTTAGGAGTTAATCGAG,5557,2073,0,0.0
CTTCTTAGGAGTTAGCACGA,2214,1123,0,0.0
CTTCTTAGGATCTCAAGAAT,1279,752,0,0.0
CTTGCCAGCAAAGTCCACGA,5829,2125,0,0.0
CTTGCCAGCACAGCGATGTC,2429,1220,0,0.0
CTTGCCAGCATCGTACACGA,9597,3230,0,0.0
CTTGGCCGCGATCTGTAGTA,1848,703,0,0.0
CTTGGCCGCGCTGTACTGTA,2454,937,0,0.0
CTTGGCCGCGTCGCTCGCAC,7490,2530,0,0.0
CTTGGCCGCGTTATGACATT,6197,1823,0,0.0
CTTGGCCTGAGGATTAGTCT,4904,1756,0,0.0
CTTGGCCTGAGTCGGCAGTA,683,469,0,0.0
CTTGGTAAGGATATTATTAC,6707,2702,0,0.0
CTTGGTAAGGCACTTATAGA,2268,1325,0,0.0
CTTGGTAAGGGGCCTTCCAT,10155,2781,0,0.0
CTTGGTAAGGTGCTATTGTG,1898,996,0,0.0
CTTGTTATCAAGCCTCTAGC,1613,749,0,0.0
CTTGTTATCAAGTGGACTGG,4109,1935,0,0.0
CTTGTTATCAATGTACCGTG,2833,411,0,0.0
CTTGTTATCAGCCGCCACGC,6662,1660,0,0.0
CTTGTTATCAGTCTGATACG,1261,613,0,0.0
GAACAACCGAACGGTTCGTT,2295,1061,0,0.0
GAACAACCGAAGAGGTGCTA,2269,1201,0,0.0
GAACAACCGAAGCTCAGGAG,2041,1016,0,0.0
GAACAACCGAGTCGGCAGTA,1365,891,0,0.0
GAACAACCGATGCTCTATTC,4053,1624,0,0.0
GAACATCACAAATATGAGAG,4920,2026,0,0.0
GAACATCACAAGGCTGAACG,12449,3243,0,0.0
GAACATCACAATAGAGCGTC,3485,1343,0,0.0
GAACATCACACGGTTAAGTG,1823,624,0,0.0
GAACATCACACGTGCCTTGA,1607,398,0,0.0
GAACGACTGTAGAGAACGGA,7663,2962,0,0.0
GAACGACTGTATTAGTAGGA,631,325,0,0.0
GAACGACTGTCATGACTCGT,2829,1238,0,0.0
GAACGACTGTCTATGCTTCG,4469,2323,0,0.0
GAACGACTGTGACTGCGTAA,1401,852,0,0.0
GAACGACTGTGATTCCTACG,2705,1478,0,0.0
GAACGCAATCAAGTTAATGG,4146,1852,0,0.0
GAACGCAATCAGCGGAACAA,8741,3159,0,0.0
GAACGCAATCAGGTGTAGGA,703,524,0,0.0
GAACGCAATCAGTCAGGTCC,1742,1154,0,0.0
GAACGCAATCCCACAGCCGA,2582,1369,0,0.0
GAACGCAATCCCAGTTAGAT,2225,603,0,0.0
GAACGCAATCCTATGCTTCG,1432,807,0,0.0
GAACGCAATCGCGGCATAGC,961,495,0,0.0
GAACGCAATCGGTCCTACTG,6727,2419,0,0.0
GAACGCAATCGTTATAGGTG,692,549,0,0.0
GAACGCAATCTGTTCGCACT,1278,601,0,0.0
GAAGCATGCCCGAGTACATC,882,686,0,0.0
GAAGCATGCCCTACGTGAGG,522,387,0,0.0
GAAGCGGCGTGAGCCAGCGT,2911,1160,0,0.0
GAAGCGGCGTGGTACAAGCA,8831,2939,0,0.0
GAAGGATCGTAACTACGTAG,863,650,0,0.0
GAAGGATCGTACGACAAGTG,1573,669,0,0.0
GAAGGATCGTGACCTGCGCC,553,441,0,0.0
GAAGGATCGTGCTCTCACAG,6117,2776,0,0.0
GAAGGATCGTTCGGCGCCGA,938,445,0,0.0
GAAGGATCGTTGATGCTCTA,1085,695,0,0.0
GAAGTCTCACAACGGCTCTT,1643,939,0,0.0
GAAGTCTCACATTGTAATGT,669,536,0,0.0
GAAGTCTCACCCGACAACGC,2256,894,0,0.0
GAAGTCTCACGTTATCTATA,7090,2895,0,0.0
GAAGTCTCACTCTGTATGTT,1284,870,0,0.0
GAAGTTGGAGAAGCTTATTA,7794,2665,0,0.0
GAAGTTGGAGCAACCTGCTC,1622,987,0,0.0
GAAGTTGGAGCATAACTGTA,551,454,0,0.0
GAAGTTGGAGCGAACCGCAA,1173,602,0,0.0
GAAGTTGGAGCGGTGCCGTG,505,355,0,0.0
GAAGTTGGAGGTCGCGTTCA,18349,3480,0,0.0
GAAGTTGGAGTGCTAGTTGG,5721,2287,0,0.0
GAATACGAATAATCCGCGTG,817,615,0,0.0
GAATACGAATATACTTCACA,1118,430,0,0.0
GAATACGAATCGGTTAAGTG,1053,517,0,0.0
GAATACGAATGAGTCCATAG,8721,3116,0,0.0
GAATCAATTCAAGTTAATGG,3734,1525,0,0.0
GAATCAATTCACTGGCCTCC,1817,497,0,0.0
GAATCAATTCGGATAGGTAA,3316,1409,0,0.0
GAATCCGATCGAATCGACAT,767,537,0,0.0
GAATCCGATCGACTCTTGGC,4361,1735,0,0.0
GAATCCGATCGATGCTCTCA,656,525,0,0.0
GAATCCGATCTCTCTCGGCG,2016,1176,0,0.0
GAATCCGATCTTATGCGTCT,12671,3940,0,0.0
GAATCCGGCGATACGGCCTC,1544,976,0,0.0
GAATCCGGCGCGACCAACCG,1267,863,0,0.0
GAATCCGGCGTAACAGCTGA,856,631,0,0.0
GAATCGTGACAAGTCGGTGG,3734,1923,0,0.0
GAATCGTGACAGTTCCACGT,641,420,0,0.0
GAATCGTGACGCAACGATTG,2945,1397,0,0.0
GAATCGTGACGCAGGTCCGA,620,329,0,0.0
GAATCGTGACGCATTACCGG,538,410,0,0.0
GAATCGTGACTGTAGCTTCA,3681,1848,0,0.0
GAATGGAAGGGAAGTCCTAG,1148,433,0,0.0
GACACACCTAAATCCGCGTG,698,493,0,0.0
GACACACCTAACTTAGGCAG,12588,3797,0,0.0
GACACATATTAGCGAGAACC,2299,1259,0,0.0
GACACATATTCAGCTAACAC,2929,1080,0,0.0
GACACATATTGAACGCCGAC,2742,1149,0,0.0
GACACATATTGTGCTCGTTA,2206,1189,0,0.0
GACACATATTTGAATTCGGA,4623,2199,0,0.0
GACACATATTTTCAACGGCG,2803,1391,0,0.0
GACACCGCGAAGCCGTCTCG,747,530,0,0.0
GACACCGCGAATAGCCACGC,952,586,0,0.0
GACACCGCGATCTCGCAAGA,4843,1363,0,0.0
GACACTAGAGACGACCTTCG,10655,3048,0,0.0
GACACTAGAGAGGCATTGGC,2086,1079,0,0.0
GACACTAGAGCGACCGCCTC,1552,950,0,0.0
GACACTAGAGGGACTCGCGT,1944,1213,0,0.0
GACACTAGAGTCTTACTGTA,3077,1717,0,0.0
GACACTAGAGTGTATTGAAG,1230,751,0,0.0
GACAGCGAATAAGAGCTTGC,4935,1326,0,0.0
GACAGCGAATACCGCGCAAG,5723,2090,0,0.0
GACAGCGAATACTTAGGCAG,5136,1924,0,0.0
GACAGCGAATATCTGCAGAG,1825,1202,0,0.0
GACAGCGAATCACACCTAAC,4841,1990,0,0.0
GACAGCGAATCCGTAAGTGT,6928,2577,0,0.0
GACAGCGAATGGTGTAGCGG,1892,1177,0,0.0
GACAGCGGTCACGGTATATC,3160,1625,0,0.0
GACAGCGGTCCTCGGACTAG,1581,975,0,0.0
GACAGCGGTCGCAACATATA,1786,554,0,0.0
GACAGCGGTCGTCTCTGCTA,4840,1894,0,0.0
GACAGCGGTCTGGCCATGGT,711,417,0,0.0
GACAGCGGTCTTGCACCAAT,826,305,0,0.0
GACAGGTCTTTGGTTAAGGA,8817,2548,0,0.0
GACATAAGTGACCATACGAG,1342,689,0,0.0
GACATAAGTGACTTGGAGAC,3604,1319,0,0.0
GACATAAGTGAGAGGCCTAC,2531,1399,0,0.0
GACATAAGTGATTCGCCACT,1474,910,0,0.0
GACATAAGTGCGGTTCGTAT,5116,1788,0,0.0
GACATAAGTGCTAATCATCG,1806,464,0,0.0
GACATAAGTGCTGGCCACTG,953,618,0,0.0
GACATAAGTGTAGACCTTAA,1778,1115,0,0.0
GACATAGTCCAAGCGGTCAA,1034,591,0,0.0
GACATAGTCCCAGTCGATCC,2570,1102,0,0.0
GACATAGTCCCCACCGCATG,3647,1959,0,0.0
GACATAGTCCCGTTGAGCAA,675,530,0,0.0
GACATAGTCCGGTGGACATA,1569,985,0,0.0
GACATAGTCCTCCTCATGTT,2942,1628,0,0.0
GACATGGAGCATGGAATGTA,6385,2941,0,0.0
GACATGGAGCCGCAGTAGAT,1445,649,0,0.0
GACATGGAGCCTATTCAGCA,822,596,0,0.0
GACCAGAGGAAGGACGCCAG,643,465,0,0.0
GACCAGAGGATCATTACGAG,12080,3376,0,0.0
GACCAGAGGATTCTGCAACT,2811,1364,0,0.0
GACCGACACAATTCGCCACT,920,653,0,0.0
GACCGACACACAGGCTATCA,1326,470,0,0.0
GACCGACACACCTGTGCTTC,2316,1014,0,0.0
GACCGACACATGCCATAGCT,9658,3598,0,0.0
GACCGGAATACGTGCACGGA,8219,2992,0,0.0
GACCGGAATAGAGTCCACTC,547,362,0,0.0
GACCGGAATATAGCCGATTC,1157,776,0,0.0
GACCGGAATATCTACGGACA,598,407,0,0.0
GACCGTCGAGATTAGTAGGA,7316,2453,0,0.0
GACCGTCGAGCCAATCGGCA,6951,2442,0,0.0
GACCGTCGAGGGATAGAGAT,10341,3369,0,0.0
GACCGTCGAGGGCCTGGAGA,2142,1235,0,0.0
GACCGTCGAGGTGTCGGTTA,2228,1387,0,0.0
GACCGTGTCGATATTATTAC,697,432,0,0.0
GACCGTGTCGTCCAAGCGGT,2247,1246,0,0.0
GACCGTGTCGTTAAGCCGCC,1456,466,0,0.0
GACGATCCTTCAAGAGAGAG,2982,1360,0,0.0
GACGATCCTTGCATGTGCAG,892,597,0,0.0
GACGATCCTTGCTTCGGACG,2030,1128,0,0.0
GACGATCCTTTACGGCACTA,1398,743,0,0.0
GACGATCGCACTCTGTCGCA,3210,1383,0,0.0
GACGATCGCAGCACTAATTC,991,430,0,0.0
GACGATCGCAGCAGCATCTC,3583,1666,0,0.0
GACGATCGCATGGCTTCTCG,1724,987,0,0.0
GACGCTGCTCACCTGCCTAT,4127,1950,0,0.0
GACGCTGCTCCACTAAGGAG,2454,1167,0,0.0
GACGCTGCTCCTCTATGGCT,1041,565,0,0.0
GACGCTGCTCGTCTACTGAT,1496,988,0,0.0
GACGGAGTGAACACATCCTC,2758,1190,0,0.0
GACGGAGTGACCGCGCGCGG,2169,1028,0,0.0
GACGGAGTGAGCGCGCCTCG,3013,1294,0,0.0
GACGGAGTGATGTCATCGTA,597,481,0,0.0
GACGGCTTCTAACGTTGGTC,1329,494,0,0.0
GACGGCTTCTACGATAATCA,663,486,0,0.0
GACGGCTTCTCAGCCGTTAA,8351,2853,0,0.0
GACGGCTTCTCTTATGTAGT,6090,2227,0,0.0
GACGGCTTCTGACTGCGTAA,2042,1097,0,0.0
GACGGCTTCTGTGAATCAAC,4017,1494,0,0.0
GACGTCGGAAGCGCTAGCAT,578,338,0,0.0
GACTACATTGCTCATTCCGG,540,460,0,0.0
GACTACATTGTTAAGCCGCC,4252,1943,0,0.0
GACTATGAGCAGAACTGTGT,1313,397,0,0.0
GACTATGAGCATCTGCAATC,1242,811,0,0.0
GACTATGAGCCCTGAGTCTA,2425,1239,0,0.0
GACTGTCTACAGATATGATC,4423,1917,0,0.0
GACTGTCTACGAGCCGGATT,611,476,0,0.0
GACTGTCTACGATCGAACAT,674,371,0,0.0
GACTGTCTACTACCGTATAT,8163,2445,0,0.0
GACTTATATGACGACAGATC,4622,1911,0,0.0
GACTTATATGCCGTGCCGCA,5964,2543,0,0.0
GACTTATATGGAACTCCGTT,886,602,0,0.0
GACTTATATGGTAATGCTGA,1849,1145,0,0.0
GAGACGGTGTAACTTATTAA,517,341,0,0.0
GAGACGGTGTAGACTCCTTC,1913,393,0,0.0
GAGACGGTGTATTCAGAATC,1500,924,0,0.0
GAGACGGTGTCAAGTTGATC,1633,838,0,0.0
GAGACGGTGTCGCACTGGCA,25498,4950,0,0.0
GAGACGGTGTCTAATCATCG,584,361,0,0.0
GAGACTCTTCTGCATTATTA,868,657,0,0.0
GAGACTCTTCTGCGCAGAGC,720,228,0,0.0
GAGAGCGTGACGACTTGCAC,1645,656,0,0.0
GAGATAACAGACATCGACGT,2301,1150,0,0.0
GAGATAACAGACGTACCATT,4119,1348,0,0.0
GAGATAACAGATTGTAATGT,873,562,0,0.0
GAGATAACAGCTCTGCCACG,4376,1670,0,0.0
GAGATAACAGGCACCGAATC,1174,797,0,0.0
GAGATAACAGGGCCAACGGA,1616,647,0,0.0
GAGATCAGAACAACGGCGCT,10669,2527,0,0.0
GAGATCAGAAGCGCAATCCG,12749,3529,0,0.0
GAGATCAGAATGCCTCAATG,1214,673,0,0.0
GAGCAATACTAACACCAGAC,7067,2407,0,0.0
GAGCAATACTCAACCTCTCA,3652,2021,0,0.0
GAGCAATACTCGCGTTGACG,609,339,0,0.0
GAGCAATACTTCTCGCAAGA,11729,3537,0,0.0
GAGCAATACTTCTTGCCAAT,686,485,0,0.0
GAGCAATACTTGATGAACGG,1115,752,0,0.0
GAGCCATTCGAACTCAGTTA,1335,793,0,0.0
GAGCCATTCGAGGAATCTGC,2333,1029,0,0.0
GAGCCATTCGCGAATGTACT,1882,1041,0,0.0
GAGCCATTCGCTGCGTTACA,5555,1882,0,0.0
GAGCCATTCGGACACAGTAA,1774,1054,0,0.0
GAGCCATTCGTAGACCTTAA,1891,1044,0,0.0
GAGCGGCAAGAAGCACCGAT,4137,1485,0,0.0
GAGCGGCAAGATGACGGAGA,662,490,0,0.0
GAGCGGCAAGCCGAACTAGC,966,497,0,0.0
GAGCGGCAAGGAATCGACAT,1713,740,0,0.0
GAGCGGCAAGTCGATCTCTG,3611,1406,0,0.0
GAGCGGCAAGTGCCGCGCTG,5034,1294,0,0.0
GAGCGGCAAGTGGCTATACC,1081,749,0,0.0
GAGCGGCGCACTTGTGGCGA,786,603,0,0.0
GAGCGGCGCAGTGCTGTCTT,900,525,0,0.0
GAGCGGCGCATATGCATACC,3317,1054,0,0.0
GAGCGGCGCATGTTCGTCGT,4021,1842,0,0.0
GAGCTCAAGTACAGACGGCG,965,251,0,0.0
GAGCTCAAGTACGACAAGTG,1961,986,0,0.0
GAGGAAGATGACGTATGGTA,6892,2387,0,0.0
GAGGAAGATGACTCGAACGT,2995,1609,0,0.0
GAGGAAGATGCGAACTGGAC,1151,830,0,0.0
GAGGAAGATGGCCGCCGTGT,5029,2396,0,0.0
GAGGAAGATGGTATAAGGTC,3261,1106,0,0.0
GAGGCCGCTGAACCAGATAT,707,567,0,0.0
GAGGTAGCCACTGGCCACTG,2272,1024,0,0.0
GAGGTAGCCAGTGGTAGTAT,10830,3347,0,0.0
GAGGTAGCCATTCCTGTCAT,3288,1185,0,0.0
GAGGTATGAAGACTCTTGGC,6732,2434,0,0.0
GAGGTATGAAGTATGTAGCA,663,449,0,0.0
GAGTAAGCTCATTCCATATT,1389,905,0,0.0
GAGTAAGCTCCTTCCTGGCG,728,559,0,0.0
GAGTAAGCTCGCCGCCATCA,1268,626,0,0.0
GAGTAAGCTCTTGCAGTGGT,2615,1387,0,0.0
GAGTATAGACAAGCTTATTA,5763,2229,0,0.0
GAGTATAGACAGCCACATCT,2127,1169,0,0.0
GAGTATAGACGTCTGATACG,2711,1436,0,0.0
GAGTATTACCAATCCATTCT,863,590,0,0.0
GAGTATTACCAATGCGGCAT,2516,1399,0,0.0
GAGTATTACCAGTACGTCGC,861,598,0,0.0
GAGTATTACCAGTCTCGACC,831,395,0,0.0
GAGTATTACCATTGCTCTGT,505,405,0,0.0
GAGTATTACCGTCTGATACG,3330,1253,0,0.0
GAGTATTACCTAACAGCTGA,6506,2735,0,0.0
GAGTCGCCAAACCTACGGCT,2244,1075,0,0.0
GAGTCGCCAACTCTTGGCTG,640,325,0,0.0
GAGTCGCCAACTTGCAACAA,1553,847,0,0.0
GAGTCGCCAAGTATTAAGCG,661,426,0,0.0
GAGTCGCCAATTGCTTATAA,5075,1920,0,0.0
GAGTGGCTCCCTTATGTAGT,6167,2484,0,0.0
GAGTGTGCTAACTGGTCCGC,5813,1969,0,0.0
GAGTGTGCTACTAATCACTT,614,428,0,0.0
GAGTGTGCTAGAACGCCGAC,5126,2401,0,0.0
GAGTGTGCTATCTTACGTCT,1966,1168,0,0.0
GAGTGTGCTATCTTGTTAGG,3378,1393,0,0.0
GAGTTAATTACATAGCGTGG,5638,2266,0,0.0
GAGTTAATTATCATGACAGC,1888,871,0,0.0
GAGTTGCGTTCCAGAGATCG,1316,898,0,0.0
GAGTTGCGTTGATACGTATA,1750,985,0,0.0
GAGTTGCGTTTGAACAATGG,12001,4115,0,0.0
GAGTTGCGTTTTACTTCGGC,885,612,0,0.0
GATAGTAATTATTCCATATT,1276,741,0,0.0
GATAGTAATTCGCAGTAGAT,587,436,0,0.0
GATAGTAATTCTCACAAGAC,3054,1408,0,0.0
GATAGTAATTGAACGCCGAC,3171,1607,0,0.0
GATAGTTGCGAGTGGCGTTC,2102,874,0,0.0
GATAGTTGCGCGGATGCCGA,3485,1895,0,0.0
GATAGTTGCGGGCTTAGACC,888,467,0,0.0
GATAGTTGCGGGTTGCACTC,1126,571,0,0.0
GATAGTTGCGTACACAGGCG,3768,2023,0,0.0
GATATATCACAAGCACCGAT,2321,1121,0,0.0
GATATATCACCCTCATCGTG,1849,1159,0,0.0
GATATATCACGCTATAGTAT,1529,752,0,0.0
GATATATCACGTCTGATTAT,1775,1110,0,0.0
GATATATCACTAGAATAGCG,2793,1119,0,0.0
GATATATCACTTAACGGTCT,1579,908,0,0.0
GATATTGTTCACAGATCACC,4862,1957,0,0.0
GATATTGTTCGGTACCTTAA,1745,1098,0,0.0
GATCATCGATAGTCTAAGTG,1031,446,0,0.0
GATCATCGATCCGAGTAACA,2494,1024,0,0.0
GATCATCGATGGACTTCATC,1828,1138,0,0.0
GATCATCGATTCTTCGGTGG,1309,849,0,0.0
GATCGATGACACTTGAATCC,7235,2997,0,0.0
GATCGATGACAGCACTTAAT,654,254,0,0.0
GATCGATGACCACCTCATTG,2661,1381,0,0.0
GATCGGCCGGCTAATAGCCT,1169,403,0,0.0
GATCGGCCGGCTCGACTGAG,1374,926,0,0.0
GATCGGCCGGGACACCATCC,917,634,0,0.0
GATCGGCCGGGTCGCGTTCA,1248,761,0,0.0
GATCGTAACCACTATTGCCT,5166,2102,0,0.0
GATCGTAACCGATTCACTGG,1734,959,0,0.0
GATCTCCTCCAAGAATAGGA,4759,1673,0,0.0
GATCTCCTCCACAGACGGCG,1563,840,0,0.0
GATCTCCTCCAGTACCAGCG,3233,965,0,0.0
GATCTCCTCCATCATACTTA,2758,1055,0,0.0
GATCTCCTCCGAACTCATCT,2799,1571,0,0.0
GATCTCCTCCGGAGTTAAGG,9471,2516,0,0.0
GATCTCCTCCGGCACGCGGA,5238,2470,0,0.0
GATCTCCTCCTCATTAGTAA,1277,716,0,0.0
GATCTCGACAAACGCGTGGC,2165,1289,0,0.0
GATCTCGACACAAGCTTCTA,2960,1682,0,0.0
GATCTTCGCGCATCTTACCA,1284,814,0,0.0
GATCTTCGCGCTCCTTACAC,5494,2104,0,0.0
GATCTTCGCGCTCGATAGAT,4314,2087,0,0.0
GATCTTCGCGTTGTGACTCG,1315,580,0,0.0
GATGAAGCGTACTCCTGTCG,654,519,0,0.0
GATGAAGCGTGAGGTCTCCT,1701,762,0,0.0
GATGCACGAGCGTACCTAAT,3355,1495,0,0.0
GATGCACGAGTAATGTCTTA,546,438,0,0.0
GATGCACGAGTGGCTCAGCA,943,559,0,0.0
GATGCACGAGTTCACACACA,512,384,0,0.0
GATGCCAGCCATAATTGCAA,8754,3409,0,0.0
GATGCCAGCCTAGACGTCTA,2313,954,0,0.0
GATGCCAGCCTCGCTCGCAC,954,583,0,0.0
GATGCCAGCCTGAAGATATG,1562,989,0,0.0
GATGGAGCAGAACTACAATT,741,450,0,0.0
GATGGAGCAGCGACGAGACC,738,556,0,0.0
GATGGAGCAGTGTATACACG,1890,829,0,0.0
GATGGCTGTTCACTATAAGA,1805,1243,0,0.0
GATGGCTGTTCAGGCTATCA,1396,779,0,0.0
GATGGCTGTTTTAATGATCC,702,543,0,0.0
GATGGTATGAAATGCGGCAT,3076,1288,0,0.0
GATGGTATGAATCTGCAGAG,2402,915,0,0.0
GATGGTATGACCAGAGATCG,773,449,0,0.0
GATGGTATGAGGAGTTAAGG,1464,931,0,0.0
GATGGTATGAGTCAGGTCGG,1866,876,0,0.0
GATGGTATGAGTCATGTACG,1284,615,0,0.0
GATGTGATGCCAAGGCTGAC,1323,908,0,0.0
GATGTGATGCCTCTGTCGCA,1709,997,0,0.0
GATGTGATGCCTGGCAATGG,3316,980,0,0.0
GATGTGATGCGGTCATTACG,978,450,0,0.0
GATTAAGCCAAGTAGAGTAA,853,361,0,0.0
GATTAAGCCACGGTTCGTAT,6015,1831,0,0.0
GATTAAGCCATGAACGAGGT,6609,2370,0,0.0
GATTAAGCCATTACCGGTGG,2499,1101,0,0.0
GATTACCGCGAGCCACATCT,2991,1268,0,0.0
GATTACCGCGAGCCGTGACC,2980,1565,0,0.0
GATTACCGCGCCTATATAAT,1092,524,0,0.0
GATTACCGCGCGGCACCTTC,2807,1519,0,0.0
GATTACCGCGGTAATGCTGA,4575,1772,0,0.0
GATTACCGCGTTGTGCTCAG,3395,1639,0,0.0
GATTACGTGTAGTGGACTGG,1146,697,0,0.0
GATTACGTGTCTACTAAGGT,1109,769,0,0.0
GATTACGTGTCTTGGACCTA,14354,4121,0,0.0
GATTATAAGGCTTCGCAATA,1609,976,0,0.0
GATTATAAGGTGCCTTCTTC,1774,863,0,0.0
GATTCAGGCCAACGAAGGAA,1416,739,0,0.0
GATTCAGGCCACGTACATAA,1384,966,0,0.0
GATTCAGGCCTACACCGATA,1582,660,0,0.0
GATTCAGGCCTATGGCTTAG,2040,1105,0,0.0
GATTGCCAGGAACCAGATAT,1790,1094,0,0.0
GATTGCCAGGAGTTCCGTGC,10420,3734,0,0.0
GATTGCCAGGATGACTCCGT,2939,1188,0,0.0
GATTGCCAGGCATGACTCGT,6589,2307,0,0.0
GATTGCCAGGCGACTTGCAC,868,657,0,0.0
GATTGCCAGGTAGGTGCCTT,2949,1385,0,0.0
GATTGCCAGGTTAACGGTCT,1290,620,0,0.0
GCAACGTGTCCAACTAGATT,1310,880,0,0.0
GCAACGTGTCCTTGGACCTA,1828,1017,0,0.0
GCAACGTGTCGACAATTGTC,8679,2993,0,0.0
GCAACGTGTCGCTCCTAGCT,7648,2452,0,0.0
GCAACGTGTCTGCTATTGTG,2127,1095,0,0.0
GCAAGCGAAGGACCAGCACT,5171,1918,0,0.0
GCAAGCGAAGGACTAATTCT,1056,518,0,0.0
GCAAGCGAAGTCAGCGGTGC,1250,398,0,0.0
GCAAGTAAGAATATTATTAC,2071,1146,0,0.0
GCAAGTAAGATGCCAAGATT,1095,799,0,0.0
GCAAGTAAGATGGTGCATCT,3217,1715,0,0.0
GCAAGTTATGCAGCGCTAAC,1822,1121,0,0.0
GCAAGTTATGCTCAATGACA,53821,8542,0,0.0
GCAATCGCGGATGTCTGTAA,3779,1318,0,0.0
GCAATCGCGGCACCTAGTTA,650,516,0,0.0
GCAATCGCGGTAGATATATT,1417,578,0,0.0
GCAATCTTGACGTGAACTAC,2955,1314,0,0.0
GCAATCTTGAGCTCCTAGCT,1554,845,0,0.0
GCAATCTTGATGAGACCTCC,2384,1337,0,0.0
GCAATGCTAGAACTCAGTTA,5685,2065,0,0.0
GCAATGCTAGATGGCGAATA,6810,2612,0,0.0
GCAATGCTAGCACATGCTGG,11137,2937,0,0.0
GCAATGCTAGGGAACAGTAT,3037,1431,0,0.0
GCAATGCTAGTTCTCTTGGT,3538,1660,0,0.0
GCACACGTTAATCAGTACCA,1484,901,0,0.0
GCACACGTTAATCGAGTCCT,2722,1354,0,0.0
GCACACGTTACCATAGATTA,2450,1569,0,0.0
GCACACTTGCACAACCGGAT,2566,1141,0,0.0
GCACACTTGCACGTCCAGTC,4748,1717,0,0.0
GCACACTTGCCTTGGCTTAT,2953,1109,0,0.0
GCACAGTATGATATCGTCCA,1429,727,0,0.0
GCACAGTATGCTCCTGGATA,2608,1483,0,0.0
GCACAGTATGGCAGCTCGTG,10994,2989,0,0.0
GCACAGTATGGGTCTTCACA,3121,1907,0,0.0
GCACAGTATGTAATGTTCTG,1061,761,0,0.0
GCACAGTATGTATATAGACC,1528,572,0,0.0
GCACAGTATGTCTGAGCCAC,1232,842,0,0.0
GCACAGTGCCAGAAGCATCT,4059,1952,0,0.0
GCACAGTGCCATGAGACAGC,1357,585,0,0.0
GCACAGTGCCGCCGCCATCA,1277,653,0,0.0
GCACAGTGCCGCTCATTAGC,6946,2312,0,0.0
GCACAGTGCCGGCGCGAATA,2943,1404,0,0.0
GCACGCAGCGATTCCATATT,10107,2687,0,0.0
GCACGCAGCGCTCATTCCGG,808,510,0,0.0
GCACGCAGCGGACCACTGAA,1829,1000,0,0.0
GCACGCTAATCTCCACTCAC,1168,773,0,0.0
GCACGCTAATGGCGATCATA,2269,1085,0,0.0
GCACGCTAATTAGACCTTAA,620,501,0,0.0
GCACGTGCTTCGAATGTACT,5464,2031,0,0.0
GCACGTGCTTGACGCGTGAG,678,521,0,0.0
GCACTAGAGACGCCAACCTT,1131,695,0,0.0
GCACTAGAGACTAGCCGCCA,6916,2657,0,0.0
GCACTAGAGAGCCAGTTGGA,3881,1632,0,0.0
GCACTCCGAAACGCAGCGAA,7706,2232,0,0.0
GCACTCCGAACCAAGACACA,962,433,0,0.0
GCACTCCGAAGCCTGCGCAT,7472,2151,0,0.0
GCACTCCGAAGGAATGAAGA,1128,625,0,0.0
GCACTCCGAAGTACGAGTTC,3254,1466,0,0.0
GCACTGTCTAAGGTGTAGGA,657,442,0,0.0
GCACTGTCTAAGTTCCACGT,1445,606,0,0.0
GCACTGTCTAATAGCCGATG,739,244,0,0.0
GCACTGTCTAATGGCGAATA,1507,1025,0,0.0
GCACTGTCTACGCACACAGA,1418,452,0,0.0
GCACTGTCTAGCGCACGTCC,1078,714,0,0.0
GCACTGTCTAGGCAAGCACG,743,566,0,0.0
GCACTGTCTAGTACTGGTAG,1232,753,0,0.0
GCACTGTCTATCTGAGCCAC,15440,4186,0,0.0
GCACTGTCTATGGCCGTCTC,9581,2964,0,0.0
GCACTGTCTATTCATCGTCC,2181,1021,0,0.0
GCAGAATAATCTCACAAGAC,7223,2325,0,0.0
GCAGAATAATGTGCACCAGC,1573,1024,0,0.0
GCAGATGGTCAGGAACGACG,2674,1248,0,0.0
GCAGATGGTCGGATATGTTG,1514,865,0,0.0
GCAGATGGTCGTCTATCACC,13233,3350,0,0.0
GCAGATGGTCTAAGCCTAGG,4252,1849,0,0.0
GCAGATGGTCTTATGACATT,6920,1914,0,0.0
GCAGCCACCTCACTTACCAA,4934,1957,0,0.0
GCAGCCACCTCGCACACAGA,3781,1547,0,0.0
GCAGCCACCTGGATTAGTCT,8384,3138,0,0.0
GCAGCCGTCGCTCGACTGAG,2270,1273,0,0.0
GCAGCCGTCGGGTGTTAATC,731,521,0,0.0
GCAGCCGTCGGTCTCCGGTT,5752,1770,0,0.0
GCAGCCGTCGGTCTGATACG,809,394,0,0.0
GCAGCGGCAGAGAGGCCTAC,1384,558,0,0.0
GCAGCGGCAGTCTCTTACGC,687,530,0,0.0
GCAGGAAGGAACAATAACGT,14477,4866,0,0.0
GCAGGAAGGACATCTTGAAC,1384,875,0,0.0
GCAGGAAGGACCAATCGGCA,2364,1371,0,0.0
GCAGGCCGTTATGCTTGGTT,648,460,0,0.0
GCAGGCCGTTCTAAGTCTTG,7429,2246,0,0.0
GCAGGCCGTTTAGGCTGATT,9955,3626,0,0.0
GCAGGCCGTTTTGAGTCCAG,1533,588,0,0.0
GCAGGTACTGCCAAGTTAGC,8075,2905,0,0.0
GCAGGTACTGCCATAGATTA,2670,1487,0,0.0
GCAGGTACTGCGATTCATCC,1430,660,0,0.0
GCAGGTACTGCGTTGAGCAA,3609,1237,0,0.0
GCAGGTACTGGGAGTTAAGG,4038,1605,0,0.0
GCAGGTACTGTAGGCGTTCA,1326,832,0,0.0
GCAGTGTTCCGGTACCTTAA,846,438,0,0.0
GCAGTGTTCCGTTACACTTA,1425,762,0,0.0
GCATACTGAACAACAAGCCG,7952,2818,0,0.0
GCATACTGAACAGGACTATC,688,481,0,0.0
GCATACTGAACGGCCACGGC,2460,1472,0,0.0
GCATAGCCGCGCGTTCAAGC,1610,478,0,0.0
GCATAGCCGCTCTCTCGCTT,4024,1749,0,0.0
GCATAGTACAGCCTCTCGCG,990,683,0,0.0
GCATAGTACATCTCTCGCTT,1679,667,0,0.0
GCATCCTTGGATGTGATTGC,2464,1492,0,0.0
GCATCCTTGGCCGATTAAGC,5703,2143,0,0.0
GCATCCTTGGCGCGTTGACG,629,323,0,0.0
GCATCCTTGGCGTAAGTTAG,2675,1514,0,0.0
GCATCCTTGGGGAACGGCCT,1259,496,0,0.0
GCATCCTTGGTACGGCACTA,1566,943,0,0.0
GCATCCTTGGTCTTCCGGAA,712,559,0,0.0
GCATCCTTGGTGGCCGTCTC,1612,942,0,0.0
GCATCGCGAAATGGACCATA,584,356,0,0.0
GCATCGCGAACGGATGCCGA,664,307,0,0.0
GCATCGCGAAGACCACTATT,851,585,0,0.0
GCATCGCGAAGTTCAATTCC,3441,1539,0,0.0
GCATCGCGAATAGATATATT,1053,640,0,0.0
GCATCGCGAATTACTTCGGC,825,373,0,0.0
GCATGCAATTACCATCACTC,2645,1008,0,0.0
GCATGCAATTCCAGGACGGC,1857,1047,0,0.0
GCATGCAATTCGTAAGTTAG,2063,693,0,0.0
GCATGCAATTGGATTAGTCT,701,515,0,0.0
GCATGCAATTGTTATAGGTG,738,515,0,0.0
GCATGGACGACAAGTGCTCC,571,381,0,0.0
GCCAACGACAATTCCACTTC,1417,961,0,0.0
GCCAACGACACCGCCTTGGT,531,405,0,0.0
GCCAACGACACGGAACAGAA,518,365,0,0.0
GCCAACGACACTTCCTGGCG,2296,1140,0,0.0
GCCAACGACAGATCGAACAT,656,492,0,0.0
GCCACGAAGTAAGTGAACTG,934,684,0,0.0
GCCACGAAGTCGCAGACCAG,1985,755,0,0.0
GCCACGAAGTGAATTCACAA,2802,1271,0,0.0
GCCACGAAGTGACTAATTCT,5458,2760,0,0.0
GCCACGAAGTGCGGCTCAAT,1575,556,0,0.0
GCCACGAAGTTAGGCTGATT,1489,416,0,0.0
GCCACGAAGTTGTAGGATGG,748,252,0,0.0
GCCACTGAGACGTAAGTTAG,2147,1203,0,0.0
GCCAGCCTCAAGTGTTGTGC,1718,1112,0,0.0
GCCAGCCTCACCACATACGT,12045,3240,0,0.0
GCCAGCCTCAGTCGACGAGT,1285,829,0,0.0
GCCAGCCTCATCTGGTCTCG,2948,1469,0,0.0
GCCAGTGGTTAGCAGAGCAT,2242,597,0,0.0
GCCAGTGGTTCTATTCAGCA,2295,908,0,0.0
GCCAGTGGTTTATAACATGA,3248,1305,0,0.0
GCCATACGTCCACGTGGTAG,2172,1108,0,0.0
GCCATACGTCCCAGTTAGAT,640,521,0,0.0
GCCATACGTCTCATTACGAG,843,589,0,0.0
GCCATACGTCTCCACCTCAT,1809,1061,0,0.0
GCCATACGTCTGCTATCCGT,1893,1066,0,0.0
GCCATCCAGCTAACACGATT,3089,1071,0,0.0
GCCATGTTAAATTCAACGTA,3153,1411,0,0.0
GCCATGTTAACACATGCTGG,1820,999,0,0.0
GCCATGTTAACAGGACTATC,1876,1024,0,0.0
GCCATGTTAACCTGGCGGCA,1361,853,0,0.0
GCCATGTTAACGCACCAGTC,756,453,0,0.0
GCCATGTTAAGAATTCACAA,4046,2257,0,0.0
GCCATGTTAAGTACGTCAAC,18681,4701,0,0.0
GCCATGTTAATCCAATATGG,2133,1150,0,0.0
GCCATTGTACACGATACCAA,1534,751,0,0.0
GCCATTGTACCATATAATGG,13813,4041,0,0.0
GCCATTGTACGTTCAATTCC,1141,787,0,0.0
GCCATTGTACTCTTACTGTA,7400,2403,0,0.0
GCCGAGATGCGCGAGCAGTT,3306,1580,0,0.0
GCCGAGATGCGTTGGTCTAA,3601,1590,0,0.0
GCCGAGATGCTAATGTTCTG,3306,1508,0,0.0
GCCGGAGGTAAACTACAATT,2606,1424,0,0.0
GCCGGAGGTAACGTATGGTA,1558,942,0,0.0
GCCGGAGGTAGCCTCTCGCG,1577,742,0,0.0
GCCGTATTGAATGGACCATA,1441,902,0,0.0
GCCGTATTGAGGCGATCATA,4478,1606,0,0.0
GCCGTCATTCAATGCGGCAT,981,713,0,0.0
GCCGTCATTCACGTGGCCGG,1777,954,0,0.0
GCCGTCATTCAGTGGCGTTC,757,502,0,0.0
GCCGTCATTCATGGACCATA,1401,748,0,0.0
GCCGTCATTCGTGTCGGTTA,7313,2480,0,0.0
GCCGTCATTCTCGATTAGTC,1251,795,0,0.0
GCCTAGAACGCCAGAGATCG,1747,904,0,0.0
GCCTAGAACGGCGCTTGCGG,2664,1012,0,0.0
GCCTAGAACGTAATGTTCTG,1802,1201,0,0.0
GCCTAGGTGGACAGTCTGAG,947,688,0,0.0
GCCTAGGTGGAGAAGCATCT,2650,1388,0,0.0
GCCTAGGTGGAGGTCTTCGG,1602,777,0,0.0
GCCTAGGTGGATCAGTACCA,927,532,0,0.0
GCCTAGGTGGGAGCTTGGAT,4732,1783,0,0.0
GCCTAGGTGGTGCTCCAGTT,6092,2074,0,0.0
GCCTAGGTGGTTAATGATCC,2933,1440,0,0.0
GCCTCGTGGTACATCCAAGA,1504,972,0,0.0
GCCTCGTGGTATGACATCTC,584,388,0,0.0
GCCTCGTGGTCGTGAGTGCG,2360,904,0,0.0
GCCTCGTGGTGTCGCGAACC,2055,1136,0,0.0
GCCTCGTGGTTTCATTGCGA,1967,1160,0,0.0
GCCTCTCTTCACCTCGCAGA,7854,2908,0,0.0
GCCTCTCTTCAGTCTCGACC,8818,2622,0,0.0
GCCTCTCTTCCAGGCTATCA,1620,1022,0,0.0
GCCTCTCTTCGCTGCGTAAT,2752,1448,0,0.0
GCCTCTCTTCTCGCCTATTA,569,463,0,0.0
GCCTCTCTTCTGCGTCAACA,2990,1688,0,0.0
GCCTTATAATACCGTACGGT,2359,1097,0,0.0
GCCTTATAATCAGTCGATCC,2429,1253,0,0.0
GCCTTATAATCATAACTGTA,3321,1803,0,0.0
GCCTTATAATCTGTGAAGGA,3195,1381,0,0.0
GCCTTATAATGCGGCATAGC,4112,1750,0,0.0
GCCTTGACTAGTTAATCGAG,7933,2741,0,0.0
GCCTTGACTATAGTTATAAG,4310,1954,0,0.0
GCCTTGACTATCCACGTTGT,2296,1348,0,0.0
GCGACAATCCACAGTCTGAG,707,361,0,0.0
GCGACAATCCCCTGTACTGG,3355,1260,0,0.0
GCGACAATCCCTCTTCGCAT,1732,822,0,0.0
GCGACAATCCGCAGGTCCGA,3434,1729,0,0.0
GCGACAATCCGTAGGCATGC,891,669,0,0.0
GCGACGCTACACAACCGGAT,8331,2658,0,0.0
GCGACGCTACCACACTGCAT,4299,1876,0,0.0
GCGACGCTACTCCAAGCGGT,4348,1926,0,0.0
GCGACGCTACTTAAGCCGCC,1036,723,0,0.0
GCGAGGCGTGACTGAACGCC,5980,2460,0,0.0
GCGAGGCGTGGGTGAGGTCA,2952,1547,0,0.0
GCGAGGCGTGGGTTACTGAG,515,255,0,0.0
GCGAGGCGTGGTCTGATACG,952,246,0,0.0
GCGAGGCGTGTCGCTCGCAC,1658,445,0,0.0
GCGATTCGAACCGACCGTCT,687,244,0,0.0
GCGATTCGAATCCAATATGG,535,406,0,0.0
GCGATTCGAATGCTAGTTGG,3235,1617,0,0.0
GCGATTCGAATGTACACTAT,685,517,0,0.0
GCGCAGAAGCAGTGGCGTTC,5762,2788,0,0.0
GCGCAGAAGCGAGTATGGCA,6431,2551,0,0.0
GCGCAGAAGCGGAACAGTAT,683,389,0,0.0
GCGCAGAAGCGTTCAATTCC,856,634,0,0.0
GCGCAGAAGCTAGGTGCCTT,944,116,0,0.0
GCGCAGAGATCGACGGTAAC,1870,1058,0,0.0
GCGCAGAGATCTCTCCACCA,802,621,0,0.0
GCGCAGAGATCTTGGTGTTC,4393,1921,0,0.0
GCGCAGAGATGAACGCCGAC,1345,612,0,0.0
GCGCAGAGATGTATAAGGTC,1021,656,0,0.0
GCGCAGGCACGCCTGTTACA,11377,3715,0,0.0
GCGCAGGCACGTCGATTCGT,615,416,0,0.0
GCGCCGCCGGACACTTCGAT,4740,2069,0,0.0
GCGCCGCCGGCCTGTAAGGT,6140,1815,0,0.0
GCGCCGCCGGCTGGCCACTG,648,430,0,0.0
GCGCCGCCGGGGATCGCTGT,4176,1582,0,0.0
GCGCCGGTCAAACGCAGAGT,833,586,0,0.0
GCGCCGGTCACCGATGTAAG,689,426,0,0.0
GCGCCTCTCTCGAACCGCAA,1148,442,0,0.0
GCGCCTCTCTGGCTCTAACT,1347,648,0,0.0
GCGCCTTACACACCGTAACT,2294,1298,0,0.0
GCGCCTTACATGAAGCAGAT,9417,3226,0,0.0
GCGCCTTACATTCAATTGAG,939,562,0,0.0
GCGCCTTACATTCACACACA,1969,518,0,0.0
GCGCGAGAGCTATGGAAGCT,3505,1753,0,0.0
GCGCGAGAGCTCCTGCTTAG,3637,1669,0,0.0
GCGCGAGAGCTGATCACGTC,3160,1291,0,0.0
GCGCTCTACCAACGCGTGGC,2306,1141,0,0.0
GCGCTCTACCCAAGCTAGCT,794,574,0,0.0
GCGCTCTACCGGTCATTACG,1571,791,0,0.0
GCGCTCTACCTCTCAGAACC,1954,937,0,0.0
GCGGAGCTTGAAGGCAACAT,3792,1572,0,0.0
GCGGAGCTTGTAGCTGAACC,1460,976,0,0.0
GCGGAGCTTGTCAATTGAGA,16649,3977,0,0.0
GCGGATTCTGACGCCAACAG,2734,1196,0,0.0
GCGGATTCTGAGCGGAACAA,6895,2627,0,0.0
GCGGATTCTGCCTGTACTGG,857,644,0,0.0
GCGGATTCTGCTCGAGTATA,2668,1441,0,0.0
GCGTACACTGATTGCGTTCG,23670,3889,0,0.0
GCGTACACTGCCTATATAAT,10707,2904,0,0.0
GCGTACACTGCGTGAGTGCG,5347,2178,0,0.0
GCGTACACTGCTCTTAAGCC,2395,755,0,0.0
GCGTACACTGGAGATGAATC,980,661,0,0.0
GCGTACACTGTGCCGTCCTA,3842,1412,0,0.0
GCGTCATCCTAACGGTAATA,3142,1555,0,0.0
GCGTCATCCTCGGACGTCCG,625,451,0,0.0
GCGTCATCCTCTTACACTAC,6287,1624,0,0.0
GCGTCCTTCAAGATTGTAAC,1519,992,0,0.0
GCGTCCTTCAAGCGCTCTAG,1720,940,0,0.0
GCGTCTGCCAAATTGAGAGT,4298,2034,0,0.0
GCGTCTGCCAATCATACTTA,10284,3493,0,0.0
GCGTCTGCCACAACAAGCCG,7289,2709,0,0.0
GCGTCTGCCAGCATGCGGCA,1839,467,0,0.0
GCGTCTGCCAGTGCGGCCGT,3276,1581,0,0.0
GCGTCTGCCAGTTGGCTCGC,777,364,0,0.0
GCGTCTGCCATAGTTCGAAC,3923,1355,0,0.0
GCGTCTGCCATCTTACGTCT,3263,1152,0,0.0
GCGTGCATTAGCACATGGCA,981,687,0,0.0
GCGTGCATTATCTCAAGAAT,1543,931,0,0.0
GCGTGCATTATGATGCCAAC,753,438,0,0.0
GCGTTATATAATGCACGCAT,1319,631,0,0.0
GCGTTATATACAGTGGAGCT,1433,915,0,0.0
GCGTTATATATGCTGCTCAT,2627,1118,0,0.0
GCTAACACGTCTTGGACCTA,1645,1025,0,0.0
GCTAACACGTTAAGAGGCCT,1852,929,0,0.0
GCTAACACGTTGTCATCGTA,12203,3416,0,0.0
GCTAACGGTCAGAGCAATCG,613,468,0,0.0
GCTAACGGTCCGGTTCGTAT,2156,1079,0,0.0
GCTAAGTGGTACCTACGGCT,10730,3287,0,0.0
GCTAAGTGGTCATGACCACG,599,473,0,0.0
GCTAAGTGGTGCCGCCATCA,723,547,0,0.0
GCTAAGTGGTGCGAAGCACC,1147,602,0,0.0
GCTAAGTGGTGGAACGGCCT,3582,1765,0,0.0
GCTAAGTGGTGGCGAATCTC,6277,2755,0,0.0
GCTAAGTGGTGTGAATGCTC,2926,668,0,0.0
GCTAATCTGAACTGGTCCGC,1532,770,0,0.0
GCTAATCTGAAGTAAGTAGT,1178,826,0,0.0
GCTAATCTGAATGGACCATA,4899,2199,0,0.0
GCTAATCTGACAAGTCTAGA,1541,392,0,0.0
GCTAATCTGACGGATGCCGA,5245,2142,0,0.0
GCTAATCTGAGACACGCTCA,1820,1097,0,0.0
GCTAATCTGATGCTATCCGT,1410,747,0,0.0
GCTACCTGCGAGTGTATATT,5751,2634,0,0.0
GCTACCTGCGTCATAGCTCA,1633,527,0,0.0
GCTACCTGCGTTCGTACGTA,1414,667,0,0.0
GCTAGGCACACACCTTGGAG,2730,1376,0,0.0
GCTAGGCACACAGGATACTC,2137,1112,0,0.0
GCTAGGCACATTACGATAAC,2677,1147,0,0.0
GCTAGTCTAGAAGTGTCGCG,527,420,0,0.0
GCTAGTCTAGAGGTCTTCGG,4516,1930,0,0.0
GCTATACAAGACGGACGCCT,2330,1038,0,0.0
GCTATACAAGAGAGGTGCTA,1916,900,0,0.0
GCTATACAAGCGAGTACATC,1154,441,0,0.0
GCTATACAAGGGAATCCGGT,2734,1432,0,0.0
GCTCACAATGAGAGGTATTC,1292,509,0,0.0
GCTCACAATGGAGAGAAGGA,4725,2022,0,0.0
GCTCACAATGTACCGTATAT,2269,1197,0,0.0
GCTCACAATGTCTCTATCCA,1322,824,0,0.0
GCTCACAATGTGTTGCCATA,846,491,0,0.0
GCTCCACAGGAGGCATACCA,14869,3699,0,0.0
GCTCCACAGGGAATCTACGC,11900,3528,0,0.0
GCTCCACAGGGTTGATGGTA,2858,1075,0,0.0
GCTCCACAGGTACTAACTTG,1220,643,0,0.0
GCTCCACAGGTTGTGACTCG,539,364,0,0.0
GCTCCGGCTTCACTTGTAAG,988,619,0,0.0
GCTCCGGCTTCCACATACGT,1402,617,0,0.0
GCTCCGGCTTCCAGAGATCG,7766,2509,0,0.0
GCTCCGGCTTCCTCGAAGAT,4325,1983,0,0.0
GCTCCGGCTTTACACACTGG,602,477,0,0.0
GCTCCGGCTTTCGAACGGCC,3746,1614,0,0.0
GCTCCGGCTTTCGATTAGTC,1217,719,0,0.0
GCTCCTCACCCAGTGTTGGA,18079,4340,0,0.0
GCTCCTCACCCTGCGAGTCT,3292,1191,0,0.0
GCTCCTCACCGCGTCCTCAG,1509,972,0,0.0
GCTCCTCACCTCGATCTCTG,1527,909,0,0.0
GCTCGCTATAAATCAGACGG,2102,1242,0,0.0
GCTCGCTATAACCGAAGGTC,1223,601,0,0.0
GCTCGCTATAGCATGCGGCA,754,571,0,0.0
GCTCGCTATATAGATATATT,729,568,0,0.0
GCTCTGAACGACGAGCGAGC,5648,2516,0,0.0
GCTCTGAACGTATAGAGTTC,1253,616,0,0.0
GCTCTGAACGTGCTCTATTC,1094,761,0,0.0
GCTGACGACGCCTCGCTTAA,696,414,0,0.0
GCTGACGACGGCCTGTATGC,665,490,0,0.0
GCTGATCAAGCAAGTCTAGA,619,437,0,0.0
GCTGATCAAGCAGGACTATC,15334,3945,0,0.0
GCTGATCAAGGCGCTTGCGG,6782,1826,0,0.0
GCTGGTTCTTAGGCCTACTT,730,354,0,0.0
GCTGGTTCTTCCAAGACACA,2132,1022,0,0.0
GCTGGTTCTTCTAGCCGCCA,986,497,0,0.0
GCTGGTTCTTCTGGTCTAAC,4946,1697,0,0.0
GCTGGTTCTTGACAATTGTC,729,588,0,0.0
GCTGGTTCTTTAATGTCTTA,5194,1601,0,0.0
GCTGGTTCTTTTAAGCCGCC,789,618,0,0.0
GCTGTCTATCAAGCAATTGG,966,685,0,0.0
GCTGTCTATCATTCTCCATA,1138,783,0,0.0
GCTGTCTATCCCTACTGGTA,2196,626,0,0.0
GCTGTCTATCCGTGAGTGCG,7071,2806,0,0.0
GCTGTCTATCCTCTCCACCA,1555,561,0,0.0
GCTGTCTATCGAATTCACAA,524,436,0,0.0
GCTGTCTATCGGTAGTCTTA,1593,454,0,0.0
GCTGTCTATCTGGATCGACC,3860,1841,0,0.0
GCTGTGCAGGCCGCACTGTC,6072,2048,0,0.0
GCTGTGCAGGCTGAGTGCTG,2997,1706,0,0.0
GCTGTGCAGGGATCAACGGC,777,597,0,0.0
GCTGTGCAGGTATAACATGA,1546,924,0,0.0
GCTTAACCTTCTCCTTACAC,6559,2366,0,0.0
GCTTACAACTCTCTATGGCT,2966,1695,0,0.0
GCTTACAACTGGCCACACGC,1225,357,0,0.0
GCTTACAACTGGCGGCGATA,2851,1470,0,0.0
GCTTATTATAAACAGTCAAG,1962,982,0,0.0
GCTTATTATAAGCCGTGACC,1052,678,0,0.0
GCTTATTATACGAACTGGAC,1005,657,0,0.0
GCTTATTATATGATGCTCTA,3332,1253,0,0.0
GCTTCCAGTAAATCTCGTCT,1884,1034,0,0.0
GCTTCCAGTACCAAGTTAGC,6146,2540,0,0.0
GCTTCCAGTATCACGTCGCC,4873,1442,0,0.0
GCTTCCAGTATCTTACTGTA,1188,787,0,0.0
GCTTCGTTCTAAGTAAGTCC,2236,1024,0,0.0
GCTTCGTTCTAGCTGGCCGA,842,604,0,0.0
GCTTCGTTCTATGGAATGTA,2372,1231,0,0.0
GCTTCGTTCTCACACTGCAT,955,653,0,0.0
GCTTCGTTCTCATATATACG,10079,3690,0,0.0
GCTTCGTTCTCCTCGAAGAT,812,563,0,0.0
GCTTCGTTCTCGGCTGCATT,1905,833,0,0.0
GCTTCGTTCTGAGAACCTAA,762,587,0,0.0
GCTTCGTTCTGATCAACGGC,1986,1054,0,0.0
GCTTCGTTCTGCAGCCTAAC,5925,2207,0,0.0
GCTTCGTTCTGCTGCGTAAT,519,445,0,0.0
GCTTCGTTCTTCAGTGGCTA,1195,440,0,0.0
GCTTCGTTCTTCGAACGGCC,920,668,0,0.0
GCTTCGTTCTTGCCATAGCT,950,719,0,0.0
GCTTGTTGGTCAAGTCTAGA,899,306,0,0.0
GCTTGTTGGTCGAACTGGAC,1004,687,0,0.0
GCTTGTTGGTCTACGTGAGG,7283,2019,0,0.0
GCTTGTTGGTGCGCCAATAT,1917,992,0,0.0
GCTTGTTGGTGTCGACGAGT,786,462,0,0.0
GGAACCGATTACAGTGTCCG,8306,2481,0,0.0
GGAACCGATTCAAGAAGAGT,979,673,0,0.0
GGAACCGATTCATTCGGACT,1267,845,0,0.0
GGAACCGATTCCGATGTAAG,6314,2276,0,0.0
GGAACCGATTCTAATAGGTA,4232,1663,0,0.0
GGAACCGATTCTTGGTGTTC,4072,1636,0,0.0
GGAACCGATTTAGTTATAAG,3256,1832,0,0.0
GGAACTCAAGACAATAACGT,10888,2676,0,0.0
GGAACTCAAGAGCTTCCGAG,6071,2453,0,0.0
GGAACTCAAGATTCCTTGCT,552,391,0,0.0
GGAACTCAAGCTCTTCGCAT,2340,972,0,0.0
GGAACTCAAGGCATCCGAGT,5655,1786,0,0.0
GGAACTCAAGGGAATAGACG,7052,2142,0,0.0
GGAACTCAAGTTCTCTTGGT,654,315,0,0.0
GGAAGCGGCTCATAATCAAT,1492,883,0,0.0
GGAAGCGGCTTGTAATCGAT,3740,1541,0,0.0
GGAAGCGGCTTTCTATGATA,16651,4843,0,0.0
GGAAGCGGCTTTGCACCAAT,844,514,0,0.0
GGACATGTCCCCTCATCGTG,2475,888,0,0.0
GGACATGTCCGCTCGTGATC,1416,731,0,0.0
GGACATGTCCGGCTAACAGG,563,444,0,0.0
GGACATGTCCTCACTAAGCA,1267,570,0,0.0
GGACGGATCCGAGTATCGGT,1225,848,0,0.0
GGACTCGGCAAATCAGACGG,3269,1373,0,0.0
GGACTCGGCAAGGACGCCAG,1287,464,0,0.0
GGACTCGGCAGGACGTCCAG,3323,1835,0,0.0
GGACTTCTGGACAGGATCAC,2178,1016,0,0.0
GGACTTCTGGATCATACTTA,915,416,0,0.0
GGACTTCTGGCCGATTAAGC,3040,1645,0,0.0
GGACTTCTGGCTCCACTCAC,2919,1271,0,0.0
GGACTTCTGGGACCTGCTTG,806,603,0,0.0
GGACTTCTGGGCCTGTTACA,2653,951,0,0.0
GGACTTCTGGGTTAATCGAG,1231,753,0,0.0
GGAGAATTCCAAGTTGGCGA,2188,705,0,0.0
GGAGAATTCCAGGTAAGCAC,2679,1694,0,0.0
GGAGAATTCCATTCCTTGCT,2251,1291,0,0.0
GGAGAATTCCCAATGCTCTC,3586,1553,0,0.0
GGAGAATTCCCGGTAGGTGC,9017,2746,0,0.0
GGAGAATTCCGCACTAATTC,1006,701,0,0.0
GGAGAATTCCTTGTACAATA,2770,1099,0,0.0
GGAGACGCTTGCCGCAGTCC,1678,834,0,0.0
GGAGACGCTTGGACGTCCAG,5521,2317,0,0.0
GGAGACGCTTGTAGATATAT,1235,480,0,0.0
GGAGACGCTTTCTGCAGCGT,3269,1183,0,0.0
GGAGATCTTCACGAGGTGAG,1293,814,0,0.0
GGAGATCTTCAGTCAGGTCC,567,378,0,0.0
GGAGATCTTCCGGCGCTGCT,3433,1496,0,0.0
GGAGATCTTCCGTTAAGTTC,2044,992,0,0.0
GGAGCAGACAAGAACTGTGT,694,539,0,0.0
GGAGCAGACAATCGAGTCCT,661,209,0,0.0
GGAGCAGACACCAATAGATC,2521,1288,0,0.0
GGAGCAGACACGTGTGGTGT,3445,1529,0,0.0
GGAGGAACTTATAAGACTCT,3243,1752,0,0.0
GGAGGAACTTATAGAGACTA,4906,2130,0,0.0
GGAGGAACTTCTTGGCACTT,14738,3345,0,0.0
GGAGGAACTTGTCAAGGTCA,6600,2633,0,0.0
GGAGGAACTTTCCACTGTCA,1734,810,0,0.0
GGAGTTCGCTAGATTAGAGC,1248,833,0,0.0
GGAGTTCGCTATTCCACTTC,2865,1473,0,0.0
GGAGTTGTTAGAATCTACGC,1063,501,0,0.0
GGAGTTGTTAGGCACGCGGA,1848,923,0,0.0
GGATATACTAATTAGTAGGA,3624,1680,0,0.0
GGATCTTGGAAACAGTCAAG,4704,2087,0,0.0
GGATCTTGGACAAGAAGAGT,1455,387,0,0.0
GGATCTTGGAGTAAGCTGGC,990,336,0,0.0
GGATCTTGGAGTAGGCATGC,3727,1776,0,0.0
GGATGTAATCAGATGTTCAC,4115,714,0,0.0
GGATGTAATCATGGTCAGCC,817,594,0,0.0
GGATGTAATCCCGCGCATGA,5349,2244,0,0.0
GGATGTAATCCGCTGAATGA,4924,2104,0,0.0
GGATGTAATCTCTTGCTGCT,6814,2408,0,0.0
GGATGTATAAAACGATCAGA,1782,1119,0,0.0
GGATGTATAAAGGTCTTCGG,2425,1303,0,0.0
GGATGTATAAAGTCTCGACC,14825,4238,0,0.0
GGATGTATAACTGTGTCGGT,5504,1455,0,0.0
GGATGTATAAGAGTCCATAG,11170,2866,0,0.0
GGATGTATAAGCTTGGAATA,1327,593,0,0.0
GGATGTATAATCTGAGCCAC,2789,430,0,0.0
GGATGTCCGTACATCGACGT,764,493,0,0.0
GGATGTCCGTACGTGGCCGG,2009,1019,0,0.0
GGATGTCCGTAGAGGCCTAC,1495,468,0,0.0
GGATGTCCGTAGAGTATCGC,3986,1732,0,0.0
GGATGTCCGTCATCTTGAAC,1090,383,0,0.0
GGATGTCCGTCGCGTCTGCT,526,406,0,0.0
GGATGTCCGTTCAGTGTTAA,700,468,0,0.0
GGATGTCCGTTCTGTTGGAA,1382,902,0,0.0
GGATGTCCGTTGCCGCGCTG,3015,1609,0,0.0
GGATTAACCAATTCCAACCA,9470,2561,0,0.0
GGATTACATTAGGCTCGCCT,4785,2128,0,0.0
GGATTACATTAGGTAAGCAC,1949,1146,0,0.0
GGATTACATTATCTTGAATA,687,343,0,0.0
GGATTACATTGCTGTCGGCC,2891,737,0,0.0
GGATTACATTTACACACTGG,3869,1961,0,0.0
GGCAAGCGATAGGAGATACT,6318,1740,0,0.0
GGCAAGCGATCAGCTAACAC,1089,287,0,0.0
GGCAAGCGATCCAGTTAGAT,3856,1774,0,0.0
GGCAAGGCAAAACGGCTCTT,2014,1129,0,0.0
GGCAAGGCAACGGAACAGAA,4567,1761,0,0.0
GGCAATAACCCCACATACGT,2063,972,0,0.0
GGCAATAACCCGTGAACTAC,3781,1308,0,0.0
GGCAATAACCGTCTGATTAT,1024,693,0,0.0
GGCAATAACCTCTTGGTCTA,2284,1076,0,0.0
GGCACAAGGCAATGCGGCAT,18447,4245,0,0.0
GGCACAAGGCCCACCGCATG,622,441,0,0.0
GGCACAAGGCTCAGTGGCTA,571,362,0,0.0
GGCACAAGGCTCATAAGATA,2364,1310,0,0.0
GGCAGACACTACTTAGGCAG,638,426,0,0.0
GGCAGACACTATACTTCACA,727,434,0,0.0
GGCAGACACTCATATCAAGC,4800,2429,0,0.0
GGCAGACACTTATGTACTTA,1028,600,0,0.0
GGCAGACACTTGAGACCTCC,3733,1339,0,0.0
GGCAGTGCTCCCTGGTCGGA,5966,2682,0,0.0
GGCAGTGCTCTAAGTGACAT,1621,1046,0,0.0
GGCAGTGCTCTGCGTGCGCT,2148,1141,0,0.0
GGCAGTTCAGCTACGATCAG,2540,1378,0,0.0
GGCAGTTCAGGGCACGGCTG,4947,2161,0,0.0
GGCAGTTCAGGTTGATGCCT,956,545,0,0.0
GGCAGTTCAGTCAATCACGC,926,490,0,0.0
GGCATGCCGTAGCCGAGGCA,1334,773,0,0.0
GGCATGCCGTAGTGCAAGGT,11717,3622,0,0.0
GGCATGCCGTATGACATCTC,1849,1077,0,0.0
GGCATGCCGTATGCTAACAT,4335,2045,0,0.0
GGCATGCCGTATGTGGTTAA,644,465,0,0.0
GGCATGCCGTCCGCAATAAT,1613,817,0,0.0
GGCATGCCGTCTGTCTGCAG,1860,907,0,0.0
GGCATTGACTTCCTGTGGCT,3855,1828,0,0.0
GGCATTGACTTTACTTCGGC,9274,3251,0,0.0
GGCCGAAGTTACATGGAAGC,6662,2696,0,0.0
GGCCGAAGTTGGAACAGTAT,879,663,0,0.0
GGCCGAAGTTTGGCTATACC,11258,3271,0,0.0
GGCCGATTCTCTTAGTTCGA,1663,804,0,0.0
GGCCGATTCTTAGTTATAAG,1812,1050,0,0.0
GGCCGGATGAACGCAGCGAA,1633,233,0,0.0
GGCCGGATGACCAGAGGATG,5847,2807,0,0.0
GGCCGGATGAGTTAATCGAG,987,703,0,0.0
GGCCGGATGATCCTGTGCGC,3476,1646,0,0.0
GGCCGGATGATTGTGCTCAG,9946,2973,0,0.0
GGCCTAGCTGCCTTCGCTAT,3807,1385,0,0.0
GGCCTAGCTGCGTATGTCCA,4233,1993,0,0.0
GGCCTAGCTGCTATCATCCG,3624,1823,0,0.0
GGCCTAGCTGGTAAGCTGGC,6327,1923,0,0.0
GGCCTAGCTGGTGAATGCTC,2668,670,0,0.0
GGCCTAGCTGTCAGGCCTTC,5989,2598,0,0.0
GGCCTAGCTGTGTGGATCGG,605,433,0,0.0
GGCCTAGCTGTTAAGCCGCC,4824,1705,0,0.0
GGCGAGTAGGAACGCTACCT,6096,2241,0,0.0
GGCGAGTAGGACACTTCGAT,560,457,0,0.0
GGCGAGTAGGAGACCAGTCT,4704,1970,0,0.0
GGCGAGTAGGGCGTTATTCG,3521,1493,0,0.0
GGCGATGGCCAACGTCTTGA,528,265,0,0.0
GGCGATGGCCACCGAAGACA,765,584,0,0.0
GGCGATGGCCACGGTATATC,4322,1825,0,0.0
GGCGATGGCCACGTCCAGTC,1711,783,0,0.0
GGCGATGGCCGATACGTATA,11706,3709,0,0.0
GGCGGAATTAAACGAAGGAA,2466,471,0,0.0
GGCGGAATTACGACTTCGTG,2323,1004,0,0.0
GGCGGAATTACGCGCAGCAG,2118,1078,0,0.0
GGCGGAATTACGCTGTCCAA,3419,1695,0,0.0
GGCGGAATTACTTCCTCCTG,1165,809,0,0.0
GGCGGAATTACTTCGAGCAC,1289,681,0,0.0
GGCGGAGTCGCATCCACGCC,1800,893,0,0.0
GGCGGAGTCGCTCTTAAGCC,2812,1400,0,0.0
GGCGGTAGCAAAGCACCGAT,1587,1005,0,0.0
GGCGGTAGCAATCATACTTA,1495,731,0,0.0
GGCGGTATGTCGGTTCGTAT,4403,2044,0,0.0
GGCGGTATGTGGACTCGCGT,2073,1217,0,0.0
GGCGGTATGTTCTGTATGTT,1065,670,0,0.0
GGCGGTATGTTTGAGTCCAG,6766,2293,0,0.0
GGCGTCTCGCTATCGGCACT,4424,1402,0,0.0
GGCGTTACCTAAGCTTATTA,1021,735,0,0.0
GGCGTTACCTACGCGCTGCG,733,387,0,0.0
GGCGTTACCTGCAGCTCTAA,2438,1262,0,0.0
GGCGTTACCTGTGCGCCGAT,2123,1008,0,0.0
GGCGTTACCTTGATAAGGCC,15325,3068,0,0.0
GGCTAAGTACCGACTTGCAC,1767,1079,0,0.0
GGCTAAGTACGCCATAGGCA,4404,1964,0,0.0
GGCTAAGTACGCCTGCGCAT,976,688,0,0.0
GGCTCCTTAGATGCTTATGC,1527,956,0,0.0
GGCTCCTTAGATGTGGTTAA,1076,729,0,0.0
GGCTCCTTAGCAGATTCAAG,17260,4379,0,0.0
GGCTCCTTAGCGAACCGCAA,9517,3050,0,0.0
GGCTCCTTAGCGCTGAATGA,1010,310,0,0.0
GGCTCCTTAGGCGGCTCAAT,3784,863,0,0.0
GGCTCCTTAGTCTGGTCTCG,11701,3536,0,0.0
GGCTCGTCATTGTGGAATGA,2692,1386,0,0.0
GGCTCGTCATTTACGATGGT,950,395,0,0.0
GGCTCTACAAAACGGATTGT,1143,814,0,0.0
GGCTCTACAAACGGTGCGCA,1907,1103,0,0.0
GGCTCTACAAATGGACCATA,1105,762,0,0.0
GGCTCTACAAATTCATCCAG,21805,4488,0,0.0
GGCTCTACAACCACGATGTT,1140,754,0,0.0
GGCTCTACAACGATGTGCTT,3025,1463,0,0.0
GGCTCTACAATACTCCAGCC,5637,1961,0,0.0
GGCTCTACAATCAACAGGTA,5562,2301,0,0.0
GGCTCTACAATGGCTTCTCG,2357,1346,0,0.0
GGCTGCAACAACCGAAGACA,979,676,0,0.0
GGCTGCAACAATGTTACCGG,4630,1601,0,0.0
GGCTGCAACACCGACGCGGC,1703,821,0,0.0
GGCTGCAACAGTATAAGGTC,1856,1205,0,0.0
GGCTGCCTGTCGCTATATCC,3386,1527,0,0.0
GGCTGCCTGTGTTATCTATA,1046,678,0,0.0
GGCTGCGAACAGCCTACCAA,4061,1994,0,0.0
GGCTGCGAACCGCGCAGCAG,2381,1259,0,0.0
GGCTGCGAACTCAACAGGTA,3129,1147,0,0.0
GGCTTCTCTTCAGCTAACAC,7543,2840,0,0.0
GGCTTCTCTTCTAATCATCG,11399,2727,0,0.0
GGCTTCTCTTTCAGAACAGA,556,131,0,0.0
GGTACCGGAGGCTTATACAT,524,201,0,0.0
GGTACGACCGATTCCTTGCT,811,445,0,0.0
GGTACGACCGCCACCGCATG,2655,987,0,0.0
GGTACGACCGCTATAACGTT,1624,1045,0,0.0
GGTAGGACTAACACACATCA,4025,1512,0,0.0
GGTAGGACTAGCGTTATTCG,1380,703,0,0.0
GGTAGGACTATTCAGGAGGT,2093,942,0,0.0
GGTATACTGGCGGAAGGTTG,1943,1180,0,0.0
GGTATAGATCAACTACGTAG,3167,1637,0,0.0
GGTATAGATCATCTGCAATC,1844,1118,0,0.0
GGTATAGATCCAACATCCTG,2664,1096,0,0.0
GGTATAGATCCAGGATCCAT,6321,2402,0,0.0
GGTATAGATCCGCCAACCTT,4443,2104,0,0.0
GGTATAGATCCGTGATAAGT,2457,1154,0,0.0
GGTATAGATCCTAATCACTT,5988,2597,0,0.0
GGTATAGATCTCGCTTACCG,1214,725,0,0.0
GGTATAGATCTTCCGTACTT,8522,2872,0,0.0
GGTATTAGGCAATTGGCTGT,1318,720,0,0.0
GGTATTAGGCACTGAACGCC,2102,680,0,0.0
GGTATTAGGCCCGTAAGTGT,1100,751,0,0.0
GGTATTAGGCTACTAACTTG,8721,3109,0,0.0
GGTATTAGGCTGAATTGCAT,666,406,0,0.0
GGTATTAGGCTGATGAACGG,22774,4649,0,0.0
GGTATTAGGCTGGTGTCGCT,2938,1369,0,0.0
GGTATTAGGCTGTATTGAAG,7368,2846,0,0.0
GGTCAGTGTAGACTAGCTAT,1289,650,0,0.0
GGTCCTCCGTACGCGTCAAT,3200,1528,0,0.0
GGTCCTCCGTAGGTACGCGG,5434,2034,0,0.0
GGTCCTCCGTCTCTCCACCA,798,629,0,0.0
GGTCCTCCGTCTTGGCTTAT,6432,2480,0,0.0
GGTCCTCCGTGAAGGTGGTT,2751,1513,0,0.0
GGTCCTCCGTGTCATGTACG,2248,1438,0,0.0
GGTCCTCCGTGTCGACGAGT,1185,737,0,0.0
GGTCCTCCGTTAGACCGACT,7144,2741,0,0.0
GGTCCTCCGTTGATAAGGCC,724,516,0,0.0
GGTCGAACGGATTACTGAAG,652,437,0,0.0
GGTCGAACGGCGTGATAAGT,8457,3135,0,0.0
GGTCGAACGGGAGAGAAGGA,1187,413,0,0.0
GGTCGAACGGGCTGAGAGCA,830,315,0,0.0
GGTCGAACGGTCACAGTCCG,2115,1040,0,0.0
GGTCGAACGGTCCTAGAATC,13119,3386,0,0.0
GGTCGCAAGTGATACGACTC,1224,537,0,0.0
GGTCTATCAGCCAAGTTAGC,1109,711,0,0.0
GGTCTATCAGGTAAGGAATC,1997,1214,0,0.0
GGTCTATCAGTGCCGCGCTG,3389,1867,0,0.0
GGTCTCAGTAATAGCCGATG,871,645,0,0.0
GGTCTCAGTACATATCAAGC,2030,1052,0,0.0
GGTGACATCTAACGAAGGAA,1654,960,0,0.0
GGTGACATCTAGACCAACAT,2637,1213,0,0.0
GGTGACATCTCAATACCGTA,4042,1796,0,0.0
GGTGACATCTCGAATATTAT,2016,1030,0,0.0
GGTGACATCTCTGCAACGAC,1433,845,0,0.0
GGTGACATCTGAGAACCTAA,1587,908,0,0.0
GGTGACATCTTCGCCTATTA,9570,2753,0,0.0
GGTGACATCTTTCCTATTCC,1458,843,0,0.0
GGTGACTGGTCCAAGAGCGC,1815,952,0,0.0
GGTGACTGGTTAACTGATGG,2404,1333,0,0.0
GGTGACTGGTTCACGTCGCC,3875,1966,0,0.0
GGTGCGTTCCCTAATAGCCT,1620,479,0,0.0
GGTGCGTTCCGGCTCGTAGA,869,633,0,0.0
GGTGCGTTCCGTGCGCCGAT,5280,1829,0,0.0
GGTGCGTTCCTAGACTCCTT,7034,2125,0,0.0
GGTGGTGTTGAGATGTTCAC,3386,1402,0,0.0
GGTGGTGTTGATACGTCGGT,3878,1527,0,0.0
GGTGGTGTTGCACCTACCGC,1151,860,0,0.0
GGTGGTTAGGAGGCCTACTT,606,415,0,0.0
GGTGGTTAGGATAATTGCAA,4396,1833,0,0.0
GGTGGTTAGGATTCGCGAAC,1110,455,0,0.0
GGTGGTTAGGGCGTGCTGTG,3627,1701,0,0.0
GGTGGTTAGGGTCTGATACG,2032,834,0,0.0
GGTGGTTAGGTGCTGCTCAT,5361,2162,0,0.0
GGTGTACAACGAGACTTCGG,17287,4221,0,0.0
GGTGTACAACGCGACCGTGG,2789,1294,0,0.0
GGTGTACAACGTCTCCGGTT,2939,1336,0,0.0
GGTGTACAACTCAGTGGCTA,862,507,0,0.0
GGTGTGCTGAGCGCTTGCGG,2990,1398,0,0.0
GGTGTGCTGAGGCGGCGATA,1894,1131,0,0.0
GGTGTGCTGATAACTGATGG,4390,1511,0,0.0
GGTGTGGTAGCGTACCTAAT,4861,1650,0,0.0
GGTGTGGTAGGCCAGTTGGA,5682,2508,0,0.0
GGTGTGGTAGTAGACGTCTA,12007,3355,0,0.0
GGTGTGGTAGTATATAGACC,817,500,0,0.0
GGTGTGGTAGTCTTCGAGAG,652,249,0,0.0
GGTGTGGTAGTGTATACACG,683,445,0,0.0
GGTGTTCCTACAACCGTGTA,11793,3429,0,0.0
GGTGTTCCTACTAATTATTC,1058,604,0,0.0
GGTTACTCTACTGCGAACTG,854,629,0,0.0
GGTTACTCTATAAGAGGCCT,1268,862,0,0.0
GGTTATGTCTAGGAACGACG,13736,3630,0,0.0
GGTTATGTCTATCCATCCGA,3807,1325,0,0.0
GGTTATGTCTCTCACGTCAC,1217,692,0,0.0
GGTTCACTCAACGAGCGAGC,2213,976,0,0.0
GGTTCACTCAAGGAGATACT,6229,2035,0,0.0
GGTTCACTCAATACTTCACA,1845,832,0,0.0
GGTTCACTCACGCCTGCGAT,1261,634,0,0.0
GGTTCTGTTCAACCAGATAT,787,411,0,0.0
GGTTGCTAATAAGAATAGGA,650,419,0,0.0
GGTTGCTAATGACGAGAGTG,9506,3098,0,0.0
GGTTGCTAATGTGATCGAGA,1338,967,0,0.0
GGTTGCTAATGTGTCGGTTA,1052,670,0,0.0
GGTTGCTAATGTTAATCGAG,1970,1081,0,0.0
GGTTGCTAATTCAGCGGTGC,3586,1655,0,0.0
GGTTGCTAATTCCACGTTGT,2727,1033,0,0.0
GTAACAGGCGAAGTGAACTG,2289,1324,0,0.0
GTAACAGGCGCGACAGTACG,6271,2388,0,0.0
GTAACAGGCGGGCCAACGGA,6158,1568,0,0.0
GTAACAGGCGTATCATCCTT,1047,640,0,0.0
GTAACAGGCGTGAACAGGCT,3302,1153,0,0.0
GTAACAGGCGTGTTCAGACG,10626,3050,0,0.0
GTAACAGGCGTTACGATAAC,1866,516,0,0.0
GTAACCAGTTAAGGCTTCTC,8429,2590,0,0.0
GTAACCAGTTAGACATGCGT,804,517,0,0.0
GTAACCAGTTATACTATGTT,2559,1277,0,0.0
GTAACCAGTTATCTGCAATC,1300,701,0,0.0
GTAACCAGTTCTACGCCAGC,799,538,0,0.0
GTAACCAGTTGCGCAATCCG,1092,496,0,0.0
GTAACCAGTTTATGCTCGGA,1227,637,0,0.0
GTAACGTTCCCGACCAACCG,1015,720,0,0.0
GTAACGTTCCGAGTCCACTC,677,476,0,0.0
GTAAGACACGGGACTTCATC,4771,1788,0,0.0
GTAAGACACGTGGCCATGGT,1380,840,0,0.0
GTAAGCGCACAGAATTCCTG,11847,3504,0,0.0
GTAAGCGCACATGACACTGG,841,589,0,0.0
GTAAGTTGTTAGTGACCTAT,1621,502,0,0.0
GTAAGTTGTTATTCAACGTA,574,455,0,0.0
GTAAGTTGTTCAGACAGCTA,2102,609,0,0.0
GTAAGTTGTTCAGGATACTC,2540,1040,0,0.0
GTAAGTTGTTTTACGATGGT,940,468,0,0.0
GTACAAGCCTAGTCGGCATT,2441,1146,0,0.0
GTACAAGCCTGACCACTATT,4785,2162,0,0.0
GTACAAGCCTGTCCGAGCCG,5697,1873,0,0.0
GTACAAGCCTGTGGAGCAAG,1747,643,0,0.0
GTACAAGCCTTGAGACCGTA,1518,844,0,0.0
GTACAAGCCTTTCATCGTCC,844,631,0,0.0
GTACATCTGTACAACGCCTT,13798,3648,0,0.0
GTACATCTGTCCACATACGT,1428,946,0,0.0
GTACATCTGTGATGCTCTCA,3187,1646,0,0.0
GTACATCTGTGGTGGACATA,2865,1519,0,0.0
GTACATCTGTGTGCACCAGC,7385,2919,0,0.0
GTACATCTGTTTGGTTCTGG,775,347,0,0.0
GTACATCTGTTTGTAGCCGA,1189,614,0,0.0
GTACCGCTACATCATTATGA,4839,1228,0,0.0
GTACCGCTACCATCTTACCA,4901,2487,0,0.0
GTACCGCTACCATTGCCGGT,9071,3450,0,0.0
GTACCGCTACCTCCTCAATT,9178,2661,0,0.0
GTACCGCTACTATGCCGATG,3492,1258,0,0.0
GTACGCTTGGAAGTTGGCGA,5832,2314,0,0.0
GTACGCTTGGACGCGCTGCG,2218,1016,0,0.0
GTACGCTTGGAGTACCAGCG,1931,1127,0,0.0
GTACGCTTGGATGACGGAGA,8563,3009,0,0.0
GTACGCTTGGGGCTTAGACC,2281,518,0,0.0
GTACGCTTGGTAGAATAGCG,2318,1039,0,0.0
GTACTACAGTACCTCTGATA,6012,2382,0,0.0
GTACTACAGTCGTGCCTTGA,3978,1210,0,0.0
GTACTACAGTGAGAGAAGGA,759,584,0,0.0
GTACTACAGTGCAACATATA,3071,1397,0,0.0
GTACTACAGTGGACGTCCAG,7895,2529,0,0.0
GTACTACAGTTGCTGCTCAT,1430,950,0,0.0
GTACTGACTCAGCTGGCCGA,2831,851,0,0.0
GTACTGACTCGCATTACCGG,2276,1162,0,0.0
GTAGAATGAGTACTGCGGTG,1791,917,0,0.0
GTAGAATGAGTCACAGTCCG,1609,698,0,0.0
GTAGATTATAAAGTGAAGAA,3318,1587,0,0.0
GTAGATTATAGCAGAGCGAG,10640,3616,0,0.0
GTAGATTATATTGTGAAGAT,1792,941,0,0.0
GTAGGCAACGGTTGGCTCGC,1359,813,0,0.0
GTAGGCAACGTATAATCCGG,4305,1657,0,0.0
GTAGTAGAGCACGTAATCGA,5790,2477,0,0.0
GTAGTAGAGCATACCAGAAG,519,356,0,0.0
GTAGTAGAGCTGACGCAACT,779,602,0,0.0
GTAGTAGAGCTGCCGTCCTA,4646,1638,0,0.0
GTAGTAGTCGAGGTGATGAC,12398,3543,0,0.0
GTAGTAGTCGTCTTCCGGAA,4710,1908,0,0.0
GTATACGTCGACGCGTCAAT,1462,781,0,0.0
GTATACGTCGGCCACGGTCT,6804,1923,0,0.0
GTATACGTCGTTCTGCAACT,1571,926,0,0.0
GTATCACCGTAGTCTAAGTG,1867,892,0,0.0
GTATCACCGTATGACATCTC,11836,3365,0,0.0
GTATCACCGTCACAGGTGTC,917,647,0,0.0
GTATCACCGTCGCAGACCAG,8963,3487,0,0.0
GTATCACCGTGTCTCACGTC,2457,1000,0,0.0
GTATCGCAGAACCGCGCAAG,4371,1516,0,0.0
GTATCGCAGAATGTCACGCT,3677,1470,0,0.0
GTATCGCAGACAGGAACTTA,644,501,0,0.0
GTATCGCAGACCGCAGCAAG,3341,1676,0,0.0
GTATCGCAGAGCCGACTCTT,727,490,0,0.0
GTATCGCAGATGGCTATACC,846,607,0,0.0
GTATCTCGTAAAGCGTCCTA,2245,1228,0,0.0
GTATCTCGTAACTATTGCCT,5905,2340,0,0.0
GTATCTCGTACAACCGTGTA,1149,518,0,0.0
GTATCTCGTACACAGCGAGA,1595,835,0,0.0
GTATCTCGTAGCAGGTCCGA,705,472,0,0.0
GTATCTCGTAGTTCAATTCC,1328,902,0,0.0
GTATCTCGTATGAGACCTCC,4410,1715,0,0.0
GTATGCTACAAACGAAGGAA,912,511,0,0.0
GTATGCTACAAATACCTCGT,6116,2574,0,0.0
GTATGCTACAACCGGACATC,1543,919,0,0.0
GTATGCTACAAGCAGAGCAT,683,190,0,0.0
GTATGCTACAATAGCCACGC,1176,764,0,0.0
GTATGCTACACTACTAAGGT,1568,987,0,0.0
GTATGCTACACTGGTCTAAC,3347,1792,0,0.0
GTATGCTACAGGCAACGTCG,3043,1481,0,0.0
GTATGCTACAGTCACAGGAT,5453,2251,0,0.0
GTATGCTACAGTGGAGCAAG,2219,1132,0,0.0
GTATGCTACATCAGTGTTAA,972,579,0,0.0
GTATGCTACATCGCGCGTTC,1969,1050,0,0.0
GTATTATAGAACCTCTGATA,1773,842,0,0.0
GTATTATAGACCTACTGGTA,3571,1507,0,0.0
GTATTCACTGAACCAATAAG,15776,4162,0,0.0
GTATTCACTGCCTACTGGTA,4140,1755,0,0.0
GTATTCACTGGTAAGGAATC,3744,1671,0,0.0
GTATTCGGCCCAAGAAGAGT,766,495,0,0.0
GTATTCGGCCCAGAGTGTTC,1061,576,0,0.0
GTATTGGACACAAGTAACCA,1181,701,0,0.0
GTATTGGACAGACCACTATT,7268,2158,0,0.0
GTATTGGACATGAACGAGGT,863,671,0,0.0
GTATTGGACATTGGTCCAGC,736,576,0,0.0
GTCAATAGTGATTCTCTGGA,4693,1880,0,0.0
GTCAATAGTGCACTTGTAAG,878,662,0,0.0
GTCAATAGTGGCGAGTAGCG,518,410,0,0.0
GTCAATAGTGGTCCAGAGTT,5329,2244,0,0.0
GTCAATAGTGTACTGCGGTG,864,258,0,0.0
GTCAATAGTGTCTCGTAGTT,1410,922,0,0.0
GTCAATAGTGTCTCTTACGC,950,458,0,0.0
GTCACACAAGATACAACAAT,1873,841,0,0.0
GTCACACAAGGAATCCTCGT,3104,1572,0,0.0
GTCACGCGCGCTCTTCGCAT,811,255,0,0.0
GTCACGCGCGGACACAGTAA,1001,460,0,0.0
GTCACGCGCGTGTTCGTCGT,2137,655,0,0.0
GTCACTACATAGAGGTGCTA,4426,2127,0,0.0
GTCACTACATAGGCGCGTGA,14306,3803,0,0.0
GTCACTACATCCGCACTGTC,1168,835,0,0.0
GTCAGATAGAAACGATTCAA,798,617,0,0.0
GTCAGATAGACGCACTGGCA,1734,664,0,0.0
GTCAGATAGACTAGTTGTAG,1308,867,0,0.0
GTCAGATAGAGAGTCCACTC,2125,1013,0,0.0
GTCAGCGTCTCTTATGTAGT,1946,1070,0,0.0
GTCAGCGTCTTAGCGAAGTT,1209,839,0,0.0
GTCAGCGTCTTGAGACCTCC,787,595,0,0.0
GTCATAATGCACCGCGCAAG,1475,953,0,0.0
GTCATAATGCACCGTACGGT,4047,2028,0,0.0
GTCATAATGCCTTCGCAATA,2618,1351,0,0.0
GTCATAATGCGAGCGCATAA,658,517,0,0.0
GTCATAATGCGTAATTACGT,1731,895,0,0.0
GTCATTCCTTACGCAGCGAA,1862,985,0,0.0
GTCATTCCTTCAACGGCGCT,4422,2142,0,0.0
GTCATTCCTTCATATCAAGC,5900,2742,0,0.0
GTCATTCCTTGTAAGGCGGT,1437,949,0,0.0
GTCATTCCTTTGCGTCAACA,1525,410,0,0.0
GTCATTCCTTTTCGTACGTA,5836,1821,0,0.0
GTCCAAGGAAGTCTGATACG,3138,1490,0,0.0
GTCCACAATATATCGGCACT,2377,1304,0,0.0
GTCCACAATATCCAGCTTCT,1306,539,0,0.0
GTCCACAATATCTCTTACGC,1960,891,0,0.0
GTCCAGGACCATGTGATTGC,545,359,0,0.0
GTCCAGGACCCGTATTCTCT,2740,1401,0,0.0
GTCCAGGACCCTCGAGTATA,1282,754,0,0.0
GTCCAGGACCGTTGATGGTA,3971,2145,0,0.0
GTCCAGGACCTTCACACACA,554,419,0,0.0
GTCCGCCTCCCGAATATTAT,5520,2199,0,0.0
GTCCGCCTCCGGTCCTACTG,1301,578,0,0.0
GTCCGCCTCCTGTTGCGGTT,570,367,0,0.0
GTCCGGTAAGCTTAGTTCGA,1238,864,0,0.0
GTCCGGTAAGTTCTAGACCG,3086,1532,0,0.0
GTCCGGTCTCCAAGAAGAGT,11472,2475,0,0.0
GTCCGGTCTCGTACGTCAAC,889,675,0,0.0
GTCCGGTCTCTATGCCGATG,1389,632,0,0.0
GTCCGGTCTCTGCTATTGTG,802,582,0,0.0
GTCCTTCCGCAACCTTCAGC,922,717,0,0.0
GTCCTTCCGCACGGTTCGTT,1717,604,0,0.0
GTCCTTCCGCATTCCAACCA,4600,1686,0,0.0
GTCCTTCCGCCAATAACACT,13514,3992,0,0.0
GTCCTTCCGCCCGACAACGC,875,499,0,0.0
GTCCTTCCGCGATTCCTACG,5231,1926,0,0.0
GTCCTTCCGCGGTTAGTACT,1095,224,0,0.0
GTCCTTCCGCGTATTAAGCG,6436,2542,0,0.0
GTCCTTCCGCTACACACTGG,1226,860,0,0.0
GTCCTTCCGCTCGCGCGTTC,535,447,0,0.0
GTCCTTCCGCTGAAGATATG,2736,1383,0,0.0
GTCCTTCCGCTGCTGCTCAT,2377,1400,0,0.0
GTCCTTCCGCTTGGAATATG,1057,672,0,0.0
GTCGACTACGACCTCGCAGA,1282,413,0,0.0
GTCGACTACGGGACTCTAAC,5503,2002,0,0.0
GTCGACTACGTCGCCTATTA,1138,290,0,0.0
GTCGCCTAGAAATTGAGAGT,3148,1578,0,0.0
GTCGCCTAGACGAGTACATC,3034,1724,0,0.0
GTCGCCTAGACGCCAACCTT,1768,731,0,0.0
GTCGCCTAGATCACTAAGCA,14390,3101,0,0.0
GTCGCCTAGATGGTGTCGCT,1643,986,0,0.0
GTCGGAACTCATCTGTGTAC,1624,570,0,0.0
GTCGTCGGCGACCTGCCTAT,2515,1454,0,0.0
GTCGTCGGCGGAGCGCATAA,1515,643,0,0.0
GTCGTCGGCGGAGCTTCATG,1083,391,0,0.0
GTCGTCGGCGGCGAAGATAG,5533,2394,0,0.0
GTCGTCGGCGTTCAACGGCG,734,563,0,0.0
GTCGTGGCTAATCTGCAGAG,3288,1298,0,0.0
GTCGTGGCTAATGTACACCG,892,574,0,0.0
GTCGTGGCTATCTTGCTGCT,6036,1994,0,0.0
GTCGTGGCTATTATTAACAT,5309,2255,0,0.0
GTCGTGGCTATTCCTTAACT,852,548,0,0.0
GTCTACTCTGATCGTTACCG,941,554,0,0.0
GTCTAGCTTACCAGAGATCG,778,368,0,0.0
GTCTAGCTTAGCATGCGGCA,6861,2178,0,0.0
GTCTAGCTTATACTCTTAGG,13867,3966,0,0.0
GTCTAGCTTATGTGGATCGG,6997,2506,0,0.0
GTCTCCACACACATGCATGG,586,375,0,0.0
GTCTCCACACGAGACGCACG,1492,837,0,0.0
GTCTGAGGCCATTCCACTTC,636,451,0,0.0
GTCTGAGGCCGTTATCTATA,1083,721,0,0.0
GTCTGGTTGAGACGAGTTCC,7057,2594,0,0.0
GTCTGGTTGATACCTCATAA,4963,1603,0,0.0
GTCTGGTTGATCATATATTC,5942,1720,0,0.0
GTCTGGTTGATTCTAGACCG,827,612,0,0.0
GTCTTAGATAACCGGTGAGA,1691,1079,0,0.0
GTCTTAGATACAGACAGCTA,2733,1390,0,0.0
GTCTTAGATACCAGTTAGAT,2843,996,0,0.0
GTCTTAGATACCTACCGCTT,759,449,0,0.0
GTCTTAGATATCCAGCTTCT,1299,718,0,0.0
GTCTTCGTAGCCAAGAGCGC,3082,1500,0,0.0
GTCTTCGTAGCGCTTGCACG,1557,704,0,0.0
GTCTTCGTAGTCATATATTC,3438,1849,0,0.0
GTCTTGTCCAAGGTTGGCAG,955,669,0,0.0
GTCTTGTCCACGCTGTCCAA,2300,766,0,0.0
GTCTTGTCCACGTACTACGT,3394,1879,0,0.0
GTCTTGTCCAGCAACGATTG,3089,1650,0,0.0
GTCTTGTCCAGCGCGTTGCT,751,464,0,0.0
GTCTTGTCCAGGAGTTAAGG,3151,1192,0,0.0
GTCTTGTCCATCACGTCGCC,3714,1589,0,0.0
GTGAACCACAGTAATTACGT,1006,722,0,0.0
GTGAAGAGGCAAGTGTCGCG,5211,1881,0,0.0
GTGAAGAGGCATCATACTTA,1961,1195,0,0.0
GTGAAGAGGCCATATCAAGC,2702,968,0,0.0
GTGAAGAGGCCCTCGAAGAT,1927,1102,0,0.0
GTGAAGAGGCCTTCCTCCTG,1162,454,0,0.0
GTGAAGAGGCGATTCTGTCG,1988,946,0,0.0
GTGAAGAGGCGCGCAATCCG,706,404,0,0.0
GTGAAGGCCTACGCGCATAG,4823,1903,0,0.0
GTGAAGGCCTATCCTGTATT,2964,1331,0,0.0
GTGAAGGCCTCGGCACCTTC,3830,841,0,0.0
GTGAAGGCCTGATTAGCCTC,1046,772,0,0.0
GTGAAGGCCTGGCTGCTGCT,2764,1122,0,0.0
GTGACAGTAGTCCTCACTCA,651,470,0,0.0
GTGACAGTAGTGTTACATCA,1691,959,0,0.0
GTGACCGTTCAACAGTCAAG,2023,917,0,0.0
GTGACCGTTCAACGAAGGAA,1984,422,0,0.0
GTGACCGTTCACAGGATCAC,1612,574,0,0.0
GTGACCGTTCAGCCTCTAGC,8460,2849,0,0.0
GTGACCGTTCATCCTACGGC,770,389,0,0.0
GTGACCGTTCCTCAACAACG,6778,2507,0,0.0
GTGACCGTTCGTACGGATAA,2291,1018,0,0.0
GTGACCGTTCTCGTACACGA,5983,1821,0,0.0
GTGACGACTTAGGAACGACG,850,526,0,0.0
GTGACGACTTCCTACCGCTT,903,555,0,0.0
GTGACGACTTCGGTATTGCG,3872,1781,0,0.0
GTGACGACTTCTCGAACAGT,7152,2836,0,0.0
GTGACTCGCAGAGCATGATC,772,572,0,0.0
GTGACTCGCAGTCTGATTAT,7430,2430,0,0.0
GTGACTCGCATCGTACACGA,687,544,0,0.0
GTGATAGTCAACGTGATGCT,965,366,0,0.0
GTGATAGTCACATTAACCGC,2243,1183,0,0.0
GTGATAGTCAGCCTTGCGTG,1717,1144,0,0.0
GTGATAGTCAGCGTTATTCG,5378,2555,0,0.0
GTGATAGTCATCCTAAGCGA,1644,1065,0,0.0
GTGATAGTCATTATGACATT,7102,2890,0,0.0
GTGATATCAACTATTGGAAT,665,494,0,0.0
GTGATATCAACTCGATAGAT,6907,2518,0,0.0
GTGATATCAATATGCATACC,1074,615,0,0.0
GTGCAATATAATGCAGATCC,1156,668,0,0.0
GTGCAATATACCGTGCCTTC,3372,1620,0,0.0
GTGCAATATAGTGATCGAGA,613,460,0,0.0
GTGCAATATATAAGCCTAGG,3724,1450,0,0.0
GTGCAATATATTACGAGCTG,1100,746,0,0.0
GTGCATATTCAACGATGCGC,15372,3586,0,0.0
GTGCATATTCTATTCTACGT,3650,1946,0,0.0
GTGCATATTCTCTCTATCCA,1017,750,0,0.0
GTGCCGAGTGAGTACCAGCG,2807,1435,0,0.0
GTGCCGAGTGATACCTATAT,1632,842,0,0.0
GTGCCGAGTGATCATCGGAG,6623,2245,0,0.0
GTGCCGAGTGCACACCTAAC,3124,1497,0,0.0
GTGCCGAGTGCGCAGATCTA,1509,860,0,0.0
GTGCCGAGTGCTAAGTCCAT,1549,899,0,0.0
GTGCCGAGTGCTTCGAGCAC,1908,1137,0,0.0
GTGCCGAGTGGACTCTTGGC,11981,3574,0,0.0
GTGCCGAGTGTCCAAGCGGT,1114,667,0,0.0
GTGCCGTACGAAGTAAGTCC,1174,742,0,0.0
GTGCCGTACGCCGAACCGTT,501,415,0,0.0
GTGCCGTACGGCCGAGTTAT,1858,877,0,0.0
GTGCCGTACGGGATTAGTCT,1314,791,0,0.0
GTGCCGTACGGGCACGCGGA,701,363,0,0.0
GTGCCGTACGGTTCGAGGTT,600,490,0,0.0
GTGCCGTACGTTCGTACGTA,2935,1479,0,0.0
GTGGAAGTGCACGGTATATC,870,427,0,0.0
GTGGAAGTGCCAGGAACTTA,1960,1066,0,0.0
GTGGAAGTGCCATCCACGCC,1811,788,0,0.0
GTGGAAGTGCGAACACGTGG,728,369,0,0.0
GTGGAAGTGCGCGACCGTGG,6186,2456,0,0.0
GTGGAAGTGCGGACAGGCAG,2738,1441,0,0.0
GTGGACCGACGCGTTCAAGC,1006,746,0,0.0
GTGGACCGACTCATAGCTCA,1528,523,0,0.0
GTGGACCGACTGATACAGTC,916,366,0,0.0
GTGGACCGACTTCCAAGTAG,4371,1903,0,0.0
GTGGAGACCACGGAACAGAA,1210,484,0,0.0
GTGGAGACCATCTTGTTAGG,3027,1587,0,0.0
GTGGAGACCATGCCGCGCTG,3296,1647,0,0.0
GTGGAGACCATGTATTGAAG,2456,542,0,0.0
GTGGCAAGATATTCAGAATC,14612,4202,0,0.0
GTGGCAAGATCGAATCTCCG,2339,1397,0,0.0
GTGGCCTTGGAGCCTCTAGC,8196,2374,0,0.0
GTGGCCTTGGATAGAAGTTC,7376,2520,0,0.0
GTGGCCTTGGCCGACCGTCT,2145,553,0,0.0
GTGGCCTTGGCTGTGTCGGT,1108,616,0,0.0
GTGGCCTTGGGAGTATCGGT,6007,2490,0,0.0
GTGGCCTTGGTAATCTTCAT,1099,268,0,0.0
GTGGTGATAAAATTGAGAGT,1149,772,0,0.0
GTGGTGATAACAAGTAACCA,1062,673,0,0.0
GTGGTGATAACGTGATAAGT,2531,1287,0,0.0
GTGGTGATAAGCCGGAGCGG,3706,1291,0,0.0
GTGGTTCTTCCACAGGTGTC,2093,1346,0,0.0
GTGGTTCTTCCGCGTTGACG,1843,1036,0,0.0
GTGTACGCACCACTATAAGA,2560,1345,0,0.0
GTGTACGCACCGGTGGTATG,1467,772,0,0.0
GTGTACGCACCGTATGTCCA,1413,915,0,0.0
GTGTACGCACGCGATCGGCG,6368,2261,0,0.0
GTGTACTTGCACCATACGAG,3086,864,0,0.0
GTGTACTTGCAGTCGGCATT,1945,1154,0,0.0
GTGTACTTGCCCATAGATTA,2391,1314,0,0.0
GTGTACTTGCGCTCATTAGC,610,449,0,0.0
GTGTATTAGGAAGAGAGCGG,833,451,0,0.0
GTGTATTAGGAAGCAATTGG,883,598,0,0.0
GTGTATTAGGATCACTAATC,1012,645,0,0.0
GTGTATTAGGCTCCTGGATA,1497,973,0,0.0
GTGTATTAGGTCTACGGACA,899,356,0,0.0
GTGTATTCCTAAGCTTATTA,4382,2102,0,0.0
GTGTATTCCTGACAACCACC,3445,1639,0,0.0
GTGTATTCCTGTCAAGTTAC,9516,2727,0,0.0
GTGTCATGGACAGAATCACA,7269,2559,0,0.0
GTGTCATGGACGTACCTAAT,1428,948,0,0.0
GTGTCATGGATCGCGCGTTC,3589,2090,0,0.0
GTGTCCGCGAAGGCGCGTGA,8127,2882,0,0.0
GTGTCCGCGAATGCAGATCC,1847,884,0,0.0
GTGTCCGCGAATTCCACTTC,990,688,0,0.0
GTGTCCGCGACACTTACCAA,1755,811,0,0.0
GTGTCCGCGACAGAAGTGCA,2742,1576,0,0.0
GTGTCCGCGATGCCTCAATG,3461,1328,0,0.0
GTGTCCTAATATACGGCCTC,3097,1122,0,0.0
GTGTCCTAATATTCCACTTC,1025,516,0,0.0
GTGTCCTAATCGAGCAGATT,1315,899,0,0.0
GTGTCCTAATCGAGTACATC,954,565,0,0.0
GTGTCCTAATGTTCTGCGGT,3892,1237,0,0.0
GTGTGAAGTGATCTGCAATC,662,377,0,0.0
GTGTGAAGTGATTACTGAAG,5411,2106,0,0.0
GTGTGAAGTGCAGAATGGAT,774,390,0,0.0
GTGTGAAGTGTCCTGTGCGC,1056,392,0,0.0
GTGTGAAGTGTGAATTGCAT,5106,1808,0,0.0
GTGTGAAGTGTTAAGAGATC,5403,2263,0,0.0
GTGTGAAGTGTTCCTTAACT,1993,1035,0,0.0
GTGTGAAGTGTTGCACCAAT,12662,4190,0,0.0
GTGTGACCTTCGGTAGGTGC,5228,2130,0,0.0
GTGTGACCTTGATGGCAATG,3081,1479,0,0.0
GTGTGACCTTGTCGCGAACC,2416,1213,0,0.0
GTGTGAGTGTGTGATCGAGA,17617,4138,0,0.0
GTGTGAGTGTTAGACTCCTT,915,435,0,0.0
GTGTGCGCCTATGGTTGGAA,621,450,0,0.0
GTGTGCGCCTGAGCTAAGGC,5789,2468,0,0.0
GTGTGCGCCTGATCACAGTT,10974,3405,0,0.0
GTGTGCGCCTTAACAGCTGA,694,474,0,0.0
GTGTGTCTCTACTTAGGCAG,672,515,0,0.0
GTGTGTCTCTATACTATGTT,8388,2866,0,0.0
GTGTGTCTCTATTGTAATGT,6973,2720,0,0.0
GTGTGTCTCTGCCGACTCTT,6175,2383,0,0.0
GTGTGTCTCTGGTGGATTAG,2536,966,0,0.0
GTGTGTCTCTGGTGTGTAGT,5097,1653,0,0.0
GTGTGTCTCTTGGTGCATCT,1477,745,0,0.0
GTGTTGCGCAAAGGAACTGC,743,564,0,0.0
GTGTTGCGCACTGAGTGCTG,1136,737,0,0.0
GTGTTGCGCAGGCTCTAACT,3887,1441,0,0.0
GTGTTGCGCATGGTGCATCT,1722,846,0,0.0
GTGTTGCGCATGTGGCTATG,831,531,0,0.0
GTGTTGGCAAAATATGAGAG,969,507,0,0.0
GTGTTGGCAAAATTCGCTCA,4505,2025,0,0.0
GTGTTGGCAAACGGCCGAGG,1373,736,0,0.0
GTGTTGGCAACCAGCAGACG,778,334,0,0.0
GTGTTGGCAAGCCGCACCAG,9459,3564,0,0.0
GTGTTGGCAAGGTTACTGAG,764,419,0,0.0
GTGTTGGCAATGCTATCCGT,2434,1322,0,0.0
GTTACTTATGCAGAATCACA,2418,1185,0,0.0
GTTACTTATGCCGTGCCGCA,5813,1230,0,0.0
GTTACTTATGTAGATGACAA,9571,3052,0,0.0
GTTACTTATGTGCCTTCTTC,6312,2446,0,0.0
GTTACTTATGTTCCGACAAG,2130,404,0,0.0
GTTATGAGAAAAGCACCGAT,1107,686,0,0.0
GTTATGAGAAACACACATCA,3702,1952,0,0.0
GTTATGAGAAATGTGGTTAA,11442,3763,0,0.0
GTTATGAGAACAATCGCGCA,769,510,0,0.0
GTTATGAGAACACATGCTGG,2529,933,0,0.0
GTTATGAGAACCTCGCAACT,4862,2050,0,0.0
GTTATGAGAAGCACTAATTC,5867,2048,0,0.0
GTTATGAGAAGCCGAGGCTC,1176,744,0,0.0
GTTATGAGAAGCGCTAATGA,8480,2293,0,0.0
GTTATGAGAAGTAACTCTGG,2922,735,0,0.0
GTTCACTAACAACCTTCAGC,5461,2264,0,0.0
GTTCACTAACCTTAGTTCGA,1034,718,0,0.0
GTTCACTAACTTACTTCGGC,3687,1249,0,0.0
GTTCAGCATACCTTCGCTAT,2738,1239,0,0.0
GTTCAGCATAGAAGTCCTAG,6535,2651,0,0.0
GTTCAGCATAGCGGCTGGTT,4957,2189,0,0.0
GTTCAGCATAGCTCTCACAG,2476,1452,0,0.0
GTTCAGCATAGCTTGGAATA,678,460,0,0.0
GTTCAGCATAGTAGATATAT,1476,1005,0,0.0
GTTCCGTTATACGGCGCTAA,827,447,0,0.0
GTTCCGTTATACTCCTGTCG,731,545,0,0.0
GTTCCGTTATAGTATGCCAT,7216,2513,0,0.0
GTTCCGTTATCAACTGTGGC,2234,1127,0,0.0
GTTCCGTTATCACGAGAAGT,5376,1698,0,0.0
GTTCCGTTATCTTAGTTCGA,1712,1000,0,0.0
GTTCCGTTATTAATTACTGG,887,597,0,0.0
GTTCCGTTATTCATCTGAGC,2262,1389,0,0.0
GTTCGTCGCAGCGAAGATAG,4808,2097,0,0.0
GTTCGTCGCAGGTCTCTCGA,866,494,0,0.0
GTTCGTCGCATCGTGTGATC,7490,2501,0,0.0
GTTCGTCGCATTCGATCGAA,6529,2357,0,0.0
GTTCGTGTGCAACGGCTCTT,6580,2526,0,0.0
GTTCGTGTGCCCGTAAGTGT,2497,1461,0,0.0
GTTCGTGTGCCGTACCTAAT,2310,910,0,0.0
GTTCGTGTGCGCCGAGTTAT,1134,577,0,0.0
GTTCGTGTGCGTCTGTGGAA,3497,1488,0,0.0
GTTCTACCTGAGTCTCGACC,669,373,0,0.0
GTTCTACCTGTTGTGACTCG,966,639,0,0.0
GTTGAACGTCACAACGCCTT,659,345,0,0.0
GTTGAAGGCGAGACCAACAT,4683,2032,0,0.0
GTTGAAGGCGGTATTCCAGG,14162,3375,0,0.0
GTTGAAGGCGTAAGGACTGC,9757,2252,0,0.0
GTTGAAGGCGTAGAATAGCG,1054,687,0,0.0
GTTGAAGGCGTATGCCGATG,1617,956,0,0.0
GTTGAATCGAATAGATTGCT,1794,996,0,0.0
GTTGAATCGAGTGCACCAGC,15057,4455,0,0.0
GTTGAATCGATCGAACGGCC,1417,879,0,0.0
GTTGAATCGATTCGCCGGCT,1589,888,0,0.0
GTTGAGTCCGAAGGCAACAT,4255,1836,0,0.0
GTTGAGTCCGATGCTAACAT,1085,575,0,0.0
GTTGAGTCCGGAACTATCAT,964,718,0,0.0
GTTGAGTCCGTGCTCCAGTT,3608,1392,0,0.0
GTTGATGAGGCCTTCGCTAT,2614,1165,0,0.0
GTTGATGAGGGTCTGTGGAA,2239,1194,0,0.0
GTTGATGAGGTACCGTAGCC,11080,3118,0,0.0
GTTGCAATGCAACGGCTCTT,590,405,0,0.0
GTTGCAATGCACCTCGCAGA,860,424,0,0.0
GTTGCAATGCAGCTTCCGAG,6852,2558,0,0.0
GTTGCAATGCCCAAGCTACT,2008,491,0,0.0
GTTGCAATGCGTTATCTATA,622,391,0,0.0
GTTGCATCAGACACTCTATC,500,396,0,0.0
GTTGCATCAGTGAATTGCAT,10589,3690,0,0.0
GTTGCCGGTGACTGGTTATC,2608,1218,0,0.0
GTTGCCGGTGAGTACGTCGC,2270,1082,0,0.0
GTTGCCGGTGTAGAACACGG,1274,804,0,0.0
GTTGCGAATTACGTACATAA,945,656,0,0.0
GTTGCGAATTGAAGAACATT,5070,2482,0,0.0
GTTGCTGGATCTAAGTCTTG,7186,2696,0,0.0
GTTGCTGGATGACCACTATT,4730,2025,0,0.0
GTTGCTGGATGGTATGTGGA,7530,2543,0,0.0
GTTGCTGGATGTTGATGCCT,11665,3165,0,0.0
GTTGCTGGATTATTCTACGT,1170,822,0,0.0
GTTGTAACACCAAGCTAGCT,12953,3769,0,0.0
GTTGTAACACCACCTAGTTA,3051,862,0,0.0
GTTGTAACACGAACACGTGG,2174,885,0,0.0
GTTGTTCCGGAACAGTCAAG,1327,922,0,0.0
GTTGTTCCGGACTAGCCGCT,5922,2546,0,0.0
GTTGTTCCGGGACCAGTAAC,1062,632,0,0.0
GTTGTTCCGGGCGAGTAGCG,680,472,0,0.0
GTTGTTCCGGTGTATACACG,3518,1911,0,0.0
TAACAATTAAACCGGTGAGA,1499,564,0,0.0
TAACAATTAAAGTAGAGTAA,1486,907,0,0.0
TAACAATTAACGAGTACATC,1193,763,0,0.0
TAACAATTAACTGAGTGCTG,1909,1149,0,0.0
TAACATTCCAAATCTGTGCT,2800,1659,0,0.0
TAACATTCCACCGAGTAACA,588,438,0,0.0
TAACATTCCAGGCCTTCCAT,1809,505,0,0.0
TAACCACTTGAATCTGTGCT,2110,1226,0,0.0
TAACCACTTGACAGGCCTGT,1142,860,0,0.0
TAACCACTTGAGTTCCACGT,639,406,0,0.0
TAACCACTTGCCTGTACTGG,2359,1330,0,0.0
TAACCACTTGCTATAACGTT,1155,781,0,0.0
TAACCACTTGGGCCTTCCAT,976,542,0,0.0
TAACCACTTGGTCGATTCGT,2011,1169,0,0.0
TAACCACTTGGTCTCTGCTA,1357,660,0,0.0
TAACCGGACCACACACATCA,11952,3226,0,0.0
TAACCGGACCCTAATCACTT,1381,602,0,0.0
TAACCGGACCGAACTATCAT,5934,2135,0,0.0
TAACCGGACCGTAAGGCGGT,6254,2086,0,0.0
TAACCGGACCGTTAATCGAG,4777,2216,0,0.0
TAACCGGACCTCATTACGAG,3757,1527,0,0.0
TAACGTGATGTATACCGCAT,1784,940,0,0.0
TAACTTACTACGACTTCGTG,3745,1923,0,0.0
TAACTTACTATTAGTCTTGC,1344,667,0,0.0
TAAGAAGGACACGCCTCCGA,1110,362,0,0.0
TAAGAAGGACGAGGTGCGAG,2748,1214,0,0.0
TAAGAAGGACGCCGAGGCTC,1716,901,0,0.0
TAAGAAGGACGTCTCCGGTT,954,401,0,0.0
TAAGATACAGAAGTTGGCGA,6998,2660,0,0.0
TAAGATACAGACCGAAGACA,2607,1439,0,0.0
TAAGATACAGGAATTGTTAA,593,463,0,0.0
TAAGATACAGGCCTTGCGTG,7411,2662,0,0.0
TAAGATACAGGCTAACTATT,2671,1052,0,0.0
TAAGATACAGGGTCTCTCGA,837,430,0,0.0
TAAGATACAGGTTGGTCTAA,2976,1557,0,0.0
TAAGATACAGTTGCACCAAT,919,693,0,0.0
TAAGATGTCGAAGTCCGGCT,927,597,0,0.0
TAAGATGTCGATATCGTCCA,1745,940,0,0.0
TAAGCCGTCAACATGCATGG,2036,1106,0,0.0
TAAGCCGTCAAGTACCAGCG,2401,1214,0,0.0
TAAGCCGTCAAGTGTTGTGC,2700,1157,0,0.0
TAAGCCGTCACCAGAGGATG,843,598,0,0.0
TAAGCCGTCACCTGTACTGG,11219,3472,0,0.0
TAAGCCGTCATTCCTGCGAA,592,494,0,0.0
TAAGCGCTCTACATGCATGG,1292,637,0,0.0
TAAGCGCTCTGATGATCCGC,3663,784,0,0.0
TAAGCGCTCTGTTCTGCGGT,7223,2918,0,0.0
TAAGCGCTCTTAAGCATCGC,13105,3302,0,0.0
TAAGCGCTCTTCCTTACATA,7018,2566,0,0.0
TAAGCGTCAGAGAGTATCGC,2897,1078,0,0.0
TAAGCGTCAGGGCTGCTGCT,6561,1816,0,0.0
TAAGCGTCAGGGTTAACAAT,8549,2747,0,0.0
TAAGGTCAGAACTGGTTATC,2681,1274,0,0.0
TAAGGTCAGAAGACGGATGT,2354,742,0,0.0
TAAGGTCAGAGCTGTGACAA,5867,2323,0,0.0
TAAGGTCAGAGGACGGTATA,1945,1098,0,0.0
TAAGGTCAGAGGTGGACATA,1096,435,0,0.0
TAAGTAATACATGACGGAGA,1625,648,0,0.0
TAAGTAATACCAAGCGTATC,6071,2275,0,0.0
TAAGTAATACCGCAGTAGAT,1248,889,0,0.0
TAAGTAATACCGTGCTACCA,1612,432,0,0.0
TAAGTAATACGCCGCCATCA,2492,1303,0,0.0
TAAGTAATACGGCCAACGGA,1365,491,0,0.0
TAAGTAATACTAGATCGCGA,7577,2919,0,0.0
TAAGTCCAGTAGAGGTGCTA,2381,1138,0,0.0
TAAGTCCAGTATCGTTACCG,633,397,0,0.0
TAAGTCCAGTCCAGTAGCGT,5612,2266,0,0.0
TAAGTCCAGTTCCTCACTCA,1580,943,0,0.0
TAAGTCCAGTTGTTCAGACG,3262,1105,0,0.0
TAATAATATGAAGTTATGGC,1036,549,0,0.0
TAATAATATGTGGCCGTCTC,1897,988,0,0.0
TAATACTGGTACGCCAACAG,1574,854,0,0.0
TAATACTGGTCTAATCATCG,2068,1314,0,0.0
TAATACTGGTGAAGTCCTAG,2056,913,0,0.0
TAATACTGGTGACCACTATT,7987,2574,0,0.0
TAATACTGGTGCTTGTCACT,6824,2418,0,0.0
TAATACTGGTGTTGGTAGTG,1361,491,0,0.0
TAATAGAATAATGACTGGTG,3152,1513,0,0.0
TAATAGAATACAACATCCTG,2083,1301,0,0.0
TAATAGAATACATGACCACG,1520,707,0,0.0
TAATAGAATACTAGCCGCCA,1070,673,0,0.0
TAATAGAATAGCAGCATCTC,4311,1436,0,0.0
TAATAGAATAGTCTGATTAT,1789,1173,0,0.0
TAATAGAATATGGAATTCAT,653,435,0,0.0
TAATATGAGGATCTTGAATA,643,332,0,0.0
TAATATGAGGTGAACAGGCT,8208,2481,0,0.0
TAATGCAGCTCCGCAGCAAG,871,628,0,0.0
TAATGCAGCTGAGAGCTCCG,7460,2217,0,0.0
TAATGCAGCTGCGCCAATAT,6380,1804,0,0.0
TAATGCAGCTGGCGCGAATA,992,449,0,0.0
TAATGCAGCTGTGTCATTCC,2372,1128,0,0.0
TAATGCAGCTTCACAGTCCG,4435,967,0,0.0
TAATGCAGCTTCCTTACATA,7855,2857,0,0.0
TAATTCTCCAACAATCACCG,4493,1949,0,0.0
TAATTCTCCAGAGTATCGGT,3157,464,0,0.0
TAATTCTCCAGGTCGCTCTG,3375,1514,0,0.0
TAATTCTTACAAGCGTCCTA,880,545,0,0.0
TAATTCTTACAGTATGCCAT,5557,2221,0,0.0
TAATTCTTACATTGTAATGT,3908,1485,0,0.0
TAATTCTTACCCAGAGGATG,1472,978,0,0.0
TAATTCTTACCCTACCGCTT,983,576,0,0.0
TAATTCTTACGTTGAGGTTG,1925,994,0,0.0
TACAATGTAGAACGATCAGA,2243,777,0,0.0
TACAATGTAGACCTGCCTAT,2710,1435,0,0.0
TACAATGTAGGCGCGGAGCC,5169,2135,0,0.0
TACAATGTAGGGAGTTAAGG,1683,619,0,0.0
TACAATTACTCTCGATAGAT,3231,1851,0,0.0
TACAATTACTCTGTGTCGGT,3821,1863,0,0.0
TACAATTACTCTTACACTAC,633,489,0,0.0
TACAATTACTTCTACGGACA,29348,5133,0,0.0
TACAATTACTTTATGCGTCT,10500,2799,0,0.0
TACAGCCTGTACGACAGATC,859,559,0,0.0
TACAGCCTGTCACATGCTGG,1671,759,0,0.0
TACAGCCTGTGGTCGCTCTG,4594,1843,0,0.0
TACAGCCTGTGTTCAATTCC,638,336,0,0.0
TACAGCCTGTTCTGTTGGAA,10925,3427,0,0.0
TACAGCTGCCATCTGTGTAC,4835,2357,0,0.0
TACAGCTGCCATGTACCGTG,5333,1552,0,0.0
TACAGCTGCCCAAGGCTGAC,4970,2495,0,0.0
TACAGCTGCCCCGGAATCGT,722,482,0,0.0
TACAGCTGCCGGTAGTCTTA,602,325,0,0.0
TACATCACCGGCAGCCTAAC,627,387,0,0.0
TACATCACCGTGCGTGTGTG,2833,1076,0,0.0
TACCAAGTGTAACTACGTAG,9986,2537,0,0.0
TACCAAGTGTAGAGCTCGCC,4049,1668,0,0.0
TACCAAGTGTATCTTGAATA,4409,2010,0,0.0
TACCAAGTGTTGCCATAGCT,8649,2831,0,0.0
TACCGCAATTGAGTCCACTC,1894,1196,0,0.0
TACCGCAATTGGACATTCGG,687,400,0,0.0
TACCGCAATTTACACAGGCG,2212,1279,0,0.0
TACCGCAATTTCATAGCTCA,5166,2225,0,0.0
TACCGCAATTTCTGGATACA,1513,945,0,0.0
TACCGCAATTTTCCTTAACT,610,500,0,0.0
TACCGCTCAGACCGGCCACA,876,650,0,0.0
TACCGCTCAGAGCTACTTGT,1164,812,0,0.0
TACCGCTCAGGCCGTTAGTT,2001,683,0,0.0
TACCGCTCAGGCTCGTGATC,1400,831,0,0.0
TACCTCTACCATGGAATGTA,1168,798,0,0.0
TACCTCTACCGAAGCATTAT,1505,929,0,0.0
TACCTCTACCGCAGGTCCGA,11422,3394,0,0.0
TACCTCTACCGGCTTAGACC,2769,1576,0,0.0
TACCTCTACCGTGCGCCGAT,3120,1285,0,0.0
TACCTCTACCTCTTCGGTGG,4915,1803,0,0.0
TACCTGCCGTAAGTGTCGCG,598,443,0,0.0
TACCTGCCGTATGACTGGTG,2170,1027,0,0.0
TACCTGCCGTTTCACTTCAA,1622,969,0,0.0
TACCTTGCGCAGAGAACGGA,635,175,0,0.0
TACCTTGCGCCCACGTTGAG,713,555,0,0.0
TACGAACTGACGGTGTGAGT,1226,474,0,0.0
TACGAACTGACTCGAGTATA,1242,776,0,0.0
TACGAATCTGCCACATGCAG,1114,637,0,0.0
TACGAATCTGTATACCGCAT,4851,1817,0,0.0
TACGAATCTGTGCCTAACTT,1776,968,0,0.0
TACGAGACGAATAATTCAGG,6175,1728,0,0.0
TACGAGACGACAGATTCAAG,3719,1519,0,0.0
TACGAGACGACGACTTGCAC,2984,1502,0,0.0
TACGAGACGAGAGCGCACGC,1025,359,0,0.0
TACGAGACGAGTAATGCTGA,2821,1363,0,0.0
TACGAGACGATACTAACTTG,1794,969,0,0.0
TACGGACAGGAATTCTCGAA,952,552,0,0.0
TACGGACAGGGGTCCTACTG,2442,1308,0,0.0
TACGGCATCCATAGAGCGTC,1527,750,0,0.0
TACGGCATCCCAGGATCCAT,1267,626,0,0.0
TACGGCATCCCGGCCACCTG,598,484,0,0.0
TACGGCATCCGTCTTCCTCT,1692,888,0,0.0
TACGGCATCCTCTGGTCTCG,3241,1472,0,0.0
TACGGCATCCTGCCGTCCTA,1130,638,0,0.0
TACGTGTAGTAACGCGTGGC,7017,2610,0,0.0
TACGTGTAGTAACTTATTAA,1580,898,0,0.0
TACGTGTAGTCAGGCTCAGT,5474,1057,0,0.0
TACGTGTAGTGACCTGCGCC,3218,1448,0,0.0
TACGTGTAGTGGCAACGTCG,876,623,0,0.0
TACTAATCATCGACCAACCG,996,727,0,0.0
TACTCCGCCTATGTGGTTAA,745,558,0,0.0
TACTCCGCCTGACAATTGTC,7384,2987,0,0.0
TACTCCGCCTGAGTTATCTT,611,381,0,0.0
TACTCCGCCTGGACCTTGCG,7401,2869,0,0.0
TACTCCGCCTTCATTACGAG,1145,747,0,0.0
TACTCCGCCTTGCTGCTCAT,1157,832,0,0.0
TACTCCTTGCAACCAGATAT,1487,426,0,0.0
TACTCCTTGCACGACAAGTG,2628,650,0,0.0
TACTCCTTGCATGTACCGTG,1046,167,0,0.0
TACTCCTTGCCTTCCTCCTG,2278,896,0,0.0
TACTCGCATGAGCCTTATAT,4153,1260,0,0.0
TACTCGCATGCTAAGTCCAT,5815,2641,0,0.0
TACTCGCATGTGTCCAACCT,2991,1227,0,0.0
TACTTGAACTCAGGATACTC,4059,1737,0,0.0
TACTTGAACTCCTCGCTTAA,2396,573,0,0.0
TACTTGAACTCTAAGTGTGT,1084,633,0,0.0
TACTTGTGGCGCCGCCATCA,1604,978,0,0.0
TAGACGCGTCCGTGCTACCA,543,432,0,0.0
TAGACGCGTCGACCGCGTGC,644,269,0,0.0
TAGACGCGTCGGTTGCACTC,5211,2035,0,0.0
TAGACGCGTCTTGAGTCCAG,18876,5164,0,0.0
TAGACGGAACATATGAGACG,3436,1447,0,0.0
TAGACGGAACTGAACAGGCT,1066,646,0,0.0
TAGATAATTGTTGTGACTCG,3232,1338,0,0.0
TAGATATGGACGCAGATCTA,4184,1829,0,0.0
TAGATATGGACTCTTCGCAT,5163,2322,0,0.0
TAGATATGGATCACATAGAC,11203,3321,0,0.0
TAGATCCTGGAAGTTAATGG,768,528,0,0.0
TAGATCCTGGATCGGCTGAA,7091,2473,0,0.0
TAGATCCTGGGAATGATATA,1228,775,0,0.0
TAGATCCTGGGCGCTTGCGG,1361,802,0,0.0
TAGATCCTGGGGAATGATCT,1072,697,0,0.0
TAGATGGTATCGCAGATCTA,1333,981,0,0.0
TAGCAGCCGGACGATACCAA,1250,620,0,0.0
TAGCAGCCGGCCTGTGCTTC,7508,2769,0,0.0
TAGCAGCCGGTGGTTGTGTT,1210,798,0,0.0
TAGCAGCCGGTGTAACGATA,4214,1809,0,0.0
TAGCATATAGAGCAGAGCAT,999,405,0,0.0
TAGCATATAGCTGAGTGCTG,1909,1124,0,0.0
TAGCATATAGCTGGCCACTG,691,521,0,0.0
TAGCATATAGTTGAGTAGAA,7196,2459,0,0.0
TAGCATGGTTACACCGGTGT,2596,1558,0,0.0
TAGCATGGTTATGGAATGTA,1393,903,0,0.0
TAGCATGGTTGACCACTATT,1010,643,0,0.0
TAGCATGGTTGGATAGAGAT,692,240,0,0.0
TAGCGAGACTAATGGCCAGT,1929,1123,0,0.0
TAGCGAGACTGCACTAATTC,691,526,0,0.0
TAGCGCCAGCAAGCACCGAT,2291,543,0,0.0
TAGCGCCAGCAGCAGTGGTA,11331,2314,0,0.0
TAGCGCCAGCATCGTTACCG,1205,637,0,0.0
TAGCGCCAGCTTGCCTTAGG,1868,1048,0,0.0
TAGCGGAGCGATATTATTAC,11864,2956,0,0.0
TAGCGGAGCGCACGTGGTAG,1041,597,0,0.0
TAGCGGAGCGCGTCAATAAC,1237,587,0,0.0
TAGCGGAGCGTGTGGATCGG,1715,699,0,0.0
TAGCGTTCGTCACCGTAACT,3360,1191,0,0.0
TAGCGTTCGTGAGCTAAGGC,784,604,0,0.0
TAGCGTTCGTTCCACCTCAT,1061,750,0,0.0
TAGCGTTGACACGGCGCTAA,6231,2881,0,0.0
TAGCGTTGACATCTGTGTAC,1615,787,0,0.0
TAGCGTTGACCACGTGGTAG,5011,1772,0,0.0
TAGCGTTGACCAGTCCAGTA,1447,852,0,0.0
TAGCGTTGACGGTCGCTCTG,6335,1964,0,0.0
TAGCGTTGACGTCGCGAACC,1839,916,0,0.0
TAGCGTTGACTGATGCCAAC,873,230,0,0.0
TAGCGTTGACTGCGGCCGAA,6157,1876,0,0.0
TAGCTCAGTGAGTGGCGTTC,3284,1566,0,0.0
TAGCTCAGTGGCCTGTATGC,4303,1775,0,0.0
TAGCTCAGTGGCTGTCGGCC,685,524,0,0.0
TAGCTCAGTGGGCGAATCTC,4071,1731,0,0.0
TAGGCGACGTCGTATTCTCT,541,344,0,0.0
TAGGCGACGTGCCGCCGTGT,635,514,0,0.0
TAGGCGACGTGGAATCCGGT,1125,369,0,0.0
TAGGCGCATAGAGTCCATAG,5994,2454,0,0.0
TAGGCGCATAGGCTGTCTTG,776,392,0,0.0
TAGGCGGAGGACTAGCCGCT,6980,2949,0,0.0
TAGGCGGAGGCGTAACAGTG,3965,1466,0,0.0
TAGGCGGAGGGACCAGTAAC,4991,1934,0,0.0
TAGGCGGAGGGTCGTCAAGC,652,428,0,0.0
TAGGCGGAGGTTCATCTGGA,1330,788,0,0.0
TAGGTGAAGACATGACCACG,4532,1917,0,0.0
TAGGTGAAGACGCTGTCCAA,1454,544,0,0.0
TAGGTGAAGATATAACATGA,3278,1090,0,0.0
TAGGTTAGATAGCACTTAAT,579,452,0,0.0
TAGGTTAGATCATATCAAGC,5297,2167,0,0.0
TAGGTTAGATCCTGCAGCCA,664,518,0,0.0
TAGTATGGAGACTATATTGC,1292,788,0,0.0
TAGTATGGAGGAATCTTGTT,4706,1862,0,0.0
TAGTATGGAGTCAATTGAGA,4080,1326,0,0.0
TAGTATGGAGTGAATTGCAT,3016,1498,0,0.0
TAGTATGGAGTGTTGCCATA,836,656,0,0.0
TAGTCATTGTCGTAAGAAGG,832,602,0,0.0
TAGTCATTGTCGTACCTCTA,5591,2448,0,0.0
TAGTCATTGTCTCGGTTGTA,1535,1004,0,0.0
TAGTCATTGTTCCATACTAT,985,671,0,0.0
TAGTCATTGTTTGCAGTGGT,2701,1179,0,0.0
TAGTCGGCTCAGTACAGCGA,5232,1673,0,0.0
TAGTCGGCTCATCAGTACCA,1983,594,0,0.0
TAGTCGGCTCCGAACTGGAC,2342,1208,0,0.0
TAGTCGGCTCCGCACCAGTC,8501,2918,0,0.0
TAGTCGGCTCGCAGCTCGTG,4823,1951,0,0.0
TAGTCGGCTCGGTACCTTAA,8541,2558,0,0.0
TAGTCGGCTCTCATCGAGGC,3450,1735,0,0.0
TAGTCTACAGAGGCCTACTT,749,342,0,0.0
TAGTGATCGCCTCGGAGATA,1335,852,0,0.0
TAGTGATCGCCTGGTACTGT,4760,1814,0,0.0
TAGTGATCGCGCGAGTAGCG,1465,863,0,0.0
TAGTGATCGCTTGATTGGAT,3527,1946,0,0.0
TAGTGCGATTACACAGACTG,3065,1314,0,0.0
TAGTGGTGAAACACTTCGAT,2236,1342,0,0.0
TAGTGGTGAAGCAGCTCTAA,1805,937,0,0.0
TAGTGGTGAATGAATGCGTG,1332,668,0,0.0
TAGTGGTGAATGGCCGTCTC,1086,632,0,0.0
TAGTTGAGCACCTCGCTTAA,558,368,0,0.0
TAGTTGAGCAGTAAGGCGGT,8419,2598,0,0.0
TAGTTGAGCATACTGCGGTG,2019,923,0,0.0
TAGTTGAGCATATGCATACC,4017,1572,0,0.0
TAGTTGAGCATTGCTAGCTT,781,516,0,0.0
TATAAGTTAAACACACATCA,648,316,0,0.0
TATAAGTTAATCGCTTACCG,4719,1605,0,0.0
TATAGACGCGAATTGAGAGT,11821,3185,0,0.0
TATAGACGCGACAGGATCAC,1513,731,0,0.0
TATAGACGCGATAGCCGATG,5370,2001,0,0.0
TATAGACGCGGAGCCGGATT,1738,851,0,0.0
TATAGACGCGGCCGCACCAG,1057,771,0,0.0
TATAGTCGTAACACATCCTC,810,402,0,0.0
TATAGTCGTAACGCCTCCGA,910,600,0,0.0
TATAGTCGTACGTGCGGTAA,2863,1483,0,0.0
TATAGTCGTAGATAGTACGC,3831,1765,0,0.0
TATAGTCGTAGATCGAACAT,2007,1235,0,0.0
TATAGTCGTATAACAGCGAT,4355,2204,0,0.0
TATAGTCGTATCATAAGATA,2176,875,0,0.0
TATATCCTCTGCGTTCAAGC,7242,2725,0,0.0
TATATGCCTCAGCTCAGGAG,3709,1272,0,0.0
TATATGCCTCAGTGTGCTCT,2521,1425,0,0.0
TATATGCCTCATAGAAGTTC,2620,1375,0,0.0
TATATGCCTCCGACGAGACC,2640,1455,0,0.0
TATATGCCTCGTCTCACGTC,999,744,0,0.0
TATATGCCTCTCACAGTCCG,22825,4144,0,0.0
TATCAACATACTAAGTCTTG,7211,2944,0,0.0
TATCAACATAGCGCGGAGCC,1922,1059,0,0.0
TATCAACATATATCATCCTT,7882,2490,0,0.0
TATCCAACTCAAGTGAACTG,678,536,0,0.0
TATCCAACTCAGATTGTAAC,4313,2087,0,0.0
TATCCAACTCCCATCGATGG,19006,5677,0,0.0
TATCCAACTCGTGATCGAGA,13119,4243,0,0.0
TATCCAACTCTGTATCACCA,987,525,0,0.0
TATCCGGTCAAGCTTCCGAG,3417,1795,0,0.0
TATCCGGTCACCTGTACTGG,2581,1264,0,0.0
TATCCGGTCATCACTCTGAT,3347,1602,0,0.0
TATCCTCGTCAAGTGAACTG,1563,283,0,0.0
TATCCTCGTCTCAATTGAGA,639,151,0,0.0
TATCCTCGTCTCACGTCGCC,1650,980,0,0.0
TATCCTTGGTCACAGGTGTC,1578,872,0,0.0
TATCGGTAGCACCATACGAG,1169,821,0,0.0
TATCGGTAGCGGTGAGGTCA,1952,951,0,0.0
TATCGGTAGCTCTTCGAGAG,10165,3081,0,0.0
TATCTTGACTAACGATTCAA,582,445,0,0.0
TATCTTGACTACCTCTGATA,657,441,0,0.0
TATCTTGACTAGTCGCGCGC,610,425,0,0.0
TATCTTGACTCGAATGTTGC,2215,1228,0,0.0
TATCTTGACTCGTGAGTGCG,2929,1287,0,0.0
TATCTTGACTGCATCCGAGT,2112,1101,0,0.0
TATGCGTGTTACCGCGCAAG,1084,776,0,0.0
TATGCGTGTTCGTATTCTCT,2199,587,0,0.0
TATGCGTGTTGATCACAGTT,2955,1462,0,0.0
TATGGCGCGGGCGGCTGGTT,1982,1053,0,0.0
TATGGCGCGGGCTTGTCACT,8158,2719,0,0.0
TATGGCGCGGGGTCATTACG,9308,3181,0,0.0
TATGGCGCGGTAACAGCTGA,2896,1355,0,0.0
TATGGCGCGGTGAAGATATG,8624,3290,0,0.0
TATTAGGAGCATGACGGAGA,2560,1311,0,0.0
TATTAGGAGCCTTCGCAATA,1009,585,0,0.0
TATTAGGAGCGCCGCCATCA,4967,2313,0,0.0
TATTAGGAGCTATACATAGT,8579,3080,0,0.0
TATTATCAGAAATTATTGGC,967,462,0,0.0
TATTATCAGACACGTGGTAG,2208,1279,0,0.0
TATTATCAGACCGTACTTCC,4126,1688,0,0.0
TATTATCAGAGCCTGCGCAT,1791,666,0,0.0
TATTATCAGAGCTAAGTCAC,2299,992,0,0.0
TATTATCAGAGTTCAATTCC,1789,888,0,0.0
TATTATCAGATTAAGAGATC,3107,1612,0,0.0
TATTATGTAAAGACAAGAAC,770,494,0,0.0
TATTATGTAATCTGGATACA,15502,3643,0,0.0
TATTCACACAAGGACACTCC,804,516,0,0.0
TATTCACACACTAGCCGCCA,1381,884,0,0.0
TATTCACACAGCATGTGCAG,1694,898,0,0.0
TATTCACTACAACAGTCAAG,3067,1199,0,0.0
TATTCACTACAACGAGGCTT,1019,746,0,0.0
TATTCACTACAGGCTGAACG,16666,4782,0,0.0
TATTCACTACCATATGAATT,2730,1500,0,0.0
TATTCACTACGGCGAATCTC,2121,1165,0,0.0
TATTCGTAAGAAGAGCTTGC,1137,619,0,0.0
TATTCGTAAGAAGTCCACGA,1782,951,0,0.0
TATTCGTAAGCACAGGTGTC,1396,976,0,0.0
TATTCGTAAGCCGCAGCAAG,5429,2349,0,0.0
TATTCGTAAGGCGCATCTAG,2055,488,0,0.0
TATTGAACTTCGGTGTGAGT,1237,495,0,0.0
TATTGAACTTCTATTCAGCA,1000,467,0,0.0
TATTGAACTTGTAGCACGGC,1208,644,0,0.0
TATTGAACTTTCAGTGTTAA,2046,1032,0,0.0
TATTGATACGACTATATTGC,6894,2337,0,0.0
TATTGATACGGTCTCCGGTT,1855,1038,0,0.0
TATTGATACGTGTATTGAAG,5358,1537,0,0.0
TCAACCAACTAGCCACATCT,1309,435,0,0.0
TCAACCAACTAGTACCAGCG,1389,457,0,0.0
TCAACCAACTGTAAGGAATC,4104,1898,0,0.0
TCAACCAACTTCTTCGAGAG,1867,638,0,0.0
TCAACGATCAAGGCTGAACG,1235,401,0,0.0
TCAACGATCACAGCGATGTC,1342,552,0,0.0
TCAACGATCAGTCGTCCAAT,894,615,0,0.0
TCAACGATCAGTCTTCCTCT,2131,1289,0,0.0
TCAAGACCGGTGGTTAAGGA,1484,933,0,0.0
TCAAGCATCGCATTAACCGC,680,198,0,0.0
TCAAGCATCGTCCTCATGTT,2542,1323,0,0.0
TCACATTGGTGTCTCTGCTA,610,117,0,0.0
TCACCGCGTAAAGTTCAGGT,1139,733,0,0.0
TCACCGCGTAATGTCACGCT,1361,885,0,0.0
TCACCGCGTATCTGGATACA,522,421,0,0.0
TCACGCCTAAATCTGTAGTA,1552,760,0,0.0
TCACGCCTAACGTGAACTAC,3416,1809,0,0.0
TCACGCCTAAGCGTAGGTCT,3159,1756,0,0.0
TCACGCCTAATAGCGAAGTT,5207,2052,0,0.0
TCACGCGGAGGCAGAGCGAG,1012,683,0,0.0
TCACGCGGAGGCGCGTTGCT,4906,2071,0,0.0
TCACGCGGAGGGCCACACGC,1151,681,0,0.0
TCAGAGAGCCCACGGATGAG,1485,906,0,0.0
TCAGAGAGCCGGCAAGCACG,1528,836,0,0.0
TCAGCCAAGCCTGCAACGAC,4359,2178,0,0.0
TCAGCCAAGCTCCATACTAT,2075,1109,0,0.0
TCAGCCAAGCTTGGTTCTGG,1264,793,0,0.0
TCAGGATATTACCTCTGATA,1525,974,0,0.0
TCAGGATATTACGATACCAA,2683,1350,0,0.0
TCAGGATATTACTTGGAGAC,7484,2574,0,0.0
TCAGGATATTCTTGTAGAAG,5891,2552,0,0.0
TCAGGATATTTAGACTCCTT,952,648,0,0.0
TCAGGATATTTTAACGGTCT,666,490,0,0.0
TCAGGATATTTTCCAAGTAG,4975,2034,0,0.0
TCAGTCAATAAAGCTTATTA,1996,895,0,0.0
TCAGTCAATACAACCGTGTA,1327,696,0,0.0
TCAGTCAATAGGCCACACGC,5595,2294,0,0.0
TCAGTCAATAGGCGCGACGT,805,589,0,0.0
TCAGTCAATAGTTCAGAAGT,8598,2219,0,0.0
TCATCATCGACCTGACAGCG,5709,2304,0,0.0
TCATCATCGACGCGCAGCAG,1287,796,0,0.0
TCATCATCGAGTACGAGTTC,7681,2634,0,0.0
TCATCATCGAGTAGGCATGC,1592,934,0,0.0
TCATCATCGATGTGGAATGA,1140,816,0,0.0
TCATCTCATTCTATGCTTCG,3143,1314,0,0.0
TCATCTCATTTAACTATAGA,1395,552,0,0.0
TCATCTCATTTCGTTGGTTG,1405,738,0,0.0
TCATGTGTACAGTACTCGGA,3687,1455,0,0.0
TCATGTGTACGCGTGCTGTG,1972,435,0,0.0
TCATGTGTACTAACAGCTGA,8109,2528,0,0.0
TCATGTGTACTACCGTATAT,760,580,0,0.0
TCATGTGTACTTACTTAGAG,7179,1944,0,0.0
TCCAACCTTCACTATATTGC,807,606,0,0.0
TCCAACCTTCATGTCACGCT,2020,1256,0,0.0
TCCAACCTTCCAGTCAGACA,1156,510,0,0.0
TCCAACCTTCGAGTATCGGT,16160,3819,0,0.0
TCCAACCTTCGCATTACCGG,1374,925,0,0.0
TCCAACCTTCTCAGTGGCTA,1734,893,0,0.0
TCCAACCTTCTCCTCATGTT,2068,935,0,0.0
TCCAACCTTCTGGCTCAGCA,8444,2976,0,0.0
TCCAACCTTCTTGTACAATA,4219,1879,0,0.0
TCCAACGCAAGACCACTATT,2216,1100,0,0.0
TCCAACGCAAGCGTTATTCG,1558,1062,0,0.0
TCCAACGCAATAACACGATT,1142,717,0,0.0
TCCAACGCAATAGACCGACT,718,579,0,0.0
TCCAAGGTATCAAGTGCGGT,4380,2083,0,0.0
TCCAAGGTATCCTTCGCTAT,1209,849,0,0.0
TCCAAGGTATCGTGATAAGT,687,415,0,0.0
TCCAAGGTATGCCTCTGTAT,1573,1028,0,0.0
TCCAAGGTATTGACACCGGC,1055,778,0,0.0
TCCAAGGTATTTGGTCCAGC,2054,1261,0,0.0
TCCAATCGCCAGTCGCGCGC,1692,708,0,0.0
TCCAATCGCCCTTCGAGCAC,776,475,0,0.0
TCCAATCGCCGCACTAATTC,1322,899,0,0.0
TCCAATCGCCGCGCGTTGCT,2039,1067,0,0.0
TCCAATCGCCTCTTGCCAAT,1006,583,0,0.0
TCCAATTATACCAACTTCAC,2476,1311,0,0.0
TCCAATTATAGCTCCGATAG,5478,2052,0,0.0
TCCAATTATAGGTTGTACCG,1079,617,0,0.0
TCCAATTATATCGGTATAAT,6814,2643,0,0.0
TCCAATTATATTGAAGGCTA,1708,1052,0,0.0
TCCACTCGAAATTCCTTGCT,1805,676,0,0.0
TCCAGAACCGCACGTGGTAG,1713,714,0,0.0
TCCAGAACCGCAGGCTATCA,528,430,0,0.0
TCCAGAACCGCATATAATGG,9536,2892,0,0.0
TCCAGAACCGCCGAGTAACA,4437,1958,0,0.0
TCCAGAACCGCTCACGTCAC,8416,2380,0,0.0
TCCAGAACCGGGATTAGTCT,1963,647,0,0.0
TCCAGTGTGTAATGCGGCAT,646,444,0,0.0
TCCAGTGTGTATCATCGGAG,5724,1777,0,0.0
TCCAGTGTGTCACACCTAAC,2215,558,0,0.0
TCCAGTGTGTCTGGCCACTG,5329,1887,0,0.0
TCCAGTGTGTGAAGGTGGTT,2631,1546,0,0.0
TCCATGTAATGCGCGCCTCG,1289,943,0,0.0
TCCATGTAATTAGAATAGCG,4562,1733,0,0.0
TCCATGTAATTCGATCTCTG,901,607,0,0.0
TCCATGTAATTCTCTTACGC,1643,961,0,0.0
TCCGACATGTTCACACAAGG,609,403,0,0.0
TCCGCATAGGGAATTGTTAA,6078,2406,0,0.0
TCCGCATAGGGGTGGACATA,1062,468,0,0.0
TCCGCCGAATATGCTTGGTT,5869,1985,0,0.0
TCCGGCGGTCACTTGAATCC,2133,599,0,0.0
TCCGGCGGTCCTATGGCAAG,1777,1140,0,0.0
TCCGGCGGTCGCGGCTCAAT,9117,3187,0,0.0
TCCGGCGGTCGGTAGTCTTA,3243,1450,0,0.0
TCCGGCGGTCTGCCTTCTTC,808,590,0,0.0
TCCGGTACCACAATCGCGCA,2299,823,0,0.0
TCCGGTACCACGCCAACCTT,2700,1275,0,0.0
TCCGGTCCAGCTCCTCAATT,744,345,0,0.0
TCCGGTCCAGTAGCTGAACC,3606,617,0,0.0
TCCGGTCCAGTCACAGTCCG,1069,452,0,0.0
TCCGGTCCAGTGTGGATCGG,1359,522,0,0.0
TCCGTGCCGCAGTAGAGTAA,1168,390,0,0.0
TCCGTGCCGCCATAACTGTA,1584,705,0,0.0
TCCGTGCCGCGACTCTTGGC,1396,884,0,0.0
TCCTACATTAAAGCGGTCAA,638,477,0,0.0
TCCTACATTAACCGGCCACA,2263,1153,0,0.0
TCCTACATTAATGCTTGGTT,8294,2845,0,0.0
TCCTACATTACCTGATGCAT,1886,864,0,0.0
TCCTACATTACGTATGTCCA,5764,1832,0,0.0
TCCTACATTATTAGCCAGTG,10749,3004,0,0.0
TCCTGTAGAACAGTGTTGGA,1321,832,0,0.0
TCCTGTAGAAGAAGTCTTGT,2853,1575,0,0.0
TCCTGTAGAATATGTGGTAA,1337,809,0,0.0
TCCTGTAGAATCAAGTCCTC,767,441,0,0.0
TCCTTAAGTCCAAGTAACCA,1953,1214,0,0.0
TCCTTAAGTCCATAATCAAT,5124,2111,0,0.0
TCCTTAAGTCCCTTAGGCTC,7541,2500,0,0.0
TCCTTAAGTCTGTGATGGCG,8835,2957,0,0.0
TCCTTAATGGCACCTCCAGA,6331,2534,0,0.0
TCCTTAATGGCGGCCACCTG,2718,1496,0,0.0
TCCTTAATGGCGTACCTAAT,14353,4848,0,0.0
TCCTTAATGGGCGAGTAGCG,1333,857,0,0.0
TCCTTAATGGGTCTGATACG,5268,1913,0,0.0
TCCTTAATGGTAACACGATT,2826,1399,0,0.0
TCCTTCGGTAACGGCCGAGG,539,403,0,0.0
TCCTTCGGTACTCTTCGCAT,5416,2218,0,0.0
TCCTTCGGTAGGTTCGGTAT,813,589,0,0.0
TCCTTCGGTATTATGCGTCT,4330,970,0,0.0
TCGAACAATCCGAATGTTGC,1411,897,0,0.0
TCGAACAATCCGCCTGCGAT,804,471,0,0.0
TCGAACAATCCTGGCACACA,2549,576,0,0.0
TCGAACAATCGGCACGGCTG,1431,785,0,0.0
TCGAAGAACGAATGGCGTGA,1766,1021,0,0.0
TCGAAGAACGACAACCGGAT,1366,603,0,0.0
TCGAAGAACGAGGCGAATCG,2643,1266,0,0.0
TCGAAGAACGCTTATGGATC,2546,830,0,0.0
TCGAAGAACGTCATAAGTCG,3383,1228,0,0.0
TCGAAGTCGGCACTTGTAAG,11105,3282,0,0.0
TCGAAGTCGGCTTAGTTCGA,1527,1048,0,0.0
TCGAAGTCGGTAATGTTCTG,2032,1045,0,0.0
TCGACGTGCGCATAGGTGAG,2875,1014,0,0.0
TCGACTGGACACGCGCTGCG,951,670,0,0.0
TCGACTGGACATCGGCTGAA,2297,1200,0,0.0
TCGACTGGACCAGGATACTC,9477,2932,0,0.0
TCGACTGGACGACGCGCCAC,523,436,0,0.0
TCGACTTCTCACGTCCAGTC,1144,613,0,0.0
TCGACTTCTCAGCAAGTTGA,1681,947,0,0.0
TCGACTTCTCCGTATTGTAA,983,596,0,0.0
TCGACTTCTCGCACTAATTC,6169,2170,0,0.0
TCGAGTCTGCCTATGGCAAG,1763,963,0,0.0
TCGAGTCTGCGGACCTAGTA,900,419,0,0.0
TCGAGTCTGCTCCTCATGTT,6313,2308,0,0.0
TCGATCTAGAAGTGATATCA,3611,1485,0,0.0
TCGATCTAGACACCGTCTTC,987,693,0,0.0
TCGATCTAGACATGTCAGCT,2332,1281,0,0.0
TCGATCTAGACGCCAACCTT,1039,720,0,0.0
TCGATCTAGACGTATGTCCA,1418,925,0,0.0
TCGATCTAGAGTACGTCAAC,6509,2622,0,0.0
TCGATCTAGAGTGGTACAGG,5071,2144,0,0.0
TCGATCTAGATATAATCCGG,851,617,0,0.0
TCGATCTAGATCGATTAGTC,8194,3007,0,0.0
TCGATGCCAGAATTCTCGAA,635,450,0,0.0
TCGATGCCAGGTTCTGCGGT,4742,1815,0,0.0
TCGATGCCAGTCGTACACGA,2805,1468,0,0.0
TCGATGCCAGTGCGTCAACA,2057,1288,0,0.0
TCGATGGCGCCCAGTAGCGT,2184,1159,0,0.0
TCGATGGCGCCCATAGCACG,1182,422,0,0.0
TCGATGGCGCCTAGCCGCCA,539,340,0,0.0
TCGATGGCGCGACACAACAC,692,415,0,0.0
TCGATGGCGCTAAGCATCGC,3195,753,0,0.0
TCGCCTTATTAATGACGGCC,906,457,0,0.0
TCGCCTTATTACCGGACATC,4389,1824,0,0.0
TCGCCTTATTCTTAGGCCAA,660,506,0,0.0
TCGCCTTATTGTCAGGTCGG,1039,322,0,0.0
TCGCGTAAGCCGACCGCCTC,12962,3762,0,0.0
TCGCGTAAGCGGTTAACAAT,1853,1146,0,0.0
TCGCGTAAGCTCATATATTC,935,489,0,0.0
TCGCGTGACAACATGCATGG,1240,820,0,0.0
TCGCGTGACATCTTCGGTGG,2186,1042,0,0.0
TCGCTAAGAGCGTAATTCTT,3441,1638,0,0.0
TCGCTAGGTCCGTCAATAAC,1399,858,0,0.0
TCGCTAGGTCCTCTGTCGCA,1924,1092,0,0.0
TCGCTAGGTCGCTATAGTAT,13457,4482,0,0.0
TCGCTAGGTCGTCTTCCGTA,747,476,0,0.0
TCGCTAGGTCTGTCCAACCT,1654,838,0,0.0
TCGCTAGGTCTGTGGAATGA,920,657,0,0.0
TCGCTATCGGACATCCAAGA,2060,1049,0,0.0
TCGCTATCGGACGGTTGAAC,582,478,0,0.0
TCGCTATCGGACGTACATAA,542,447,0,0.0
TCGCTATCGGCAGCCGTTAA,1094,634,0,0.0
TCGCTATCGGCATTGGAGGA,8743,3504,0,0.0
TCGCTCTTCATTCTGCAACT,894,638,0,0.0
TCGCTTCAGTTATTCTACGT,1777,1092,0,0.0
TCGGAATGCTGCTATAGTAT,2068,1173,0,0.0
TCGGTCACTTAGCTCAGGAG,5080,2153,0,0.0
TCGGTCACTTGCGCAATCCG,5652,2033,0,0.0
TCGGTCACTTGCTCCTAGCT,2886,1568,0,0.0
TCGGTCACTTTCGTTGGTTG,4242,1816,0,0.0
TCGGTCAGACACCTACGGCT,694,572,0,0.0
TCGGTCAGACACGGCGCTAA,1155,713,0,0.0
TCGGTCAGACGCCGCCGTGT,909,405,0,0.0
TCGGTCAGACTTGGTCCAGC,3623,1485,0,0.0
TCGGTGATCTAGTCGGCATT,1469,771,0,0.0
TCGGTGATCTTCACATAGAC,694,550,0,0.0
TCGTAGTGTGACCATCACTC,6791,2398,0,0.0
TCGTAGTGTGCAAGCGTATC,539,378,0,0.0
TCGTAGTGTGCCAATCGGCA,2534,516,0,0.0
TCGTAGTGTGGTAGCACGGC,1326,551,0,0.0
TCGTCGTCGCATTACCAGAA,3795,1611,0,0.0
TCGTCGTCGCCCGATGTAAG,1455,631,0,0.0
TCGTCGTCGCGCCGAGTTAT,1155,816,0,0.0
TCGTCGTCGCGTTGGTCTAA,5829,1721,0,0.0
TCGTCGTCGCTAGGTGCCTT,713,427,0,0.0
TCGTGCCTGTCTCCTTACAC,3610,1606,0,0.0
TCGTGCCTGTGCAGCTCGTG,580,433,0,0.0
TCGTGGCGCGTTGGCGCACC,2426,1402,0,0.0
TCGTTAGTCTAACCTTCAGC,6927,2543,0,0.0
TCGTTAGTCTGAACTCCGTT,11187,2444,0,0.0
TCGTTAGTCTTAAGGACTGC,2704,868,0,0.0
TCGTTAGTCTTTCAATCAGC,2032,1039,0,0.0
TCGTTAGTCTTTGTGCTCAG,5212,2266,0,0.0
TCTAACCATGATCATCGGAG,775,145,0,0.0
TCTAACCATGCAGCCGTTAA,6787,2249,0,0.0
TCTAACCATGGGTTAGTACT,1384,283,0,0.0
TCTAACCATGGTCATGTACG,2797,1517,0,0.0
TCTAACCATGGTTCAATTCC,691,555,0,0.0
TCTAACGGATCAACTAGATT,1190,760,0,0.0
TCTAACGGATCATATCAAGC,2975,1415,0,0.0
TCTAACGGATCGGACGTCCG,1367,846,0,0.0
TCTAACGGATGGCATTCTAA,814,578,0,0.0
TCTAACGGATTCCTCATGTT,4644,1982,0,0.0
TCTAACGGATTCGGATCCTA,683,332,0,0.0
TCTAAGACTCGCAGCATCTC,802,479,0,0.0
TCTAAGACTCGTGTCGGTTA,995,557,0,0.0
TCTAATGTTGCTTAGTTCGA,808,396,0,0.0
TCTAATGTTGGACGCGCCAC,9964,3603,0,0.0
TCTAATGTTGTGAGCGACCA,859,371,0,0.0
TCTACAGAGCATGGTTGGAA,3290,1408,0,0.0
TCTACAGAGCCGCAGTAGAT,4212,1582,0,0.0
TCTACAGAGCCTCAATGACA,698,509,0,0.0
TCTACAGAGCTTGGTCCAGC,1154,691,0,0.0
TCTACAGCAAGCTCCGATAG,2465,499,0,0.0
TCTACAGCAATAGTTCGAAC,691,333,0,0.0
TCTACAGCAATGAATATTGA,3145,729,0,0.0
TCTACGCTTCACTTGGAGAC,1700,805,0,0.0
TCTACGCTTCCCGCACTGTC,946,579,0,0.0
TCTACGCTTCGGTCTTCACA,1655,819,0,0.0
TCTACTAATGATGGTCACGG,1227,569,0,0.0
TCTACTAATGCAGACAGCTA,1103,704,0,0.0
TCTACTAATGCGACTTCGTG,2464,1055,0,0.0
TCTACTAATGGTACACTGCG,1627,1047,0,0.0
TCTAGATGCCAGTAAGTAGT,1891,1006,0,0.0
TCTAGATGCCAGTGCAAGGT,2933,1191,0,0.0
TCTAGATGCCTCCGATTCGA,1435,662,0,0.0
TCTATCAGGTCCGATTAAGC,1776,646,0,0.0
TCTATCAGGTCCTCGCAACT,750,537,0,0.0
TCTATCAGGTGCTGTCGGCC,1168,756,0,0.0
TCTATCAGGTGGCGTCACTG,2745,1013,0,0.0
TCTATTACTAACCTCGCAGA,702,513,0,0.0
TCTATTACTAACGCGTCAAT,4535,1481,0,0.0
TCTATTACTACAATCGCGCA,1351,836,0,0.0
TCTATTACTAGTACGAGTTC,640,451,0,0.0
TCTCAACGCACCACGTTGAG,5536,2481,0,0.0
TCTCAACGCAGTACGAGTTC,2700,1354,0,0.0
TCTCAACGCATCAGACTCAC,2430,1263,0,0.0
TCTCAACGCATCATAAGATA,12270,3185,0,0.0
TCTCAACGCATGCCTTCTTC,1235,728,0,0.0
TCTCAGGTAAGAACTCCGTT,10336,3417,0,0.0
TCTCAGGTAAGGAGGTTATT,2349,1128,0,0.0
TCTCAGGTAATTAGCCAGTG,1953,887,0,0.0
TCTCATTCCTAATATCCGCG,3462,1571,0,0.0
TCTCATTCCTATGGCGAATA,8520,2662,0,0.0
TCTCATTCCTTCGTGTGATC,6369,2653,0,0.0
TCTCATTCCTTGAGACCTCC,1233,827,0,0.0
TCTCCACGTGAGCAAGTTGA,9523,3370,0,0.0
TCTCCACGTGGTCTCACGTC,1998,1024,0,0.0
TCTCCACGTGTCATATATTC,5964,2258,0,0.0
TCTCGACTATACAGGTTCCA,2551,1291,0,0.0
TCTCGACTATCCAAGTCTGA,1390,844,0,0.0
TCTCGACTATGTTGTTGTGA,2393,803,0,0.0
TCTCGACTATTAACTGATGG,1533,821,0,0.0
TCTCGGCTGGGCATCCGAGT,6177,2139,0,0.0
TCTCGGCTGGTCTGGATACA,18676,4314,0,0.0
TCTCGGCTGGTGTACACTAT,1086,728,0,0.0
TCTCTGCAAGCCATGGCGTG,9856,2732,0,0.0
TCTCTGCAAGTTATGACATT,750,578,0,0.0
TCTGAATGACCCTTCGCGTC,7175,2383,0,0.0
TCTGAATGACCGACTCTGAG,5521,2430,0,0.0
TCTGAATGACGTCTCCGGTT,5413,1939,0,0.0
TCTGAATGACTTAGCCAGTG,6412,2531,0,0.0
TCTGAATGACTTCTGCAACT,917,475,0,0.0
TCTGACAGTCCGTACTACGT,3691,1844,0,0.0
TCTGACAGTCTGGACCTGTG,1428,880,0,0.0
TCTGAGCTCTACGACTGTGC,1847,920,0,0.0
TCTGAGCTCTCGTTGAGCAA,575,334,0,0.0
TCTGAGCTCTGATGCTCTCA,810,535,0,0.0
TCTGAGCTCTGGTGCAGTCT,1631,331,0,0.0
TCTGCTACTCCACGCGCACC,2267,1083,0,0.0
TCTGCTACTCCATATATACG,2880,1278,0,0.0
TCTGCTACTCGACTAATTCT,1342,937,0,0.0
TCTGCTACTCGAGGTGCGAG,736,515,0,0.0
TCTGCTACTCTACACATGAC,3654,622,0,0.0
TCTGGCGCATACGAGCGAGC,834,462,0,0.0
TCTGGCGCATCCGCCTTGGT,1022,776,0,0.0
TCTGGCGCATCGGAAGGTTG,1156,432,0,0.0
TCTGGCGCATTATGTACTTA,3359,1451,0,0.0
TCTGGCGCATTCACGTCGCC,3121,1608,0,0.0
TCTGGCGCATTGTAACGATA,3183,1605,0,0.0
TCTGGCGCATTTAGCTGGAG,1746,674,0,0.0
TCTGGTGCGAAGCCTCTAGC,1927,842,0,0.0
TCTGGTGCGACATATTGCCG,1014,627,0,0.0
TCTGGTGCGAGCCGTTAGTT,2227,960,0,0.0
TCTGGTGCGAGCGGCTCAAT,5074,1796,0,0.0
TCTGGTGCGATGGCCATGGT,3741,1843,0,0.0
TCTGTGATTGAATTATTGGC,1613,967,0,0.0
TCTGTGATTGATGGACCATA,1436,458,0,0.0
TCTGTGATTGATTAGTAGGA,1804,867,0,0.0
TCTGTGATTGCGAACCGCAA,866,378,0,0.0
TCTGTGATTGGCGGCTCAAT,4643,1808,0,0.0
TCTGTGATTGTAACTGATGG,4130,1448,0,0.0
TCTGTGATTGTCACACAAGG,1343,589,0,0.0
TCTGTGATTGTCACTCTGAT,4113,2227,0,0.0
TCTGTGATTGTTCTAGACCG,901,566,0,0.0
TCTTATCCGCATGGCTATTG,891,576,0,0.0
TCTTCCAACAACGCCTCCGA,614,421,0,0.0
TCTTCCAACAATACGTGCCA,3513,1677,0,0.0
TCTTCCAACACTAATAGGTA,3225,1429,0,0.0
TCTTCCAACATAGAGCTAGT,506,395,0,0.0
TCTTCTGCTTCGGAAGGTTG,1883,279,0,0.0
TCTTGAGCCTACTGGTTATC,4559,1599,0,0.0
TCTTGAGCCTTGCTGCTCAT,8108,2828,0,0.0
TCTTGAGCCTTTCGAGGAGC,1963,1218,0,0.0
TCTTGGAGCAAGCTTCCGAG,3016,1575,0,0.0
TCTTGGAGCAGGTTACTGAG,1516,705,0,0.0
TCTTGGAGCAGTCACAGGAT,1455,829,0,0.0
TCTTGGAGCATAAGCCTAGG,726,497,0,0.0
TCTTGGAGCATGGCTTCTCG,3432,1664,0,0.0
TGAAGGTCAGAAGTAAGTCC,11390,3388,0,0.0
TGAAGGTCAGGAGAGAAGGA,1034,662,0,0.0
TGAAGGTCAGGCAACGGAGC,1689,971,0,0.0
TGAATATGCCAACGATGCGC,11631,3846,0,0.0
TGAATATGCCATAGTCAATC,891,388,0,0.0
TGAATATGCCGTCTGATACG,2041,1200,0,0.0
TGAATCCACTATGTGGTTAA,590,462,0,0.0
TGAATCCACTCAACCGATGT,9860,2958,0,0.0
TGAATCCACTCAAGTTGATC,2424,1192,0,0.0
TGAATCCACTCGTTGAGCAA,1929,505,0,0.0
TGAATCCACTTTAATGATCC,2155,1324,0,0.0
TGAATCTAAGAGGAACGACG,5710,1451,0,0.0
TGAATCTAAGCGTTGCTACG,1290,656,0,0.0
TGAATCTAAGGGCTCTAACT,6853,1936,0,0.0
TGAATCTAAGGGTCTGTTCT,2335,1199,0,0.0
TGAATGGCCAAGAGAACGGA,6003,1706,0,0.0
TGACGAAGTAAGATATGATC,4297,1641,0,0.0
TGACGAAGTAGGCCAACGGA,1186,397,0,0.0
TGACGACCGCAGAGGTGCTA,900,334,0,0.0
TGACGACCGCCCTCGCTTAA,5818,2131,0,0.0
TGACGACCGCCGCGCAGCAG,2710,826,0,0.0
TGACGACCGCCTTCCTGGCG,913,493,0,0.0
TGACGACCGCGAAGCGCCTG,1301,576,0,0.0
TGACGACCGCGCCTGTATGC,7178,2730,0,0.0
TGACGACCGCTAACAGCTGA,975,676,0,0.0
TGACGCTGTTAGCCGTGACC,969,676,0,0.0
TGACGCTGTTAGTATGCCAT,822,526,0,0.0
TGACGCTGTTATAATTCAGG,1216,783,0,0.0
TGACGCTGTTGAGCATGATC,3796,1621,0,0.0
TGACGCTGTTTACTCAACGG,2845,1333,0,0.0
TGACGTTATCATTCTCTGGA,1161,700,0,0.0
TGACGTTATCCGCAGCCTGA,12601,3571,0,0.0
TGACGTTATCCGCGCAGCAG,642,403,0,0.0
TGAGAATCGAAACATTACGG,1124,683,0,0.0
TGAGAATCGAACATCATCTT,1767,715,0,0.0
TGAGAATCGACGGTGTAGCC,671,466,0,0.0
TGAGAATCGAGCCATAGGCA,3100,1678,0,0.0
TGAGAATCGAGCGACCGTGG,1411,722,0,0.0
TGAGAATCGAGCGTGCTGTG,1850,726,0,0.0
TGAGAATCGAGTGGTAGTAT,1808,1217,0,0.0
TGAGAATCGATTATGCGTCT,1193,586,0,0.0
TGAGAATCGATTCTCTTGGT,1518,815,0,0.0
TGAGCAAGGCCACCTTGGAG,3713,1791,0,0.0
TGAGCAAGGCCCTGCAGCCA,870,380,0,0.0
TGAGCAAGGCTCATTACGAG,965,481,0,0.0
TGAGCAAGGCTGCTCTATTC,7465,1868,0,0.0
TGAGCCTCGTCTATGCTTCG,2120,1172,0,0.0
TGAGCCTTAGAGCGAGAACC,1222,634,0,0.0
TGAGCCTTAGCCGAGTAACA,591,337,0,0.0
TGAGCCTTAGTCAAGTCCTC,3060,1497,0,0.0
TGAGGTAGGTAACGCAGAGT,1713,1117,0,0.0
TGAGGTAGGTAAGTGAACTG,793,429,0,0.0
TGAGGTAGGTGAATCTACGC,1590,508,0,0.0
TGAGGTTGTAAGCACTTAAT,6023,1907,0,0.0
TGAGGTTGTAAGGCCTACTT,2847,431,0,0.0
TGAGGTTGTAATGAGTTCAC,2682,1169,0,0.0
TGAGGTTGTACGATGTGCTT,1663,584,0,0.0
TGAGGTTGTAGACTGCGTAA,1258,544,0,0.0
TGAGGTTGTATCGGTTAACC,670,471,0,0.0
TGAGGTTGTATGTATCACCA,554,443,0,0.0
TGAGGTTGTATGTGGATCGG,2533,1401,0,0.0
TGAGTAGGTAATTCGCCACT,618,442,0,0.0
TGAGTAGGTACGAATGTACT,1330,775,0,0.0
TGAGTAGGTACTAAGTGTGT,2249,922,0,0.0
TGAGTAGGTAGGCGAATCTC,8053,3014,0,0.0
TGAGTAGGTATAAGCATCGC,3034,827,0,0.0
TGAGTCGAATAACATTACGG,5360,2181,0,0.0
TGAGTCGAATCGCGCAGCAG,2654,1387,0,0.0
TGATACGCCAGGCGATCATA,696,398,0,0.0
TGATACGCCATTGCACCAAT,4097,1702,0,0.0
TGATAGTTCCAACGCTACCT,7184,2694,0,0.0
TGATAGTTCCGAAGCGCCTG,2265,1219,0,0.0
TGATAGTTCCGACACAACAC,1677,928,0,0.0
TGATAGTTCCGCATCCGAGT,3282,1683,0,0.0
TGATAGTTCCGCGGCTCAAT,2217,1397,0,0.0
TGATAGTTCCTTCATCGTCC,11166,3669,0,0.0
TGATCAGAGTAAGTCGGTGG,4346,1898,0,0.0
TGATCAGAGTCTCTTCGCAT,2452,1445,0,0.0
TGATCAGAGTCTGGAAGCCG,2953,1338,0,0.0
TGATCAGAGTGAACGCTGGT,790,615,0,0.0
TGATCAGTCATCATTAGTAA,1954,1139,0,0.0
TGATCAGTCATCTGGTCTCG,656,513,0,0.0
TGATCAGTCATCTTGCTGCT,5030,1798,0,0.0
TGATCAGTCATGTAATCGAT,729,394,0,0.0
TGATCGTATGACCGAAGGTC,823,468,0,0.0
TGATCGTATGCAGTGGAGCT,1339,887,0,0.0
TGATCGTATGCATATGAATT,1159,795,0,0.0
TGATCGTATGCATGACCACG,1711,1099,0,0.0
TGATCGTATGCGCATAGAGG,3583,1334,0,0.0
TGATCGTATGGGCCGCTCAC,1403,851,0,0.0
TGATCGTATGTGTGGCTATG,2822,1310,0,0.0
TGATGACTATGCCTCTGTAT,1576,1069,0,0.0
TGATGACTATGCTCTGCATC,3068,1453,0,0.0
TGATGTTAATCCACTGTATT,11508,3349,0,0.0
TGATGTTAATTGATGCCAAC,4734,1725,0,0.0
TGATGTTAATTGATGCTCTA,2115,1180,0,0.0
TGATTACAGAAACCAGACCA,1033,619,0,0.0
TGATTACAGAATACCAGAAG,2995,1661,0,0.0
TGATTACAGACGGTGTAGCC,1427,456,0,0.0
TGATTACAGAGAAGTCTTGT,887,684,0,0.0
TGATTACAGAGACCAGTAAC,1291,819,0,0.0
TGATTACAGAGCCGAGTTAT,7245,2637,0,0.0
TGATTACAGATCTCGCAAGA,12858,2967,0,0.0
TGATTGACCGATATTATTAC,5113,1129,0,0.0
TGATTGACCGCAGGATCCAT,853,384,0,0.0
TGATTGACCGGTCTATATCG,948,680,0,0.0
TGCAACTAGGACAGTGTCCG,3782,1419,0,0.0
TGCAACTAGGACGCAGCGAA,1564,1063,0,0.0
TGCAACTAGGACTTGGAGAC,4311,1661,0,0.0
TGCAACTAGGATTCCTTGCT,5071,2369,0,0.0
TGCAACTAGGCACCTACCGC,4090,1917,0,0.0
TGCAACTAGGCGCAGACCAG,5609,2420,0,0.0
TGCAACTAGGCTTGTGGCGA,1072,770,0,0.0
TGCAACTAGGGCGCACGTCC,1242,651,0,0.0
TGCAACTAGGGGTCTGTGAC,894,340,0,0.0
TGCAACTAGGTATTAATCTA,1096,621,0,0.0
TGCAACTAGGTCGGTATAAT,3799,1375,0,0.0
TGCAAGACTTATTCCACTTC,810,382,0,0.0
TGCAAGACTTCGAATATTAT,2126,1134,0,0.0
TGCAAGACTTGACTAGCTAT,905,631,0,0.0
TGCAAGACTTTCGCCTATTA,9908,2976,0,0.0
TGCAAGACTTTGATGCTCTA,1325,911,0,0.0
TGCAAGACTTTTATTAACAT,1592,839,0,0.0
TGCACCGAGTAGAAGCATCT,9320,3494,0,0.0
TGCACCGAGTAGGTAAGCAC,2050,1355,0,0.0
TGCACCGAGTCGACTCTGAG,6909,2522,0,0.0
TGCACCGAGTGTTCTGCGGT,3198,1752,0,0.0
TGCACCGAGTTAACTGATGG,6813,2449,0,0.0
TGCACGAACAACGCCAACAG,7046,2760,0,0.0
TGCACGAACATTGAGTAGAA,3658,1917,0,0.0
TGCACTCATTCGGAGCGTCA,1116,657,0,0.0
TGCACTCATTCTATTGGAAT,866,638,0,0.0
TGCACTCATTGACGCGTGAG,610,264,0,0.0
TGCACTCATTGGACATTCGG,924,474,0,0.0
TGCACTCATTTCGGATCCTA,6087,2400,0,0.0
TGCACTCATTTGAACCTATC,2873,1568,0,0.0
TGCAGCGTGGGGCATCAGCG,9171,3180,0,0.0
TGCAGCGTGGTCTGTTGGAA,6490,2175,0,0.0
TGCAGGCCTGAACCTCATGC,7183,3210,0,0.0
TGCAGGCCTGACTGGTTATC,11561,3401,0,0.0
TGCAGGCCTGCGCACACAGA,11753,2960,0,0.0
TGCAGGCCTGCGCCAACCTT,7306,2034,0,0.0
TGCAGGCCTGGAGATGAATC,8265,2885,0,0.0
TGCAGGCCTGTCATTACGAG,1188,839,0,0.0
TGCAGGTTCCCCTGGTCGGA,2688,1149,0,0.0
TGCAGGTTCCCGCCATTAGG,7972,2705,0,0.0
TGCAGGTTCCGGTGGATTAG,5801,2353,0,0.0
TGCAGGTTCCGTGTGTCAGC,1604,790,0,0.0
TGCAGGTTCCTGCTGCCTTC,4583,1744,0,0.0
TGCATCATCTAGGTGTAGGA,4646,1931,0,0.0
TGCATCATCTCTTGGACCTA,7355,2879,0,0.0
TGCATCATCTGTGGATAACC,1636,1049,0,0.0
TGCATCATCTTAATATTAAC,11618,4023,0,0.0
TGCATCATCTTTCCGACAAG,3018,1334,0,0.0
TGCATCGGTGATACGGCCTC,2392,1234,0,0.0
TGCATCGGTGCACTAAGGAG,4573,2188,0,0.0
TGCATCGGTGCCAAGCTACT,7117,2251,0,0.0
TGCATCGGTGCGTTGCTACG,700,463,0,0.0
TGCATCGGTGGAAGTCTTGT,2363,1235,0,0.0
TGCATCGGTGTGCGCAGAGC,4992,2499,0,0.0
TGCATCGGTGTTACGATGGT,1796,1107,0,0.0
TGCATGCTGATAAGCATCGC,3586,2069,0,0.0
TGCATGCTGATCGAACACAT,1420,749,0,0.0
TGCATGCTGATTACGTAACG,1471,287,0,0.0
TGCCAGTCTACCAAGTCTGA,4132,1626,0,0.0
TGCCAGTCTAGACGCGCCAC,1316,874,0,0.0
TGCCAGTCTAGCCAGAATGT,1346,772,0,0.0
TGCCAGTCTATTGAAGGCTA,1081,661,0,0.0
TGCCATGACGAACGCAGAGT,3490,1572,0,0.0
TGCCATGACGGCCGTTAGTT,2184,921,0,0.0
TGCCGGTTAAAACCAATAAG,1806,873,0,0.0
TGCCGGTTAAATACCTATAT,695,445,0,0.0
TGCCGGTTAACTCTGGTCTA,563,441,0,0.0
TGCCGTCGATCATGCCACAC,3889,854,0,0.0
TGCCGTCGATGAATTCACAA,813,639,0,0.0
TGCCGTCGATTAGTTATAAG,8088,2374,0,0.0
TGCCGTCGATTGAAGATATG,2274,1330,0,0.0
TGCCTCCGTAACCTGTTGTG,2860,1238,0,0.0
TGCCTCCGTACATATCAAGC,737,587,0,0.0
TGCCTCCGTACGAACCGCAA,1532,794,0,0.0
TGCCTCCGTATAGTTATAAG,2414,1297,0,0.0
TGCCTCCGTATCTCCTACAG,1245,672,0,0.0
TGCGAATGATAGCCGTCTCG,1079,619,0,0.0
TGCGAATGATAGCGATGCAT,842,489,0,0.0
TGCGAATGATCAATGCTCTC,593,358,0,0.0
TGCGAATGATCTGGCTTACC,1264,845,0,0.0
TGCGAATGATTGGAGGCAAT,2239,982,0,0.0
TGCGAATGATTTACGATGGT,4378,1702,0,0.0
TGCGAATGATTTAGCTGGAG,617,282,0,0.0
TGCGCCTCCGGAATCTTGTT,2029,1238,0,0.0
TGCGCCTCCGGCGTGACTTG,4435,1775,0,0.0
TGCGCCTCCGTAAGTGACAT,7712,2571,0,0.0
TGCGCCTCCGTACGGCACTA,1392,958,0,0.0
TGCGCCTCCGTCTGCAGCGT,2168,1174,0,0.0
TGCGCCTCCGTGATGCTCTA,7053,3348,0,0.0
TGCGCCTCCGTGCACCACAG,506,394,0,0.0
TGCGCTATCTCGAACTGGAC,2869,1155,0,0.0
TGCGCTATCTGAACGCTGGT,961,613,0,0.0
TGCGCTATCTGCCTGTTACA,3162,1622,0,0.0
TGCGGACTCTCACTTACCAA,2845,1849,0,0.0
TGCGGACTCTCGCAGATCTA,4242,2100,0,0.0
TGCGGACTCTGTAGCACGGC,2355,1305,0,0.0
TGCGGAGGTTCAAGCTAGCT,5033,1417,0,0.0
TGCGGAGGTTCCGTAAGTGT,1187,408,0,0.0
TGCGGAGGTTCTAAGTGTGT,2237,1293,0,0.0
TGCGGAGGTTCTTATGTAGT,3177,1588,0,0.0
TGCGGAGGTTGTACGAGTTC,1965,1174,0,0.0
TGCGGAGGTTTATGGCTTAG,2366,1259,0,0.0
TGCGTCCATCCCAAGTCTGA,2302,1231,0,0.0
TGCGTCCATCGACGATACCG,2624,1589,0,0.0
TGCGTCCATCTAGACCTTAA,741,374,0,0.0
TGCGTCCATCTGCTGCCTTC,2047,881,0,0.0
TGCGTCCATCTTAATACCAA,8266,2842,0,0.0
TGCGTGCCTAACCGGACATC,721,542,0,0.0
TGCGTGCCTACACCGTAACT,5020,2121,0,0.0
TGCGTGCCTAGGAATGAAGA,2566,784,0,0.0
TGCGTGCCTATGAACAATGG,3918,1346,0,0.0
TGCTATAGGCACAGACGGCG,1200,533,0,0.0
TGCTATAGGCATTCGCCACT,2062,1163,0,0.0
TGCTATAGGCCCGGTCGTAC,1200,883,0,0.0
TGCTATAGGCCTGAGTGCTG,18561,5117,0,0.0
TGCTATAGGCGAGTGCTGCA,979,731,0,0.0
TGCTATAGGCTACTAACTTG,722,469,0,0.0
TGCTATCTAGCTCAAGGAGT,6083,2146,0,0.0
TGCTATCTAGCTGTGAAGGA,2148,1200,0,0.0
TGCTCGCGGTATCCTACGGC,2126,1225,0,0.0
TGCTCGCGGTTATTAATCTA,1370,898,0,0.0
TGCTCGCGGTTTGAAGGCTA,2683,1105,0,0.0
TGCTCTACCGAATTCGCTCA,1170,432,0,0.0
TGCTCTACCGTTACCGGTGG,3288,975,0,0.0
TGCTCTACCGTTGGTCCAGC,3015,1598,0,0.0
TGCTGTTGGAAATTGGCTGT,2609,1320,0,0.0
TGCTGTTGGACTCGGACTAG,2286,1435,0,0.0
TGGAAGTGTCACGATAATCA,1089,408,0,0.0
TGGAAGTGTCCTCTCCACCA,513,409,0,0.0
TGGAAGTGTCCTTCCTCCTG,1001,673,0,0.0
TGGAAGTGTCGTACGTCAAC,4980,2005,0,0.0
TGGAATAGGTAATCTCGTCT,4256,1710,0,0.0
TGGAATAGGTCATAACTGTA,3420,1801,0,0.0
TGGAATAGGTCGTGAACTAC,865,385,0,0.0
TGGAATAGGTGGCCGCTCAC,1332,716,0,0.0
TGGAATAGGTTCTCCTACAG,1502,956,0,0.0
TGGACACCGCGCAAGGCTCT,4352,1599,0,0.0
TGGACACCGCGCGGCTCAAT,5142,2377,0,0.0
TGGACTCGCCAAGTCCGGCT,2654,1414,0,0.0
TGGACTCGCCAGGTCTCTGT,3990,1682,0,0.0
TGGAGCGCACACGTGGCCGG,10918,3450,0,0.0
TGGAGCGCACAGGTAAGCAC,960,679,0,0.0
TGGAGCGCACATGGTCAGCC,1987,1141,0,0.0
TGGAGCGCACGTGTGTCAGC,826,366,0,0.0
TGGAGCGCACTAGATATATT,1464,905,0,0.0
TGGAGCGGCGAAGGCTTCTC,561,264,0,0.0
TGGAGCGGCGACCGTACGGT,1158,756,0,0.0
TGGAGCGGCGGCGGCTCAAT,4866,1644,0,0.0
TGGAGCGGCGGGCTCGTAGA,1234,700,0,0.0
TGGAGCGGCGTTCGTACGTA,727,547,0,0.0
TGGATGATTCAGTGTATATT,11532,2385,0,0.0
TGGCAGGCAAGCCTTGCGTG,1089,733,0,0.0
TGGCAGGCAAGGATATGTTG,643,343,0,0.0
TGGCAGGCAATCATCGAGGC,670,511,0,0.0
TGGCAGTAAGCAGCCGTTAA,1815,1121,0,0.0
TGGCAGTAAGGACCTGCGCC,3233,1555,0,0.0
TGGCCTCGAATCTACTTAAC,855,545,0,0.0
TGGCGCCTCCACTTGTGTCT,747,311,0,0.0
TGGCGCCTCCGGCGAATCTC,677,361,0,0.0
TGGCGCCTCCGGTATGTGGA,1643,1022,0,0.0
TGGCGCCTCCGTAGCCGTTA,10042,2921,0,0.0
TGGCGCCTCCTCCTGCTTAG,6405,2348,0,0.0
TGGCGCCTCCTCGCTCGCAC,1202,719,0,0.0
TGGCGCTAATAGGAGATACT,2155,1094,0,0.0
TGGCGCTAATATAGAGACTA,1233,416,0,0.0
TGGCGCTAATCATATGAATT,1339,822,0,0.0
TGGCGCTAATCGGAAGGTTG,1138,506,0,0.0
TGGCGCTAATGGTATGTGGA,3373,923,0,0.0
TGGCGCTAATTCATTACGAG,616,263,0,0.0
TGGCGCTAATTCTTCCGGAA,5775,2409,0,0.0
TGGCGCTAATTTGCTTATAA,2357,1249,0,0.0
TGGCGGCCTTAATCAGACGG,1020,661,0,0.0
TGGCGGCCTTATGACACTGG,699,477,0,0.0
TGGCGGCCTTCACCTCCAGA,1662,878,0,0.0
TGGCGGCCTTGGACTTCATC,731,545,0,0.0
TGGCGGCCTTTAGGAGATCG,1239,414,0,0.0
TGGCGGCCTTTGCATAGCCG,5730,2143,0,0.0
TGGCGGCCTTTGTTCGTCGT,962,521,0,0.0
TGGCGGCGGAAACCTCATGC,2650,991,0,0.0
TGGCGGCGGAATGGCTATTG,2268,1302,0,0.0
TGGCGGCGGACTCCTGGATA,6425,2545,0,0.0
TGGCTCCAACACGACAGATC,1825,1114,0,0.0
TGGCTCCAACATGAGTTCAC,2653,1396,0,0.0
TGGCTCGCGGCAGAGTGTTC,2223,999,0,0.0
TGGCTCGCGGCGGCCACCTG,7826,2130,0,0.0
TGGCTCGCGGCTGTAGTTGT,1282,757,0,0.0
TGGTAATCCGATAGATTGCT,4975,1982,0,0.0
TGGTAATCCGCCGGTCGTAC,4830,2025,0,0.0
TGGTAATCCGGCCTGCGCAT,1523,348,0,0.0
TGGTAATGGCAACGCAGAGT,1545,934,0,0.0
TGGTAATGGCGGATCGCTGT,3534,1425,0,0.0
TGGTAATGGCTATAACATGA,950,651,0,0.0
TGGTCACCTTAGGTGATGAC,1016,655,0,0.0
TGGTCACCTTGTGGCTTCTA,3253,1220,0,0.0
TGGTCACCTTTGCTCTATTC,1603,1070,0,0.0
TGGTCCGCAGAACATTACGG,2623,1345,0,0.0
TGGTCCGCAGAAGGACAAGG,10402,3128,0,0.0
TGGTCCGCAGAGGTTATCTA,1258,822,0,0.0
TGGTCCGCAGCACCTTGGAG,930,569,0,0.0
TGGTCCGCAGTAACAGCTGA,955,449,0,0.0
TGGTCCGTTCCAACCGTGTA,2528,1152,0,0.0
TGGTCCGTTCCGTACCTAAT,1741,1112,0,0.0
TGGTCCGTTCGGCTTAGACC,1554,817,0,0.0
TGGTCCGTTCTAGGCTGATT,717,492,0,0.0
TGGTCTAATAAATCCATTCT,1642,902,0,0.0
TGGTCTAATAAGGTGATGAC,6078,1820,0,0.0
TGGTCTAATACTAATAGCCT,514,188,0,0.0
TGGTCTAATATCTTACGTCT,2677,1392,0,0.0
TGGTCTAATATCTTACTGTA,5520,1774,0,0.0
TGGTCTAATATGCCATAGCT,1002,723,0,0.0
TGGTCTAATATGCGTCAACA,1115,742,0,0.0
TGGTGCAATCACTGGTTATC,1839,688,0,0.0
TGGTGCAATCCAGTCCAGTA,3031,1812,0,0.0
TGGTGCAATCGCATCCGAGT,1973,992,0,0.0
TGGTGCGCGAAGACAAGAAC,648,383,0,0.0
TGGTGCGCGAAGCGAGAACC,2665,1306,0,0.0
TGGTGCGCGAGCTCGTGATC,961,632,0,0.0
TGGTGCGCGAGTGGCTTCTA,11673,3291,0,0.0
TGGTGCGCGATAGACCGACT,609,372,0,0.0
TGGTGCGCGATCGAACACAT,1593,861,0,0.0
TGGTTGCGCCCATAGGTGAG,2140,664,0,0.0
TGGTTGCGCCTTCCTGCGAA,863,598,0,0.0
TGTAACCTAACCGAACTAGC,1422,755,0,0.0
TGTAGCTGAGATAGTCAATC,973,417,0,0.0
TGTAGCTGAGCTCTTCGCAT,3659,1689,0,0.0
TGTATGTTATACACTTCGAT,3534,1800,0,0.0
TGTATGTTATCATAACTGTA,8388,2372,0,0.0
TGTATGTTATGTACGTCAAC,769,541,0,0.0
TGTATGTTATGTTACACTTA,3372,1271,0,0.0
TGTATGTTATTTATGACATT,2982,1332,0,0.0
TGTATGTTATTTCGGCTAAC,10651,2748,0,0.0
TGTATTGGCTAGGAATCTGC,2972,1296,0,0.0
TGTATTGGCTGACGCGTGAG,1173,805,0,0.0
TGTATTGGCTGCATCCGAGT,2603,1460,0,0.0
TGTCAATACTGCAGCTCGTG,10034,2477,0,0.0
TGTCAATACTGGACGGTATA,1654,1012,0,0.0
TGTCAATACTGTCTATATCG,958,606,0,0.0
TGTCGCACATACATGCATGG,2475,444,0,0.0
TGTCGCACATCCGCGCGCGG,1860,1122,0,0.0
TGTCGCACATCTAATTATTC,2254,976,0,0.0
TGTCGCACATGTCTGTGGAA,5100,1770,0,0.0
TGTCGCACATTTGATTGGAT,2646,1049,0,0.0
TGTCGCTACCTACACAGGCG,3647,1473,0,0.0
TGTCGCTACCTGTATTGAAG,1781,1104,0,0.0
TGTGACCACAGGTCTTCACA,851,145,0,0.0
TGTGACCACAGTGCGCCGAT,735,527,0,0.0
TGTGACCACATTCATCTGGA,7454,2505,0,0.0
TGTGCACTGCAACTACGTAG,1160,691,0,0.0
TGTGCACTGCACGCGTCAAT,2713,1106,0,0.0
TGTGCACTGCAGTGGCGTTC,1250,486,0,0.0
TGTGCACTGCGCGTTCAAGC,1170,757,0,0.0
TGTGCACTGCTGAACGAGGT,1745,933,0,0.0
TGTGCACTGCTGCCTTCTTC,3003,1261,0,0.0
TGTGCTGTCAAACGCGTGGC,3019,1514,0,0.0
TGTGCTGTCAACAGTCTGAG,826,466,0,0.0
TGTGCTGTCAACTAGCCGCT,1214,656,0,0.0
TGTGCTGTCAGTCTATATCG,4440,1994,0,0.0
TGTGGAGCTAAAGCAATTGG,2207,880,0,0.0
TGTGTCAAGTCCTGTGCTTC,4994,1870,0,0.0
TGTGTCAAGTTTCAGGAGGT,2680,1352,0,0.0
TGTGTTCCGCCGTACCTAAT,735,148,0,0.0
TGTGTTCCGCCTAATCATCG,1631,748,0,0.0
TGTGTTCCGCGGCTAACAGG,1270,709,0,0.0
TGTGTTCCGCGTATGTAGCA,3042,1425,0,0.0
TGTTAAGCGTATACTTCACA,5064,2338,0,0.0
TGTTAAGCGTCTGTGTGGTC,1896,926,0,0.0
TGTTAAGCGTGCACTGAGGA,7983,2551,0,0.0
TGTTAAGCGTGCGAAGATAG,3364,1659,0,0.0
TGTTAAGCGTGCTTGTCACT,1755,767,0,0.0
TGTTAAGCGTGGTCGCTCTG,3654,1412,0,0.0
TGTTAAGCGTTGAGTTGTCC,835,613,0,0.0
TGTTAAGCGTTGTGGATCGG,1160,785,0,0.0
TGTTAGCGTCCACTTGTAAG,7694,2626,0,0.0
TGTTAGCGTCTCTTCCGGAA,6210,2036,0,0.0
TGTTAGCGTCTGCTATTGTG,3381,1346,0,0.0
TGTTCAGGACAACGCTACCT,6624,2498,0,0.0
TGTTCAGGACCGGTGGTATG,7365,2151,0,0.0
TGTTCAGGACGTCTACTGAT,3808,1128,0,0.0
TGTTCGGATCCAGGACTATC,14446,3500,0,0.0
TTAACCGCGCAATCTCGTCT,1014,524,0,0.0
TTAACCGCGCATTCTCCATA,661,431,0,0.0
TTAACCGCGCATTGTAATGT,3806,1370,0,0.0
TTAACCGCGCCCACAGCCGA,6851,2640,0,0.0
TTAACCGCGCCGGCACCTTC,2663,1606,0,0.0
TTAACCGCGCCTACGTGAGG,623,364,0,0.0
TTAACCGCGCGATTCACTGG,1646,990,0,0.0
TTAACCGCGCGGTCATTACG,1186,598,0,0.0
TTAACCGCGCGTCATGCCAG,3447,1224,0,0.0
TTAACCGCGCTATACATAGT,1622,898,0,0.0
TTAACCGCGCTATGTGGTAA,4470,1873,0,0.0
TTAACCGCGCTCATAAGATA,733,524,0,0.0
TTAACCGCGCTGTGGAATGA,1647,831,0,0.0
TTAAGCAATTATGGCGAATA,771,599,0,0.0
TTAAGCAATTATTCCTTGCT,2750,577,0,0.0
TTAAGCAATTGGAATGAAGA,739,480,0,0.0
TTAAGCAATTGGTATGTGGA,1133,365,0,0.0
TTAAGCAATTTCTACTTAAC,777,568,0,0.0
TTAAGTGTAGAACGGCTCTT,1131,831,0,0.0
TTAAGTGTAGACAGTGTCCG,699,372,0,0.0
TTAAGTGTAGGGACCTTGCG,903,640,0,0.0
TTAAGTGTAGTTGGAGTCAG,976,505,0,0.0
TTAAGTTCGGCTAGTTGTAG,4056,2083,0,0.0
TTAAGTTCGGCTATCATCCG,651,275,0,0.0
TTAAGTTCGGGAACCTGCCA,915,686,0,0.0
TTAAGTTCGGGAATGCTAGC,2997,1122,0,0.0
TTAAGTTCGGGTGCTGTCTT,2832,846,0,0.0
TTAAGTTCGGTCATACTCTG,2104,883,0,0.0
TTAAGTTCGGTCTCGCAAGA,10247,2263,0,0.0
TTAATGTCCGATTGTAATGT,2145,1240,0,0.0
TTAATTAACAAAGGAACTGC,8069,3022,0,0.0
TTAATTAACAAAGTCGGTGG,1451,370,0,0.0
TTAATTAACACCAGCAGACG,741,517,0,0.0
TTAATTAACACCAGTAGCGT,635,486,0,0.0
TTAATTAACACGCGTCTGCT,1849,420,0,0.0
TTAATTCATCAATCAGACGG,1457,882,0,0.0
TTAATTCATCGGTTAACAAT,722,555,0,0.0
TTAATTCATCTCGCCTATTA,519,433,0,0.0
TTACAGAGCGCAATGCTCTC,1419,843,0,0.0
TTACAGAGCGCAGTCCAGTA,5645,2202,0,0.0
TTACAGAGCGCAGTGGAGCT,715,526,0,0.0
TTACAGAGCGTCCAGCTTCT,3377,1319,0,0.0
TTACAGTCGCTATGTACTTA,3027,1372,0,0.0
TTACAGTCGCTGAATGCGTG,554,313,0,0.0
TTACAGTCGCTGTTCGCACT,638,398,0,0.0
TTACAGTCGCTTGCTAGCTT,2181,1216,0,0.0
TTACAGTCGCTTGGTTCTGG,725,529,0,0.0
TTACCATCGGAGTGTATATT,1495,1006,0,0.0
TTACCATCGGATAATTCAGG,10133,2944,0,0.0
TTACCATCGGCAACGGCGCT,3994,1327,0,0.0
TTACCATCGGCCAGCAGACG,4533,1584,0,0.0
TTACCATCGGCGGTGTGAGT,1859,1166,0,0.0
TTACCATCGGCTATTCAGCA,1302,717,0,0.0
TTACCATCGGCTGTAGTTGT,2637,1157,0,0.0
TTACCATCGGGACACAACAC,531,435,0,0.0
TTACCATCGGGGTCGCTCTG,923,663,0,0.0
TTACCATCGGGGTGTTAATC,2399,940,0,0.0
TTACCATCGGTGATGAACGG,664,342,0,0.0
TTACGCCGGAAAGGACAAGG,1007,761,0,0.0
TTACGCCGGAACCACCACGG,1121,788,0,0.0
TTACGCCGGAAGTACCAGCG,3938,1658,0,0.0
TTACGCCGGACGTGCTACCA,4943,2083,0,0.0
TTACGCCGGACTTCGGCGTC,2619,1422,0,0.0
TTACGCCGGAGCAACATATA,4449,2336,0,0.0
TTACGCCGGAGGTGAGGTCA,5227,2357,0,0.0
TTACGCCGGAGTGGTTGATA,4066,2081,0,0.0
TTACGCCGGATAGGAGATCG,1312,529,0,0.0
TTACGCCGGATGCTCTATTC,1262,827,0,0.0
TTACTAGACCACCATCACTC,1299,738,0,0.0
TTACTAGACCATCTGCAGAG,3951,1920,0,0.0
TTACTAGACCCTGAGATCTT,1129,538,0,0.0
TTACTAGACCGCAGCATCTC,1847,943,0,0.0
TTACTAGACCGCCGAGGCTC,3646,1581,0,0.0
TTACTAGACCGGATCATAGC,1068,642,0,0.0
TTACTAGACCGTTATCTATA,666,492,0,0.0
TTACTAGACCTTCAACGGCG,846,560,0,0.0
TTACTCGGTTACAGGTTGGT,998,650,0,0.0
TTACTCGGTTATTGTAATGT,2203,1241,0,0.0
TTACTCGGTTTCATTACGAG,1492,966,0,0.0
TTACTGCAACACATCATCTT,670,540,0,0.0
TTACTGCAACGAGTATGGCA,6061,2357,0,0.0
TTACTGCAACTGCTAGTTGG,5400,1704,0,0.0
TTAGAAGATTAATGCGGCAT,629,421,0,0.0
TTAGAAGATTACTGGTCCGC,5419,2161,0,0.0
TTAGAAGATTCTTCGAGCAC,4042,1903,0,0.0
TTAGAGAAGACTGTCTGCAG,2650,1426,0,0.0
TTAGAGAAGATTGCTCGGAA,948,681,0,0.0
TTAGCCTGACAACGTCTTGA,5009,1963,0,0.0
TTAGCCTGACATCATACTTA,884,500,0,0.0
TTAGCCTGACCAGCTAACAC,4624,1750,0,0.0
TTAGCCTGACGTCAGGTCGG,1888,991,0,0.0
TTAGCCTGACTCAACGGCAC,3965,1325,0,0.0
TTAGCTTAGTAATGACGGCC,2572,1200,0,0.0
TTAGCTTAGTAGAGCTCGCC,4378,2107,0,0.0
TTAGCTTAGTCCTGGTCGGA,1400,789,0,0.0
TTAGCTTAGTGCGAGTTAAT,5748,2486,0,0.0
TTAGCTTAGTGTAACTCTGG,618,451,0,0.0
TTAGTCAAGGGTCTATCACC,7834,3058,0,0.0
TTAGTCAAGGTAGTGGCCGT,539,443,0,0.0
TTAGTCAAGGTATCCAGATT,10186,2987,0,0.0
TTAGTGGACGCAGCCGTTAA,7013,2484,0,0.0
TTAGTGGACGGGCTTGCGAA,5915,2547,0,0.0
TTATACGATGGAGCTTGGAT,10641,2570,0,0.0
TTATACGATGTACCGTAGCC,2630,1375,0,0.0
TTATACGATGTATACCGCAT,3353,1583,0,0.0
TTATACGATGTGAACAATGG,1014,711,0,0.0
TTATATCGCACGGCACCTTC,1843,1135,0,0.0
TTATGGAGTTACTTGTGTCT,9181,2802,0,0.0
TTATGGAGTTAGGTAAGCAC,960,256,0,0.0
TTATGGAGTTCGGCGAATAT,6627,2543,0,0.0
TTATGGAGTTCTCTATGGCT,3894,1711,0,0.0
TTATGGAGTTTCGTACACGA,951,701,0,0.0
TTCAAGCTAGAACGGATTGT,2668,1105,0,0.0
TTCAAGCTAGACACATCCTC,971,648,0,0.0
TTCAAGCTAGAGCCTCTAGC,1987,896,0,0.0
TTCAAGCTAGGGCATTCTAA,1176,670,0,0.0
TTCAAGCTAGTACGGCACTA,1261,515,0,0.0
TTCAAGCTAGTTCAATCAGC,6250,2092,0,0.0
TTCAATGTCTACACATCCTC,961,543,0,0.0
TTCAATGTCTATAGTCAATC,522,396,0,0.0
TTCAATGTCTGATAGTACGC,6547,2552,0,0.0
TTCAATGTCTTGAACAATGG,1161,409,0,0.0
TTCACGGAAGCAGGTCGATG,1559,295,0,0.0
TTCACGGAAGCAGTGGAGCT,2585,1265,0,0.0
TTCACGGAAGGAACGGTTGA,2739,1396,0,0.0
TTCACGGAAGGAGAACGATT,873,439,0,0.0
TTCACGGAAGGTCATGCCAG,1495,473,0,0.0
TTCACTCGCTAGACTCCTTC,3090,649,0,0.0
TTCACTCGCTAGCAGTGGTA,1743,1086,0,0.0
TTCACTCGCTGGTGGATTAG,633,457,0,0.0
TTCACTCGCTTTATGCGTCT,594,449,0,0.0
TTCACTCGCTTTGGAATATG,4105,943,0,0.0
TTCAGATCAGAATCCATTCT,6068,2529,0,0.0
TTCAGATCAGCATATCGGCC,1134,641,0,0.0
TTCAGGCTTCCTATGCTTCG,8993,2693,0,0.0
TTCAGGCTTCGTAGATATAT,1829,851,0,0.0
TTCAGGTCCTATACTATGTT,4831,1997,0,0.0
TTCAGGTCCTCAACTGTGGC,675,494,0,0.0
TTCAGGTCCTCACCGTAACT,2240,1078,0,0.0
TTCAGGTCCTCGTTGCTACG,1088,740,0,0.0
TTCAGTCGGAAGAGCAATCG,5960,2023,0,0.0
TTCAGTCGGACTAATAGGTA,7108,2745,0,0.0
TTCAGTCGGAGTCGTCCAAT,1534,566,0,0.0
TTCATAAGCAAAGAATAGGA,1587,933,0,0.0
TTCATAAGCAAGTCGCGCGC,1977,1152,0,0.0
TTCATAAGCAATTCAGAATC,1486,797,0,0.0
TTCATAAGCACATATATACG,900,581,0,0.0
TTCATAAGCAGCAACGGAGC,3629,1917,0,0.0
TTCATAAGCAGCTCAAGTTC,4003,1865,0,0.0
TTCATGAATCAGTCCTCGCG,727,537,0,0.0
TTCCAGATTCAAGTTGGCGA,1227,631,0,0.0
TTCCAGATTCAGGTAAGCAC,7358,2528,0,0.0
TTCCAGATTCATGTCACGCT,1083,791,0,0.0
TTCCAGATTCCATCCACGCC,2611,1073,0,0.0
TTCCAGATTCCGGAGCGTCA,9672,3428,0,0.0
TTCCAGATTCCGTAAGTTAG,1320,921,0,0.0
TTCCAGATTCGAGAACCTAA,723,544,0,0.0
TTCCAGATTCGCAACGGAGC,1324,880,0,0.0
TTCCATTACCTGCGTGCGCT,733,505,0,0.0
TTCCGATATTAGGCGCGTGA,729,560,0,0.0
TTCCGATATTATACGGCCTC,1584,843,0,0.0
TTCCGATATTATCATCAACA,3618,1852,0,0.0
TTCCGATATTGGACTTCATC,1199,824,0,0.0
TTCCGATATTGGCGGCGATA,865,582,0,0.0
TTCCGATATTTAGTTCGAAC,1294,808,0,0.0
TTCCGATATTTTGCACCAAT,708,552,0,0.0
TTCCTCCTAGACCATACGAG,7074,2087,0,0.0
TTCCTCCTAGAGCCTACCAA,531,421,0,0.0
TTCCTCCTAGATTCTCCATA,1468,851,0,0.0
TTCCTCCTAGCTGAGATCTT,1909,699,0,0.0
TTCCTCCTAGGACCTGCGCC,613,496,0,0.0
TTCCTCCTAGTCTATCGAGG,8143,3161,0,0.0
TTCCTCCTAGTGATTAGCTG,5087,1723,0,0.0
TTCCTCCTAGTGGTTAAGGA,1915,915,0,0.0
TTCGACACTCCTGCGTTACA,5921,2535,0,0.0
TTCGACACTCGAACTCCGTT,4334,1832,0,0.0
TTCGACACTCGCGGCTGGTT,4777,2058,0,0.0
TTCGACACTCGCGTTATTCG,5659,2397,0,0.0
TTCGACACTCGTCGGCAGTA,1487,907,0,0.0
TTCGACACTCTAGAGCTAGT,8279,2798,0,0.0
TTCGACACTCTAGGTCGTTA,1132,783,0,0.0
TTCGACACTCTCAACAGGTA,519,436,0,0.0
TTCGACACTCTCAGCGGTGC,1855,1009,0,0.0
TTCGACACTCTCGAACACAT,1558,1005,0,0.0
TTCGCCTTCCACAACGCCTT,1524,876,0,0.0
TTCGCCTTCCCAGAATGGAT,10750,2826,0,0.0
TTCGCCTTCCCTAAGTCCAT,1864,913,0,0.0
TTCGCCTTCCGCCAGAATGT,963,407,0,0.0
TTCGCCTTCCGGAATAGACG,3475,1639,0,0.0
TTCGCCTTCCGGTAGTCTTA,3179,1374,0,0.0
TTCGGACACCACCATCACTC,3623,900,0,0.0
TTCGGCTTGTTAACAGCGAT,1947,1055,0,0.0
TTCGGCTTGTTCGCTTACCG,2429,1266,0,0.0
TTCGGCTTGTTGTTCAGACG,556,469,0,0.0
TTCGGCTTGTTTGGTCCAGC,653,451,0,0.0
TTCGTCGATACGTATTGTAA,3827,1586,0,0.0
TTCGTCGATAGGCCACACGC,12096,3733,0,0.0
TTCGTCGATAGTACGAGTTC,2448,1089,0,0.0
TTCGTGCTCAATATTATTAC,10345,2218,0,0.0
TTCGTGCTCACACCTCATTG,1050,671,0,0.0
TTCGTGCTCACCAAGCTACT,2895,663,0,0.0
TTCGTGCTCACCGACAACGC,6775,2373,0,0.0
TTCGTGCTCATAGTTATAAG,5740,2122,0,0.0
TTCGTGCTCATGCGTCAACA,3125,1237,0,0.0
TTCTAATTCGGCGCTCATAC,1180,769,0,0.0
TTCTAATTCGTCAAGTCCTC,3651,1168,0,0.0
TTCTGACTAAAATTCGAGGT,11615,3359,0,0.0
TTCTGACTAAGGCACGCGGA,1020,757,0,0.0
TTCTGACTAATTCGCCGGCT,1345,720,0,0.0
TTCTGGCACAACGCGCTGCG,1754,1107,0,0.0
TTCTGGCACACCGACGCGGC,5128,2096,0,0.0
TTCTGGCACAGACCAGCACT,11483,3432,0,0.0
TTCTGGCACATAAGCCTAGG,898,617,0,0.0
TTCTGGCACATAATGTCTTA,782,524,0,0.0
TTCTGGCTGTCCTACTGGTA,3437,964,0,0.0
TTCTGGCTGTCTTCCGGAAG,1168,696,0,0.0
TTCTGGCTGTGAGCCAGCGT,912,635,0,0.0
TTCTGGCTGTGCCGCACCAG,859,604,0,0.0
TTGAATTCGCAACGGATTGT,7725,2775,0,0.0
TTGAATTCGCACCTGTTGTG,593,425,0,0.0
TTGAATTCGCCCGCCTTGGT,1358,947,0,0.0
TTGAATTCGCCTCGGAGATA,2607,890,0,0.0
TTGACGTACAAAGCGGTCAA,1575,890,0,0.0
TTGACGTACAACCTCGCAGA,1556,718,0,0.0
TTGACGTACAATCATACTTA,6636,2805,0,0.0
TTGACGTACACCGTCGCCAC,724,529,0,0.0
TTGACGTACACCTCTCATCG,5470,2293,0,0.0
TTGACGTACACTGTTCCTAA,2268,683,0,0.0
TTGACGTACAGAACGGTTGA,645,465,0,0.0
TTGACGTACAGTCGATTCGT,8614,2878,0,0.0
TTGACGTACATTGCGCAAGT,1217,587,0,0.0
TTGAGCACCGCATCGTTGTT,994,738,0,0.0
TTGAGCACCGCCGTGCCTTC,2039,1209,0,0.0
TTGAGCACCGGCTTATACAT,719,552,0,0.0
TTGAGCACCGTCAACAGGTA,591,474,0,0.0
TTGAGCACCGTTGCCACTCC,7340,2417,0,0.0
TTGAGCTGTTACAGCTGGCA,995,399,0,0.0
TTGAGCTGTTAGAGGTGCTA,1997,1208,0,0.0
TTGAGCTGTTATTCTGGCTG,1292,936,0,0.0
TTGAGCTGTTCGTTGCATGG,799,387,0,0.0
TTGAGCTGTTGTAGCCGTTA,7230,2788,0,0.0
TTGAGCTGTTTGGTTCATAG,2534,1297,0,0.0
TTGATGAGACAACGCGGACA,1384,891,0,0.0
TTGATGAGACAGTACCAGCG,1038,448,0,0.0
TTGATGAGACCTAATTATTC,580,442,0,0.0
TTGATGAGACGCTCAAGTTC,1357,747,0,0.0
TTGATGAGACTCTGTTGGAA,4008,2062,0,0.0
TTGATGGACTATAATTGCAA,1847,983,0,0.0
TTGATGGACTCATGCCACAC,2590,1200,0,0.0
TTGATGGACTCGGTGGTATG,5881,2027,0,0.0
TTGATTCCTAACCACAATAA,5314,2163,0,0.0
TTGATTCCTACCAAGCTACT,936,572,0,0.0
TTGATTCCTATCTGTATGTT,631,213,0,0.0
TTGATTCCTATGAGACCGTA,3996,2018,0,0.0
TTGCAGAACAACTATTGCCT,3851,1630,0,0.0
TTGCAGAACACCTGAGTCTA,944,639,0,0.0
TTGCAGAACAGAACTCCGTT,1335,479,0,0.0
TTGCAGGAACACACCGGTGT,2922,1224,0,0.0
TTGCAGGAACAGAAGGTAAT,577,453,0,0.0
TTGCAGGAACCGCGCAGCAG,1958,983,0,0.0
TTGCAGGAACCGGTCGCGCG,3075,1476,0,0.0
TTGCAGGAACCTCCTGGATA,5908,1848,0,0.0
TTGCAGGAACGACGATACCG,1953,1103,0,0.0
TTGCAGGAACGGCCAACGGA,601,421,0,0.0
TTGCAGGAACGGCGATCATA,501,398,0,0.0
TTGCAGGAACGTGTGTTGTA,1327,805,0,0.0
TTGCAGGAACTCATAAGATA,1835,464,0,0.0
TTGCAGGAACTCATGACAGC,3308,1480,0,0.0
TTGCCGGCAGGCTCTGCATC,6741,2579,0,0.0
TTGCCGGCAGTATGCTCGGA,745,403,0,0.0
TTGCCGGCAGTGCTCTATTC,1257,862,0,0.0
TTGCTACGGAACCGGACATC,3754,1750,0,0.0
TTGCTACGGAATGTTACCGG,8770,2840,0,0.0
TTGCTACGGACAGAATCACA,533,329,0,0.0
TTGCTACGGACCTGAGTCTA,1491,732,0,0.0
TTGCTACGGAGGTTACTGAG,552,434,0,0.0
TTGCTAGTGGAATTCGCTCA,1333,896,0,0.0
TTGCTAGTGGATCCGCATAC,4783,1751,0,0.0
TTGCTAGTGGGCCGTTAGTT,3566,1298,0,0.0
TTGCTAGTGGGGACCTAGTA,2767,1488,0,0.0
TTGCTAGTGGGTAGCCGTTA,907,669,0,0.0
TTGCTCACGCAATATCCGCG,992,670,0,0.0
TTGCTCACGCAGAGGTGCTA,3082,1111,0,0.0
TTGCTCACGCCGTGCGGTAA,4446,2072,0,0.0
TTGCTCACGCCTATTGTTAG,14186,3922,0,0.0
TTGCTCACGCCTGAGTGCTG,2664,1294,0,0.0
TTGCTCACGCGGAACGGCCT,3321,1592,0,0.0
TTGCTCACGCGGCTTAGACC,15236,4313,0,0.0
TTGCTCACGCTGGCAAGACA,682,525,0,0.0
TTGGATCACTTCGATTAGTC,2181,1099,0,0.0
TTGGATCACTTGGTTGTGTT,2481,1486,0,0.0
TTGGATCGGCATCTAAGATG,5471,1874,0,0.0
TTGGATCGGCATTCCTTGCT,2665,1434,0,0.0
TTGGATCGGCCACATGCTGG,4014,2111,0,0.0
TTGGATCGGCTAGATGACAA,1266,499,0,0.0
TTGGATCGGCTGGCTATACC,2906,1629,0,0.0
TTGGATGTGAACCGCGCAAG,805,613,0,0.0
TTGGATGTGAACCGTACGGT,3977,1671,0,0.0
TTGGATGTGACAGGTCGATG,1568,999,0,0.0
TTGGATGTGAGATGTGGCTC,4745,2069,0,0.0
TTGGATGTGAGCGACCGTGG,1170,717,0,0.0
TTGGATGTGAGGACATTCGG,1060,517,0,0.0
TTGGATGTGATCATAAGTCG,9984,3582,0,0.0
TTGGATGTGATGGAATTCAT,3285,1205,0,0.0
TTGGCGAGGAAGCCTTATAT,44894,8011,0,0.0
TTGGCGAGGATACCGTAGCC,4441,1828,0,0.0
TTGGCTAAGCATACCTATAT,2052,810,0,0.0
TTGGCTAAGCGCCAGTTGGA,2007,981,0,0.0
TTGGCTGTACACACTTCGAT,3343,1673,0,0.0
TTGGCTGTACCTGTACTGTA,3921,1811,0,0.0
TTGGCTGTACGACGCGTGAG,693,527,0,0.0
TTGGCTGTACTAATATTAAC,2803,1554,0,0.0
TTGGTCTCTCCATGCCACAC,4760,2378,0,0.0
TTGGTCTCTCGACAATTGTC,2070,926,0,0.0
TTGGTCTCTCGTCCGTAATC,3850,1367,0,0.0
TTGGTCTCTCTCCAATATGG,685,555,0,0.0
TTGGTCTCTCTGTAGCTTCA,7266,1905,0,0.0
TTGGTCTCTCTTAAGCCGCC,12407,2893,0,0.0
TTGGTCTTCTAGCGATGCAT,1555,1035,0,0.0
TTGGTCTTCTCACCTCATTG,9650,3597,0,0.0
TTGGTCTTCTGAGAGCTCCG,11437,4016,0,0.0
TTGGTCTTCTGCTAACTATT,732,569,0,0.0
TTGGTCTTCTGTGGTACAGG,1133,345,0,0.0
TTGGTCTTCTTCGAGAGGAG,2321,1287,0,0.0
TTGTATACCACCAAGCTACT,908,465,0,0.0
TTGTATACCACGCACCAGTC,2307,441,0,0.0
TTGTATACCACTCTGCCACG,4043,1716,0,0.0
TTGTATACCAGACATGGTTA,1092,292,0,0.0
TTGTATACCATACCGTAGCC,3686,1301,0,0.0
TTGTCGAAGGAACCAGACCA,10321,2995,0,0.0
TTGTCGAAGGGGCTTGCGAA,950,652,0,0.0
TTGTCGAAGGTCCTTACATA,1153,606,0,0.0
TTGTGCCACCGGTTCGGTAT,2529,1074,0,0.0
TTGTGCCACCTAACTATAGA,3082,1410,0,0.0
TTGTGCCACCTGATTAGCTG,3270,1796,0,0.0
TTGTTCTTGGCAGTGTTGGA,4254,1865,0,0.0
TTGTTCTTGGCATATCGGCC,987,463,0,0.0
TTGTTCTTGGCCACATGCAG,511,425,0,0.0
TTGTTCTTGGCTCATCGCGC,794,536,0,0.0
TTGTTCTTGGTCGGCGCCGA,3787,1649,0,0.0
