barcode_list,UMI_Total_Count,Gene_Count,MT_Count,MT_Percent %
AACAACACGACTCATTCCGG,1652,1026,0,0.0
AACAACACGACTGGCTTACC,543,447,0,0.0
AACAACACGATATAGTGTCT,1180,829,0,0.0
AACAACACGATTGAGTCCAG,3309,1580,0,0.0
AACAAGTGATAGGCGGAAGC,3110,1441,0,0.0
AACAAGTGATCAGTCGATCC,1217,833,0,0.0
AACAAGTGATGCAACATATA,3260,1744,0,0.0
AACAATATAATCCTGCTTAG,845,612,0,0.0
AACACACTACAGTGATATCA,2029,1166,0,0.0
AACAGAGGACACCGAAGGTC,1239,633,0,0.0
AACAGAGGACATGAGACAGC,1420,930,0,0.0
AACATAGGTACGTAACAGTG,822,624,0,0.0
AACATAGGTAGCACGACGTA,1043,762,0,0.0
AACATGTAACACTCCTGTCG,2525,1147,0,0.0
AACATGTAACATGGTCAGCC,1009,701,0,0.0
AACATGTAACTTGCCAGTTA,759,552,0,0.0
AACCGCACATCCAGTTAGAT,2414,1508,0,0.0
AACCGTACGAACAGGATCAC,2336,1334,0,0.0
AACCGTACGACCGTCTCGCT,1642,1048,0,0.0
AACCTCTCTCGTCGCGAACC,1635,1130,0,0.0
AACCTCTCTCTATGGCTTAG,894,642,0,0.0
AACGAGTATCCTTCCTGGCG,1554,1076,0,0.0
AACGAGTTGGGATGATCCGC,2349,1482,0,0.0
AACGAGTTGGGCCTGTATGC,576,412,0,0.0
AACGATAGACACAATCACCG,3080,1639,0,0.0
AACGATAGACATCACTAATC,739,553,0,0.0
AACGATAGACCAGTGTTGGA,953,680,0,0.0
AACGATAGACGGTCCGGACC,540,433,0,0.0
AACGCCGGTTGACTGCGTAA,1551,990,0,0.0
AACGCCGGTTGATACGTATA,3575,1835,0,0.0
AACGTAGTCAACTATATTGC,2342,874,0,0.0
AACGTAGTCAGCCATAGGCA,1566,968,0,0.0
AACGTCTAAGACGGTTGAAC,1381,910,0,0.0
AACGTCTAAGAGACAAGAAC,2190,1154,0,0.0
AACGTCTAAGTCATTAGTAA,3187,1634,0,0.0
AACGTCTAAGTCCAAGCGGT,1100,772,0,0.0
AACGTTCATTCAGGTCGATG,1727,1003,0,0.0
AACGTTCATTGACGTCCACA,1015,721,0,0.0
AACGTTCATTGGAACAGTAT,1164,847,0,0.0
AACTATCGTATGAAGCAGAT,1386,839,0,0.0
AACTGGCGAGATGTCACGCT,10101,3413,0,0.0
AACTGGCGAGCCACATGCAG,1916,1136,0,0.0
AACTTGGCCGACAGGTTGGT,1751,1145,0,0.0
AACTTGGCCGAGTAAGTAGT,1652,1053,0,0.0
AACTTGGCCGGTCTTCCGTA,624,456,0,0.0
AACTTGGCCGTTGCGCAAGT,2076,1029,0,0.0
AAGAGACTTGCTCTTAAGCC,1238,839,0,0.0
AAGAGACTTGGCATGCGGCA,685,525,0,0.0
AAGAGACTTGGCGCTAGCAT,12611,3743,0,0.0
AAGAGGAATACTAATAGCCT,1819,1141,0,0.0
AAGAGGAATACTCCTTGCCG,3087,1590,0,0.0
AAGAGGAATAGTAGCACGGC,1835,1063,0,0.0
AAGAGGAATATGAACAGGCT,1753,958,0,0.0
AAGCAACGCACTACTAAGGT,814,573,0,0.0
AAGCAGCTACAACGATTCAA,1390,830,0,0.0
AAGCAGCTACCGATGTGCTT,2089,1311,0,0.0
AAGCCTTATACTCTTGGCTG,3128,1349,0,0.0
AAGCGACCAGAACAGTCAAG,2356,1348,0,0.0
AAGCGACCAGCACATGCTGG,3462,1511,0,0.0
AAGCGACCAGCATCCACGCC,3566,1685,0,0.0
AAGCGACCAGCGACGGTAAC,2186,1252,0,0.0
AAGCGTAGTCATATGAGACG,1147,773,0,0.0
AAGCGTAGTCGGATCATAGC,712,540,0,0.0
AAGCGTAGTCTTCAATTGAG,1503,1100,0,0.0
AAGCTAGTGTCACACTGCAT,3031,1637,0,0.0
AAGCTAGTGTTAACAGCTGA,2114,1036,0,0.0
AAGCTCTATGCTAACACAGG,815,442,0,0.0
AAGGAGAGCTGCCATAGGCA,2541,1311,0,0.0
AAGGAGAGCTGTGCGGCCGT,1260,812,0,0.0
AAGGAGAGCTTCGCATGCGA,12599,2821,0,0.0
AAGGCTTGAGCTAGTTGTAG,3679,1789,0,0.0
AAGGCTTGAGGCGCACGTCC,621,462,0,0.0
AAGGCTTGAGTGAATGCGTG,946,664,0,0.0
AAGGTTCCAGATTACTGAAG,1331,871,0,0.0
AAGGTTCCAGCAACCTCTCA,1038,756,0,0.0
AAGGTTCCAGCCGTGCCTTC,1139,799,0,0.0
AAGGTTCCAGGCTCATTAGC,3326,1781,0,0.0
AAGGTTCCAGTTGCCGTGTA,1948,1166,0,0.0
AAGTAACTAAAATGCGGCAT,1602,1050,0,0.0
AAGTAACTAAAATTGAGAGT,1467,982,0,0.0
AAGTAACTAACAGAATGGAT,1226,811,0,0.0
AAGTAACTAACAGCCGTTAA,2583,1416,0,0.0
AAGTAACTAACGGTGGTATG,3336,1421,0,0.0
AAGTAACTAAGGAGTTAAGG,1001,546,0,0.0
AAGTCGCACTAGGCTGAACG,2612,1527,0,0.0
AAGTCGCACTATTCCAACCA,621,503,0,0.0
AAGTCGCACTCAGACAATTC,2022,1067,0,0.0
AAGTCGCACTGAGATTAGTT,4624,2014,0,0.0
AAGTGTACCAACATCGACGT,1823,1058,0,0.0
AAGTGTACCAATATGAGACG,3059,1763,0,0.0
AAGTGTACCATACTCTTAGG,671,504,0,0.0
AAGTGTACCATTCCTGTCAT,1022,788,0,0.0
AAGTTCGACGATAGAGACTA,2665,1287,0,0.0
AAGTTCGACGATGGAATGTA,4415,1376,0,0.0
AAGTTCGACGGACACGCTCA,7168,2546,0,0.0
AAGTTCGACGGGTGTTAATC,711,480,0,0.0
AAGTTGCAGCAGCGCTCTAG,8366,2944,0,0.0
AAGTTGCAGCTGTATCACCA,750,554,0,0.0
AAGTTGTTCAACTGGTCCGC,1464,827,0,0.0
AAGTTGTTCAGGCTGTCTTG,3190,1486,0,0.0
AAGTTGTTCATTGCACCAAT,2167,1111,0,0.0
AATACACCAAATACGCGATA,1713,974,0,0.0
AATACACCAACCACTGTATT,783,601,0,0.0
AATACACCAATAGAACACGG,1322,856,0,0.0
AATACACCAATATAACATGA,887,702,0,0.0
AATACACCAATGGTGTCGCT,3708,1935,0,0.0
AATACTCCGCCCATGGCGTG,560,425,0,0.0
AATACTCCGCCGAGCGGTCG,2738,1564,0,0.0
AATACTCCGCCGCTGTCCAA,1588,851,0,0.0
AATATCACATAGTGAGTAAG,4943,2246,0,0.0
AATATCACATCACATGCTGG,12708,4401,0,0.0
AATATCACATCTTATGTAGT,4298,1558,0,0.0
AATATCACATGAATCTACGC,1398,842,0,0.0
AATATCACATTAACACGATT,2972,1629,0,0.0
AATCACTCCACTATTGGAAT,2228,1174,0,0.0
AATCACTCCATCCTGTGCGC,3654,1776,0,0.0
AATCCTGCAGCATCCACGCC,944,662,0,0.0
AATCGACCGCGATTCACTGG,8460,3480,0,0.0
AATCGCTATTATATTATTAC,684,415,0,0.0
AATCGCTATTCATCTTACCA,553,457,0,0.0
AATCTAAGGTACGGCTCACG,2631,1253,0,0.0
AATCTACCATATATCAGCTC,2359,1449,0,0.0
AATCTACCATTGAACAATGG,878,528,0,0.0
AATGAGAATGGCCGCCACGC,1941,1175,0,0.0
AATGCACTATAAGTACATTC,807,628,0,0.0
AATGCACTATGAGATTAGTT,1996,1357,0,0.0
AATGGAACACCATCTTGAAC,541,427,0,0.0
AATGTGCGTAGACCACTGAA,1354,565,0,0.0
AATGTGCGTATACGGCACTA,1820,1044,0,0.0
AATTAACAAGCAAGAGAGAG,1079,722,0,0.0
AATTAATTCAGTAATTACGT,2190,1223,0,0.0
AATTACCTTAGTAACTCTGG,1283,883,0,0.0
AATTATATGTATGTGGTTAA,2218,1224,0,0.0
AATTATATGTCAACGCGTTG,3256,1647,0,0.0
AATTATATGTTGTCCTAGCA,2247,1229,0,0.0
AATTCCAGTGCACAGGTGTC,1744,935,0,0.0
AATTCCAGTGCAGATTCAAG,727,557,0,0.0
AATTCCAGTGCGAATGTTGC,1310,838,0,0.0
AATTCCAGTGGGTGCAGTCT,1601,1002,0,0.0
AATTCCAGTGGTCGGTAAGA,1055,670,0,0.0
AATTCGACAGGATCACAGTT,4797,2041,0,0.0
AATTCGACAGTAGATGACAA,1313,817,0,0.0
AATTCGTCTAAAGAGCTTGC,1407,858,0,0.0
AATTCGTCTATCTTGCCAAT,1606,1084,0,0.0
AATTGACTCGATGACTCCGT,920,643,0,0.0
AATTGACTCGTCCATACTAT,1935,967,0,0.0
AATTGCGCCTTTAGCTGGAG,553,450,0,0.0
ACAACCTTGTCCACTGTATT,1720,1083,0,0.0
ACAATACATGACGTATGGTA,4933,1989,0,0.0
ACAATACATGCATATAATGG,4876,2148,0,0.0
ACAATACATGCTGCAACGAC,1633,992,0,0.0
ACAATCTCAATAGCTAGCCG,3496,1782,0,0.0
ACACAACGAGCCTGAGTCTA,570,473,0,0.0
ACACAACGAGCTTAGGCCAA,775,497,0,0.0
ACACAACGAGGTCCGTAATC,691,537,0,0.0
ACACAACGAGGTCGTCAAGC,4317,2049,0,0.0
ACACACGACTAGCGTTAGTA,2338,1347,0,0.0
ACACACGACTTTGTGACTCG,3092,1530,0,0.0
ACACCATTGGAACGGTAATA,1645,1122,0,0.0
ACACCATTGGCTTGTGGCGA,1125,763,0,0.0
ACACCTAGTGTTCCTTAACT,2954,1143,0,0.0
ACACGAATACAGGAATCTGC,6373,2707,0,0.0
ACACGAGGCGAGGCGAATCG,650,324,0,0.0
ACACGCCACCAGGACACTCC,1702,1151,0,0.0
ACACGCCACCTAGCTAGCCG,602,498,0,0.0
ACACGCGTGCCCAGGTGTAA,1595,951,0,0.0
ACACGCGTGCCCTACCGCTT,1413,1015,0,0.0
ACACGCGTGCTCAAGTCCTC,1008,630,0,0.0
ACAGCGTAGCCCTGGTCGGA,1986,1161,0,0.0
ACAGGAATCTGACCATGAAG,873,614,0,0.0
ACAGTGCGTGACATGGAAGC,2034,1187,0,0.0
ACAGTGCGTGATAATTGCAA,5772,2415,0,0.0
ACAGTGCGTGCACAGGTGTC,2736,1645,0,0.0
ACAGTGCGTGCCACATACGT,4254,2126,0,0.0
ACAGTGCGTGCTCTTCGCAT,4171,1971,0,0.0
ACATAATGTAAAGTAAGTCC,1319,881,0,0.0
ACATAATGTAGAACACGTGG,2326,1173,0,0.0
ACATAATGTAGAATCTACGC,2931,1371,0,0.0
ACATATACAAAACGATCAGA,815,602,0,0.0
ACATATACAACGGACCAACA,549,458,0,0.0
ACATATACAAGTTGGCTCGC,623,510,0,0.0
ACATCTTGCCAGTGTGCTCT,725,612,0,0.0
ACATCTTGCCGTTAGCACGA,581,436,0,0.0
ACATCTTGCCTCGCTCGCAC,1423,984,0,0.0
ACATGGCGCTGATCAACGGC,628,474,0,0.0
ACATGGCGCTGATCACAGTT,5273,2251,0,0.0
ACATGGCGCTGGTACAAGCA,3525,1335,0,0.0
ACATTGATCTATAGAGCGTC,2386,1496,0,0.0
ACATTGATCTATCATCGGAG,622,465,0,0.0
ACATTGATCTCAGGATCCAT,1374,886,0,0.0
ACATTGATCTGGAACGGCCT,1112,736,0,0.0
ACATTGATCTTTACGATAAC,705,581,0,0.0
ACATTGATCTTTGCCTTAGG,1300,770,0,0.0
ACATTGCATAGGTCTTCACA,10742,3449,0,0.0
ACATTGCATATAAGGACTGC,1361,936,0,0.0
ACATTGCATATACACACTGG,1778,986,0,0.0
ACATTGGCAATGAACAGGCT,1859,1141,0,0.0
ACATTGTGTTATACTATGTT,959,649,0,0.0
ACATTGTGTTCAATGCTCTC,1578,903,0,0.0
ACATTGTGTTGCGGCTCAAT,1838,1161,0,0.0
ACCACAGAGGACAGGTTGGT,1205,799,0,0.0
ACCACAGAGGGTTGGTCTAA,741,528,0,0.0
ACCACAGAGGTGAGACCGTA,2178,948,0,0.0
ACCACCAATACGTTGAGCAA,2924,1467,0,0.0
ACCACCAATAGAATCCTCGT,782,575,0,0.0
ACCACCAATATAACTATAGA,1492,904,0,0.0
ACCAGCCAGGTCCTCACTCA,6392,2803,0,0.0
ACCAGCTTGATCATCGAGGC,2410,1202,0,0.0
ACCATATCACCATCTTGAAC,2131,1329,0,0.0
ACCATATCACGTATTAAGCG,957,664,0,0.0
ACCATATCACTAGATGACAA,2449,1277,0,0.0
ACCATATCACTGCTAGTTGG,562,445,0,0.0
ACCATCAGATATACATTATC,5424,1995,0,0.0
ACCATCAGATTGATGAACGG,1110,685,0,0.0
ACCATCAGATTTGTGAAGAT,1266,862,0,0.0
ACCGAATATTAAGGAACTGC,1203,721,0,0.0
ACCGAATATTCAATAACACT,5103,2333,0,0.0
ACCGAATATTCCTGTACTGG,4086,2077,0,0.0
ACCGAATATTGGCCTGGAGA,2158,1274,0,0.0
ACCGATTGCGCTAATAGCCT,1332,820,0,0.0
ACCGATTGCGGCAGGTCCGA,2483,1445,0,0.0
ACCGATTGCGGTCAAGTTAC,1843,905,0,0.0
ACCGCAAGTTCCACTGGAAC,768,536,0,0.0
ACCGCAAGTTCTCCTTGCCG,785,616,0,0.0
ACCGCAAGTTTTACGAGCTG,1327,918,0,0.0
ACCGCGGCGTCATCAGCTCC,1263,835,0,0.0
ACCGCGGCGTCTTAGTAGTC,2346,1250,0,0.0
ACCGCTCGTCACGCGCATAG,2944,1487,0,0.0
ACCGCTCGTCCGTGAGTGCG,1284,772,0,0.0
ACCGGAGCCTTAGACGTCTA,1375,919,0,0.0
ACCGGTAGATATGCTTATGC,740,529,0,0.0
ACCGGTAGATTGAATGCGTG,848,581,0,0.0
ACCGGTCTACAACCAATAAG,965,635,0,0.0
ACCGGTCTACAACGCGTGGC,756,545,0,0.0
ACCGGTCTACAAGGCTTCTC,1427,716,0,0.0
ACCGGTCTACATGTACACCG,657,436,0,0.0
ACCGGTCTACCATGACTCGT,3874,1819,0,0.0
ACCGGTCTACCTCATCGCGC,1330,683,0,0.0
ACCGTGCTTAACGCCTCCGA,1958,948,0,0.0
ACCGTGCTTAGGCATTCTAA,9564,3048,0,0.0
ACCGTGCTTAGGTTAACAAT,1068,827,0,0.0
ACCGTGCTTAGTAGGCATGC,3257,1844,0,0.0
ACCGTGCTTATGCGGCCGAA,1400,799,0,0.0
ACCGTTCCATCGTGAACTAC,5672,2247,0,0.0
ACCTCACGACATAGCCGATG,2114,1321,0,0.0
ACCTCACGACGTGCACCAGC,1011,705,0,0.0
ACCTCACGACTCTGGATACA,729,417,0,0.0
ACCTCCGCAGCTAATTATTC,716,573,0,0.0
ACCTCCGCAGGCAGCTCGTG,1129,769,0,0.0
ACCTCCGCAGGTAATGCTGA,4204,1850,0,0.0
ACCTCCGCAGGTCGGTAAGA,581,476,0,0.0
ACCTCCGCAGTACTTCCACG,1806,1167,0,0.0
ACCTCTAGGTAGACAAGAAC,2341,1203,0,0.0
ACCTCTAGGTAGTCGGCATT,678,410,0,0.0
ACCTCTAGGTTTCTCTATGA,2702,1527,0,0.0
ACCTGCTACTACTTGTGTCT,1146,727,0,0.0
ACCTGCTACTTGTAATCGAT,9373,3587,0,0.0
ACCTGGTCTCCTCTTAAGCC,1427,798,0,0.0
ACCTGGTCTCGTACGAGTTC,2128,1188,0,0.0
ACCTGGTCTCTCTCAGAACC,1542,868,0,0.0
ACCTGTAGCCGATGCTCTCA,1098,772,0,0.0
ACCTGTAGCCGTGCACCAGC,1344,834,0,0.0
ACCTTACTTCTAGATCGCGA,1742,1005,0,0.0
ACCTTCATGTGAGTCCACTC,857,538,0,0.0
ACCTTCGCGCAACGTTGGTC,1379,840,0,0.0
ACCTTCGCGCCCTACGCAAC,715,473,0,0.0
ACCTTCGCGCTCAAGTCCTC,849,579,0,0.0
ACGAAGAGTTCACCTTGGAG,3436,1567,0,0.0
ACGAATCAGTATGGACCATA,873,563,0,0.0
ACGAATTATCTCAGGCCTTC,809,565,0,0.0
ACGAATTATCTGCGTGCGCT,1148,733,0,0.0
ACGACTGCTTCCGCAATAAT,5424,2588,0,0.0
ACGACTGCTTGCTTATACAT,2705,1570,0,0.0
ACGACTGCTTTATGAAGTTG,1943,1071,0,0.0
ACGCAATCTTCAGAAGTGCA,6123,2556,0,0.0
ACGCAATCTTGTCTATATCG,1505,880,0,0.0
ACGCAATCTTTAACAGCTGA,1466,916,0,0.0
ACGCATATACTGCCTAACTT,863,574,0,0.0
ACGCGGTCTGATTCTGGCTG,811,641,0,0.0
ACGCGGTCTGGGTTCGGTAT,733,545,0,0.0
ACGCGGTCTGTAGTGTCATG,892,607,0,0.0
ACGCGGTCTGTTGCTACATG,2227,1268,0,0.0
ACGCTATGTAGCGCGGAGCC,557,367,0,0.0
ACGCTATGTAGTTCTGCGGT,720,573,0,0.0
ACGCTCACGTAGGCTGAACG,3671,1919,0,0.0
ACGGTAAGAAATAGAGCGTC,1225,884,0,0.0
ACGGTAAGAACGGTAGTCAT,698,359,0,0.0
ACGGTACCGCAACAGTCAAG,673,498,0,0.0
ACGGTACCGCATGCAGATCC,7321,2865,0,0.0
ACGGTACCGCCAACGCGTTG,7377,2785,0,0.0
ACGGTACCGCCACTTACCAA,1072,726,0,0.0
ACGGTACCGCCGACGAGACC,693,561,0,0.0
ACGGTACCGCGACCATGAAG,971,707,0,0.0
ACGGTACCGCTCTGCAGCGT,2173,1388,0,0.0
ACGGTCTGGTAGCCGTCTCG,2350,1355,0,0.0
ACGGTCTGGTCGTTAAGTTC,1648,1102,0,0.0
ACGGTCTGGTCTAAGTCCAT,691,455,0,0.0
ACGGTCTGGTGCATTACCGG,2339,1283,0,0.0
ACGGTCTGGTTCAACGGCAC,8424,2991,0,0.0
ACGGTTATGGTTCCTGCGAA,5462,2517,0,0.0
ACGGTTCTCCATACGCGATA,577,464,0,0.0
ACGGTTCTCCTGAAGATATG,2676,1488,0,0.0
ACGTAAGAATACAGTGTCCG,1848,958,0,0.0
ACGTAAGAATTACCTCATAA,1255,909,0,0.0
ACGTAAGAATTATACATAGT,1423,974,0,0.0
ACGTAAGAATTATACCGCAT,3168,1623,0,0.0
ACGTAGCAACAGAGAACGGA,2655,1491,0,0.0
ACGTAGCAACCTAATAGGTA,583,457,0,0.0
ACGTCCACCTCCTACCGCTT,947,692,0,0.0
ACGTCCACCTTCATCGAGGC,2702,1467,0,0.0
ACGTCCACCTTGGCAAGACA,1542,904,0,0.0
ACGTCCACCTTTGGTTCTGG,638,478,0,0.0
ACGTCTCTAGAAGTAGTAAT,552,454,0,0.0
ACGTCTCTAGATATTATTAC,925,678,0,0.0
ACGTCTCTAGGCCGCCACGC,1086,796,0,0.0
ACGTCTCTAGGTCACAGGAT,826,589,0,0.0
ACGTCTCTAGTGATGCCAAC,948,634,0,0.0
ACGTGCTATAAAGTTCAGGT,856,655,0,0.0
ACGTGCTATACTAGTCTGTC,1581,1022,0,0.0
ACGTTAGGACAACATTACGG,1424,872,0,0.0
ACGTTAGGACCACAGGTGTC,2844,1395,0,0.0
ACGTTAGGACCACCTACCGC,611,461,0,0.0
ACGTTAGGACTGGTGCATCT,1684,937,0,0.0
ACGTTAGGACTTACCGGTGG,8078,2976,0,0.0
ACTAACGCACACATCGACGT,761,549,0,0.0
ACTAACGCACAGACGGATGT,4296,1773,0,0.0
ACTAACGCACGTCTCCGGTT,6132,2326,0,0.0
ACTACGACATACGCGCATAG,1526,880,0,0.0
ACTACGACATCAAGTTGATC,965,717,0,0.0
ACTACGACATGAATGATATA,615,505,0,0.0
ACTACGACATGAGGATATTA,2756,1340,0,0.0
ACTACGACATTAAGTGACAT,753,539,0,0.0
ACTAGGACCATTATCAAGGA,1269,733,0,0.0
ACTAGGCATCGTAAGGCGGT,770,599,0,0.0
ACTAGGCATCTCTGGATACA,768,512,0,0.0
ACTATACCTTGTGGCCTGCT,2923,1415,0,0.0
ACTATACCTTTCTTCGAGAG,3328,1728,0,0.0
ACTATACCTTTGGCTCAGCA,1876,1085,0,0.0
ACTCAATATGAGTGTATATT,1656,999,0,0.0
ACTCAATATGGCACCGAATC,2328,1216,0,0.0
ACTCACATTCAATATCCGCG,1776,1079,0,0.0
ACTCACATTCCAGACAGCTA,911,661,0,0.0
ACTCACATTCCTATTCAGCA,1108,805,0,0.0
ACTCACATTCGTCTGATACG,1860,1056,0,0.0
ACTCACCAATAGTACAGCGA,10180,3687,0,0.0
ACTCACCAATCTTACACTAC,683,443,0,0.0
ACTCACCAATGCGAGTTAAT,569,461,0,0.0
ACTCACCAATTCATAGCTCA,946,657,0,0.0
ACTCACGGCAAGCAGTGGTA,5629,2363,0,0.0
ACTCACGGCACGACCAACCG,1140,752,0,0.0
ACTCACGGCACTGTACTGTA,1270,759,0,0.0
ACTCAGTCGAACGATACCAA,659,522,0,0.0
ACTCAGTCGAACGGCTCACG,7384,2059,0,0.0
ACTCATGCTTAGATTAGAGC,1988,1181,0,0.0
ACTCATGCTTGGTCTTCACA,1052,750,0,0.0
ACTCCAGGAACTAATCACTT,2262,1445,0,0.0
ACTCCAGGAAGGACTTCATC,2220,1094,0,0.0
ACTCCAGGAAGTTCTGATAC,578,455,0,0.0
ACTCCAGGAATGCCTCAATG,2700,1059,0,0.0
ACTCCGGTACGATGATCCGC,1375,918,0,0.0
ACTCCGGTACGGTGCAGTCT,667,466,0,0.0
ACTCGCCGTAGAGAACCTAA,1150,710,0,0.0
ACTCGCCGTATAGATGACAA,1511,1007,0,0.0
ACTCGCCGTATTGCTACATG,3288,1551,0,0.0
ACTGCGTCACAGGTTGGCAG,575,454,0,0.0
ACTGCGTCACAGTGTATATT,6288,2801,0,0.0
ACTGCTATTAACCGGTGAGA,1073,806,0,0.0
ACTGGTGGTTTAGATGACAA,807,602,0,0.0
ACTGTATAGAACGTTGGTGC,869,633,0,0.0
ACTGTATAGATACCACGTAC,2288,1218,0,0.0
ACTGTATAGATTAGTCTTGC,1214,853,0,0.0
ACTGTCAGCAAGGCGCGTGA,1268,847,0,0.0
ACTGTCAGCACGGAGCCAGC,3775,1837,0,0.0
ACTGTCAGCACGTGCATGTT,1517,841,0,0.0
ACTGTCAGCACGTGCGGTAA,2223,1278,0,0.0
ACTGTCAGCAGCAGAGCGAG,2642,1415,0,0.0
ACTGTCAGCAGCGCTCATAC,1280,912,0,0.0
ACTGTCAGCAGCGTTATTCG,1373,928,0,0.0
ACTGTCAGCATAATCTTCAT,2449,1235,0,0.0
ACTGTTACACCCGATGTAAG,1349,916,0,0.0
ACTGTTACACGCTGAGAGCA,603,479,0,0.0
ACTGTTACACGGAACAGTAT,574,420,0,0.0
ACTGTTACACGTAAGGCGGT,3655,1655,0,0.0
ACTGTTACACTGCTCTATTC,944,687,0,0.0
ACTGTTCACTGAGTCCATAG,3231,1595,0,0.0
ACTGTTGATGAGACCAACAT,925,474,0,0.0
ACTGTTGATGCTCGAGTATA,1607,925,0,0.0
ACTTATGGCCAGGTCTTCGG,593,479,0,0.0
ACTTATGGCCGCAGCATCTC,836,654,0,0.0
ACTTATGGCCGGTCTCTCGA,1850,1059,0,0.0
ACTTATGGCCGTACACTGCG,1855,1134,0,0.0
ACTTCGGAGTAGTCGCGCGC,1189,650,0,0.0
ACTTCGGAGTCGGAGCGTCA,1176,835,0,0.0
ACTTCGGCCACATGCTGACG,739,563,0,0.0
ACTTGACGTTAAGAATAGGA,5790,2638,0,0.0
AGAAGATCCGGAGAACCTAA,2879,1312,0,0.0
AGAAGATCCGGCCGCACCAG,2142,1185,0,0.0
AGAAGATCCGGTTACACTTA,10208,3621,0,0.0
AGAAGATCCGTTAGTCTTGC,1058,685,0,0.0
AGAAGATCCGTTGATTGGAT,2080,1252,0,0.0
AGAAGGAACAAGACTCCTTC,1148,720,0,0.0
AGAAGGAACAATATCGTCCA,1223,896,0,0.0
AGAAGGAACAGCCGCAGTCC,2876,1275,0,0.0
AGAAGGCTCCGCGTAACGTC,1061,768,0,0.0
AGAAGTGACGACAGATCACC,2286,1106,0,0.0
AGAAGTGACGCAAGCTTCTA,1627,1094,0,0.0
AGAATAAGCGACGACAGATC,1268,843,0,0.0
AGAATAGCTACCTTAGGCTC,1651,823,0,0.0
AGAATCCAGCACCGAAGGTC,3719,1840,0,0.0
AGAATTGTAGATTCTCCATA,5374,2260,0,0.0
AGAATTGTAGCTGAGTGCTG,7596,3152,0,0.0
AGAATTGTAGGGATATGTTG,2869,1591,0,0.0
AGAATTGTAGTAGGAGATCG,949,569,0,0.0
AGACAATCAGTCATAGCTCA,649,522,0,0.0
AGACAATCAGTTCGTACGTA,2215,1320,0,0.0
AGACACCACGCGAATGTACT,563,462,0,0.0
AGACACCACGCTATCATCCG,716,549,0,0.0
AGACACCACGGAGTATCGGT,2206,1186,0,0.0
AGACACCACGGCCGACTCTT,754,604,0,0.0
AGACAGCCTTATGCTAACAT,2762,1606,0,0.0
AGACAGCCTTCGGTGTGAGT,1852,1202,0,0.0
AGACAGCCTTGCACTAATTC,2760,1467,0,0.0
AGACCACGACGCAGAGCGAG,2816,1335,0,0.0
AGACCACGACTAGACTCCTT,1326,789,0,0.0
AGACCACGACTTACACGCAC,1785,1186,0,0.0
AGACCACGACTTACCGGTGG,3231,1671,0,0.0
AGACCAGAGAAACAGTCAAG,7442,2569,0,0.0
AGACCAGAGAATGACTCCGT,2912,1438,0,0.0
AGACCAGAGAATTCAGAATC,8553,3370,0,0.0
AGACCAGAGACCTTAGGCTC,1141,874,0,0.0
AGACCAGAGACGATGTGCTT,1248,768,0,0.0
AGACCAGAGATGTAATTACA,2560,1418,0,0.0
AGACCTCCAAATTCCACTTC,4362,1791,0,0.0
AGACCTCCAACGTCGTATTG,817,600,0,0.0
AGACCTCCAATCGGAGGTAG,804,569,0,0.0
AGACCTGGATCAACCTCTCA,952,681,0,0.0
AGACCTGGATGGCAAGCACG,1494,821,0,0.0
AGACCTGGATTCTTACTGTA,543,414,0,0.0
AGACCTGGATTGTAATTACA,3500,1966,0,0.0
AGACCTTATGGCACGACGTA,21725,4422,0,0.0
AGACCTTATGGCTAATAACA,3886,1971,0,0.0
AGACCTTATGTAGGTCGTTA,1029,673,0,0.0
AGACTTCAGTAGAGGCCTAC,1287,721,0,0.0
AGACTTCAGTCTATCATCCG,1146,864,0,0.0
AGACTTCAGTGCGAAGATAG,725,550,0,0.0
AGACTTCAGTTGTATCACCA,1439,904,0,0.0
AGACTTCAGTTTGAGTAGAA,864,581,0,0.0
AGAGACATGAGACCTGCGCC,1461,896,0,0.0
AGAGATTAGTTAGGCTGATT,9092,3307,0,0.0
AGAGGACAGCAACCAGACCA,7195,3005,0,0.0
AGAGGACAGCAACGATCAGA,3744,1832,0,0.0
AGAGGACAGCACTCGAACGT,550,415,0,0.0
AGAGGACAGCCGCAGTAGAT,1208,786,0,0.0
AGAGGACAGCGATACGTATA,1574,994,0,0.0
AGAGGACAGCTAGATATATT,4584,2024,0,0.0
AGAGGACAGCTAGGCGTTCA,545,440,0,0.0
AGAGGACAGCTGAGGATCAT,823,400,0,0.0
AGAGGAGTGTTATGCCGATG,2347,1337,0,0.0
AGAGGAGTGTTTGTAGCCGA,1220,787,0,0.0
AGATAGAACTACGTGATGCT,3684,1741,0,0.0
AGATAGAACTCCGATAGGAT,1484,782,0,0.0
AGATAGGTCGTGATGAACGG,642,501,0,0.0
AGATAGTCGTAGATATGATC,1056,779,0,0.0
AGATAGTCGTCTGCGAACTG,686,528,0,0.0
AGATAGTCGTGCATGCGGCA,2687,1492,0,0.0
AGATCCGGAATTCGCCGGCT,590,378,0,0.0
AGATCCTATTAGTGGACTGG,568,472,0,0.0
AGATCCTATTCTGCGAGTCT,1355,788,0,0.0
AGATCCTATTCTTGTGGCGA,2708,1294,0,0.0
AGATCCTATTTGATGCTCTA,569,449,0,0.0
AGATCGCCACGAGGTCTCCT,668,518,0,0.0
AGATTCACGCACAGCGTTAG,507,409,0,0.0
AGATTCACGCATTGTAATGT,1592,1067,0,0.0
AGATTCACGCGGATAGGTAA,32898,7264,0,0.0
AGATTCACGCTTAAGAGATC,2190,1060,0,0.0
AGATTCACGCTTCGGCTAAC,863,468,0,0.0
AGCACCGACAGAGAGAAGGA,1171,667,0,0.0
AGCACCGACATGGAATGAAC,1712,1094,0,0.0
AGCATTGGACAACTTATTAA,1303,906,0,0.0
AGCATTGGACGTTATCTATA,1378,919,0,0.0
AGCCAGGCACCATAATCGTC,4255,1003,0,0.0
AGCCAGGCACCGAATGTTGC,542,446,0,0.0
AGCCGACCGGAGGTCTCTGT,13175,4104,0,0.0
AGCCGACCGGCATCCACGCC,1068,654,0,0.0
AGCCGACCGGCGTACCTCTA,955,711,0,0.0
AGCCGACCGGCTGTAGTTGT,1156,800,0,0.0
AGCCGACCGGGGCCACACGC,959,730,0,0.0
AGCCGACCGGGGTCTCTCGA,4709,2137,0,0.0
AGCCGACCGGTCTGTATGTT,561,455,0,0.0
AGCGACATTCCTAATCATCG,1397,883,0,0.0
AGCGACATTCGGCTTGCGAA,2663,1568,0,0.0
AGCGACATTCTAGTTATAAG,1867,1176,0,0.0
AGCGACATTCTTCGCCGGCT,662,519,0,0.0
AGCGACCGCGAACGTCTTGA,2718,1127,0,0.0
AGCGACCGCGTCCGGTTGAC,1797,1063,0,0.0
AGCGCGTTCTCTCGAGTATA,2395,1418,0,0.0
AGCGCGTTCTGGCAAGCACG,9677,3429,0,0.0
AGCGCGTTCTTCCATACTAT,619,511,0,0.0
AGCGCTGACTAGCCTTATAT,2250,1117,0,0.0
AGCGCTGACTTTCCGTACTT,1590,997,0,0.0
AGCGCTGGAACGATGTGCTT,1112,787,0,0.0
AGCGCTGGAAGACCACTATT,1078,736,0,0.0
AGCGCTGGAAGACCAGTAAC,741,545,0,0.0
AGCGGCAGTTCCTCGAAGAT,627,502,0,0.0
AGCGGCAGTTCGGTATTGCG,1703,970,0,0.0
AGCGGCAGTTGCTGCGTAAT,1487,1021,0,0.0
AGCGGCAGTTGGCCAACGGA,10037,2957,0,0.0
AGCGGCAGTTGTATAAGGTC,861,660,0,0.0
AGCGGCAGTTTATCGGCACT,1016,785,0,0.0
AGCGGCAGTTTTCAGGAGGT,861,635,0,0.0
AGCGTACCTGACCACAATAA,1603,793,0,0.0
AGCGTACCTGATATTATTAC,918,656,0,0.0
AGCGTGCACAAGACATGCGT,646,536,0,0.0
AGCGTGCACACAACGGCGCT,592,487,0,0.0
AGCTCAGCGTGTCTTCCTCT,1859,1103,0,0.0
AGCTCATGCTATGACATCTC,8266,3161,0,0.0
AGCTCATGCTATTCCAACCA,1691,926,0,0.0
AGCTCATGCTCGGAACAGAA,1378,921,0,0.0
AGCTCATGCTGAAGCATTAT,1663,1053,0,0.0
AGCTCATGCTGGATAGGTAA,4084,2165,0,0.0
AGCTCATGCTTCACAGTCCG,2189,1328,0,0.0
AGCTGCGCTCACACAAGTAT,1028,679,0,0.0
AGCTGGCTCTATCTGTAGTA,3607,1550,0,0.0
AGCTGGCTCTATTACCAGAA,1308,862,0,0.0
AGCTGGCTCTCGATGTGCTT,768,606,0,0.0
AGCTGGCTCTTCAGCGGTGC,2792,1663,0,0.0
AGCTTGGCTTCAGGACTATC,2170,1260,0,0.0
AGCTTGGTAACAGACAGCTA,2436,1029,0,0.0
AGGAACCTAGAAGAGGAGAT,1931,1197,0,0.0
AGGAAGCACACGGTATTGCG,1337,959,0,0.0
AGGAAGCACATGGCTCAGCA,3986,1740,0,0.0
AGGAAGCACATGTAGGATGG,3968,1523,0,0.0
AGGAAGCACATGTATCACCA,767,556,0,0.0
AGGAAGTTCTACGCAGCGAA,1449,884,0,0.0
AGGAAGTTCTGACACAACAC,1429,876,0,0.0
AGGAAGTTCTGCCTGTATGC,686,537,0,0.0
AGGACATAGAAGGTCTTCGG,2314,1143,0,0.0
AGGACATAGACGCACGAATT,1016,693,0,0.0
AGGACATAGACTCTTAAGCC,938,519,0,0.0
AGGACATAGAGTAAGCTGGC,1492,923,0,0.0
AGGACATAGATTCCTGTCAT,793,567,0,0.0
AGGACTATTCAATTCTCGAA,1070,767,0,0.0
AGGACTATTCATGAAGGTGT,931,692,0,0.0
AGGACTATTCTGAATTGCAT,2441,1147,0,0.0
AGGAGAATGCATTCTCCATA,637,503,0,0.0
AGGAGAATGCCAACCTCTCA,524,444,0,0.0
AGGAGAATGCTGAGACTATT,1157,820,0,0.0
AGGAGAATGCTGATGCTCTA,937,680,0,0.0
AGGAGCCATATTGCACCAAT,2456,1454,0,0.0
AGGAGCCATATTGCCGTGTA,814,604,0,0.0
AGGAGCTCGTCCAGAGATCG,1951,873,0,0.0
AGGAGCTCGTCCTACGCAAC,1306,723,0,0.0
AGGAGCTCGTGGATAGGTAA,502,427,0,0.0
AGGAGTTGCGATAGGTTGAG,660,475,0,0.0
AGGAGTTGCGATGTCTGTAA,1398,955,0,0.0
AGGAGTTGCGCTCGGTTGTA,1573,956,0,0.0
AGGAGTTGCGGGTTCGGTAT,1347,879,0,0.0
AGGAGTTGCGTTGCTTATAA,3830,1568,0,0.0
AGGATCATACACAGTGTCCG,3995,2012,0,0.0
AGGATCATACCATATTGCCG,1330,673,0,0.0
AGGATCATACTGGACCTGTG,1224,792,0,0.0
AGGCACGGTAACACAGACTG,695,554,0,0.0
AGGCACGGTATGTTCGTCGT,1549,831,0,0.0
AGGCAGCTGACGAACGTGAA,6945,2507,0,0.0
AGGCAGCTGAGTCGCGTTCA,2977,1475,0,0.0
AGGCAGTCCGACAGGATCAC,749,601,0,0.0
AGGCAGTCCGAGCTACTTGT,1145,604,0,0.0
AGGCAGTCCGCAACTGTGGC,3914,1951,0,0.0
AGGCAGTCCGCGACGGTAAC,4753,2063,0,0.0
AGGCCGGCGTAGCTACTTGT,2141,925,0,0.0
AGGCCGGCGTCAGGTCGATG,1172,771,0,0.0
AGGCCGGCGTTTACGTAACG,2068,1246,0,0.0
AGGCTAGGCGAAGAAGTTAG,3726,1854,0,0.0
AGGCTAGGCGCTAATCACTT,996,636,0,0.0
AGGCTAGGCGGTCGCGAACC,903,678,0,0.0
AGGCTAGGCGGTTGGTAGTG,7146,2951,0,0.0
AGGCTGTGGATGCATTATTA,1650,1028,0,0.0
AGGTACAGACCGACAGTACG,5457,2314,0,0.0
AGGTACAGACCGTATGTCCA,1654,998,0,0.0
AGGTACTACAAGACAAGAAC,1337,925,0,0.0
AGGTACTACAATGTGATTGC,2027,1293,0,0.0
AGGTACTACACGTACCTAAT,512,422,0,0.0
AGGTACTACAGATACGTATA,2744,1297,0,0.0
AGGTACTACAGCTCGTGATC,1337,701,0,0.0
AGGTCGGATTCACACTGCAT,767,609,0,0.0
AGGTCGGATTCAGGCTCAGT,4358,1414,0,0.0
AGGTCGGATTCCGTAAGTGT,740,544,0,0.0
AGGTCGGATTCTAATAGCCT,1118,799,0,0.0
AGGTCGGATTGGCCTTGGAA,1041,681,0,0.0
AGGTCTGTCGACAGACGGCG,2772,1556,0,0.0
AGGTCTGTCGCGTAATTCTT,865,590,0,0.0
AGGTCTGTCGTAAGCCTAGG,1965,1273,0,0.0
AGGTGCCTAACATCGTTGTT,822,591,0,0.0
AGGTGCCTAACCGCCTTGGT,641,494,0,0.0
AGGTTACTGACTCCTGGATA,1690,1151,0,0.0
AGGTTCCGTCCCGATGTAAG,1221,772,0,0.0
AGGTTCCGTCCTTCCTGGCG,706,562,0,0.0
AGGTTCCGTCGTTGGTAGTG,1521,908,0,0.0
AGTACGGACGACGGTATATC,1129,747,0,0.0
AGTACGGACGACGTACATAA,1421,850,0,0.0
AGTACGGACGCCGACGCGGC,1785,1006,0,0.0
AGTACGGACGCTGGCACACA,3610,2029,0,0.0
AGTACGGACGTCTCCTACAG,630,503,0,0.0
AGTATAGCAGCACGGATGAG,6427,2573,0,0.0
AGTATCTAACCCACGTGGCT,1261,788,0,0.0
AGTATCTAACCCAGAGGATG,539,440,0,0.0
AGTATCTAACGCACTAATTC,3326,1694,0,0.0
AGTATCTAACTTGCTGACTA,1662,946,0,0.0
AGTATTACAAGTTAGCACGA,2166,1223,0,0.0
AGTATTACAATGGCCGTCTC,689,499,0,0.0
AGTATTACAATTGTAGCCGA,1051,719,0,0.0
AGTATTATGTTATGTGGTAA,762,561,0,0.0
AGTCACTTACTAAGCATCGC,1602,1029,0,0.0
AGTCACTTACTCAGCGGTGC,2218,1345,0,0.0
AGTCATCTTCACGGTTCGTT,2509,1402,0,0.0
AGTCATCTTCTAGAGCTAGT,2020,1356,0,0.0
AGTCATCTTCTGATGCCAAC,2117,1257,0,0.0
AGTCCTGCCTACGTGATGCT,2545,1372,0,0.0
AGTCCTGCCTGTCAAGTTAC,874,585,0,0.0
AGTCCTGCCTGTGTCATTCC,3844,1698,0,0.0
AGTCTCTGTTTAACTATAGA,1280,852,0,0.0
AGTCTCTGTTTAAGGAGTTA,2740,1406,0,0.0
AGTCTGCGAGAACCAGATAT,727,569,0,0.0
AGTCTGCGAGAGCCTACCAA,1816,1147,0,0.0
AGTCTTACCGCTTGGACCTA,1259,827,0,0.0
AGTGAGGTGGCATCCACGCC,2384,1105,0,0.0
AGTGAGGTGGCTCCTTACAC,701,527,0,0.0
AGTGAGGTGGCTTGTGGCGA,1311,762,0,0.0
AGTGAGGTGGGGCGTCACTG,1284,828,0,0.0
AGTGATTACCCAGGATACTC,1142,689,0,0.0
AGTGATTACCGCGCTCATAC,1396,855,0,0.0
AGTGATTACCTTGCTTATAA,2334,1414,0,0.0
AGTGGATCTCGAACTATCAT,994,721,0,0.0
AGTGGCTCGACGACAGTACG,1474,939,0,0.0
AGTGGCTCGACGCCATTAGG,2330,1182,0,0.0
AGTGGCTCGACTCACGTCAC,1989,1048,0,0.0
AGTGTCACAGGAGTCCACTC,2693,1409,0,0.0
AGTGTGGAGAAATATGAGAG,1321,883,0,0.0
AGTGTGTCTGTTGCCAGTTA,2726,1237,0,0.0
AGTTAATAGAGCCATAGGCA,1876,1024,0,0.0
AGTTAATAGATGCATTATTA,889,669,0,0.0
AGTTAATAGATTATCAAGGA,829,622,0,0.0
AGTTACTTCGATCGGCTGAA,937,651,0,0.0
AGTTACTTCGCCGCAATAAT,2556,1367,0,0.0
AGTTACTTCGCTTAGGCCAA,1995,1189,0,0.0
AGTTCCGCCGAGAGGTGCTA,4656,2023,0,0.0
AGTTCCGCCGCGTTGCATGG,891,595,0,0.0
AGTTCCGCCGGCGGCATAGC,998,553,0,0.0
AGTTCCGCCGGTGCTGTCTT,1815,974,0,0.0
AGTTCCTACCAAGGCAACAT,941,626,0,0.0
AGTTCCTACCACGTACATAA,2120,1273,0,0.0
AGTTCCTACCAGTCAGACAA,1134,764,0,0.0
AGTTCCTACCCCAATAGATC,3373,1647,0,0.0
AGTTCCTACCGGCGTCACTG,972,709,0,0.0
AGTTCCTACCTAAGGACTGC,1288,867,0,0.0
AGTTCCTACCTGCCTAACTT,1250,896,0,0.0
AGTTCCTACCTTGAGTAGAA,2230,1235,0,0.0
AGTTCGCTAGATTACTGAAG,711,554,0,0.0
AGTTCGCTAGCCGTCTCGCT,1335,874,0,0.0
AGTTCGCTAGGAGAACCTAA,1322,306,0,0.0
AGTTCGCTAGTCGGCGCCGA,619,468,0,0.0
ATAACAGTTAGAGTTCTCGC,615,509,0,0.0
ATAACGTCGTCAAGCCGGAG,932,704,0,0.0
ATAACGTCGTTGCTATCCGT,2310,1111,0,0.0
ATAACGTCGTTGTAATTACA,1443,926,0,0.0
ATAAGCTTCCAGTTCCACGT,1629,976,0,0.0
ATAAGCTTCCATCGAGTCCT,3374,1383,0,0.0
ATAAGGATTGCAGGTCGATG,8285,3066,0,0.0
ATAAGTCGCGAATTCTCGAA,1468,948,0,0.0
ATAAGTCGCGGTCTATATCG,1002,719,0,0.0
ATAATCCTATCGGCCACCTG,1065,762,0,0.0
ATAATCCTATCGGTATTGCG,883,621,0,0.0
ATAATCCTATGGCTGTCTTG,840,595,0,0.0
ATAATGAGGTACGATACCAA,13286,4293,0,0.0
ATACAACCTGGATTCTGTCG,4668,2059,0,0.0
ATACAACCTGGTCTTCCTCT,1416,991,0,0.0
ATACAACCTGTCGCTCGCAC,2854,1672,0,0.0
ATACAGGTTAATATGAGACG,8548,3090,0,0.0
ATACAGGTTAGCTAATAACA,1418,844,0,0.0
ATACAGGTTATACTGCGGTG,1168,800,0,0.0
ATACCGAGTTCGACGGTAAC,1509,769,0,0.0
ATACCGAGTTGTAGCACGGC,1395,975,0,0.0
ATACCGAGTTGTCTGTGGAA,1922,1131,0,0.0
ATACCGAGTTGTGATCGAGA,792,623,0,0.0
ATACCGAGTTTCGCTCGCAC,1267,727,0,0.0
ATACCTCGAGAGGTCTCTGT,896,725,0,0.0
ATACCTCGAGCATAGCGTGG,2395,1182,0,0.0
ATACCTCGAGCGTTGAGCAA,606,513,0,0.0
ATACCTCGAGCTGAGATCTT,6587,2720,0,0.0
ATACTGAGAACAGAATGGAT,1260,891,0,0.0
ATACTGAGAACTCAATGACA,1178,504,0,0.0
ATACTGAGAATGAGACCTCC,2000,1044,0,0.0
ATACTGCCGTTCATTACGAG,1656,849,0,0.0
ATACTGGAGGAGCAAGTTGA,1234,856,0,0.0
ATACTGGAGGGGCTAACAGG,991,643,0,0.0
ATAGAGTCACAGTACGTCGC,3500,1451,0,0.0
ATAGAGTCACGCTCTGCATC,513,433,0,0.0
ATAGAGTCACTAAGGACTGC,3742,1776,0,0.0
ATAGAGTCACTTCTGCAACT,875,599,0,0.0
ATAGAGTTGTACCATCACTC,7935,3006,0,0.0
ATAGAGTTGTATACCTATAT,6402,2881,0,0.0
ATAGAGTTGTCACCGTAACT,1131,629,0,0.0
ATAGAGTTGTCGTTGAGCAA,778,567,0,0.0
ATAGAGTTGTGCCGCAAGCG,3223,1809,0,0.0
ATAGCTGCACTGAATTCGGA,5310,1846,0,0.0
ATAGGAGAACAGCCTACCAA,1479,804,0,0.0
ATAGGAGAACCTTGGCTTAT,2339,1189,0,0.0
ATAGGAGAACTTCAGGAGGT,801,585,0,0.0
ATAGGTATAAACCGTACGGT,1032,689,0,0.0
ATAGGTATAACTCACTATGT,2200,1243,0,0.0
ATAGTGATGCGGTGTAGCGG,2242,838,0,0.0
ATAGTTGCTGACAGTGTCCG,8675,3477,0,0.0
ATATAACATCACCGGTGAGA,1021,752,0,0.0
ATATAACATCGCGCACGTCC,833,623,0,0.0
ATATAAGAGAACGACTGTGC,933,667,0,0.0
ATATAAGAGAACGTATGGTA,2102,1268,0,0.0
ATATAAGAGAACTGGTCCGC,3841,1575,0,0.0
ATATAAGAGAAGTGTGCTCT,1069,688,0,0.0
ATATACACGTATACCTATAT,1511,803,0,0.0
ATATACACGTCAACGCGTTG,1507,917,0,0.0
ATATACACGTCGAGTACATC,2160,1282,0,0.0
ATATACACGTGTCGACGAGT,2635,1396,0,0.0
ATATCCTGGTATGTCTGTAA,1273,724,0,0.0
ATATCCTGGTTAATCCGGAT,2385,1097,0,0.0
ATATCCTGGTTTAGCCAGTG,1460,914,0,0.0
ATATCCTGGTTTATCAAGGA,3931,2039,0,0.0
ATATCGGACTACCTGTTGTG,849,632,0,0.0
ATATCGGACTACTCGAACGT,1611,1054,0,0.0
ATATCGGACTAGTTCCACGT,1256,921,0,0.0
ATATCGGACTGGTTAACAAT,2180,924,0,0.0
ATATCTTCAGCACAGCGAGA,941,727,0,0.0
ATATGCGTAAGCGCTAGCAT,1271,883,0,0.0
ATATGCGTAAGGTGTTAATC,1238,655,0,0.0
ATATGCGTAAGTAGGCATGC,1138,803,0,0.0
ATATGCGTAATCCTAAGCGA,898,682,0,0.0
ATATGGACATAGTCAGGTCC,1583,816,0,0.0
ATATGGACATATGAGACAGC,12621,3127,0,0.0
ATATGGACATCCACTGTATT,1364,962,0,0.0
ATATGGCGTACGACTTCGTG,1311,920,0,0.0
ATATTACGCCAATGGCGTGA,845,587,0,0.0
ATATTACGCCCGGTAGTCAT,4811,2308,0,0.0
ATCAACACATGACGATACCG,1312,821,0,0.0
ATCAACACATGGACGTCCAG,5143,1967,0,0.0
ATCAACACATTATTAATCTA,2818,1677,0,0.0
ATCAAGCGGCCAGGTCGATG,2152,1081,0,0.0
ATCAAGCGGCGTCCGAGCCG,1223,776,0,0.0
ATCAAGCGGCTTCGTTCGCG,1645,1073,0,0.0
ATCAATCTCCAAGTTCAGGT,1833,1060,0,0.0
ATCAATCTCCACCTCTGATA,1093,773,0,0.0
ATCAATCTCCCCGACCGTCT,3122,1418,0,0.0
ATCAATCTCCGCACGTCAGT,2087,1167,0,0.0
ATCAATCTCCGCAGGTCCGA,1635,960,0,0.0
ATCAATCTCCTGCGTGCGCT,1477,967,0,0.0
ATCACCATCGACGTTGGTGC,2850,1548,0,0.0
ATCACCATCGCTTAATCGCA,8166,2882,0,0.0
ATCACCATCGTGTATACACG,2189,1263,0,0.0
ATCACCGCCTCTATTGGAAT,2017,1099,0,0.0
ATCACCGCCTTGTACACTAT,1105,810,0,0.0
ATCAGCTGCTCTGCGAGTCT,2077,912,0,0.0
ATCAGCTGCTTTGTAGCCGA,978,706,0,0.0
ATCAGGCAATAGCGTTCGGC,663,474,0,0.0
ATCAGGCAATATTAGTAGGA,578,471,0,0.0
ATCAGGCAATCGGTGGTATG,2158,1295,0,0.0
ATCAGGCAATGAACGGTTGA,4263,2033,0,0.0
ATCAGGCAATGCGTTATTCG,2647,1427,0,0.0
ATCATGTCTCAATTCTCGAA,1986,905,0,0.0
ATCATGTCTCGGACGTCCAG,846,647,0,0.0
ATCATTGATTCGTACTACGT,646,489,0,0.0
ATCATTGATTGACTCTTGGC,1952,1206,0,0.0
ATCCACGCCGCTGTAGTTGT,920,694,0,0.0
ATCCATTGATAACGTCTTGA,3746,1911,0,0.0
ATCCATTGATAAGTTGGCGA,2293,1029,0,0.0
ATCCATTGATATAGCCACGC,680,541,0,0.0
ATCCATTGATATCATACTTA,2089,1088,0,0.0
ATCCATTGATATCGGCTGAA,1667,1051,0,0.0
ATCCATTGATGTCGCGTTCA,1093,792,0,0.0
ATCCATTGATTCTGTTGGAA,1795,952,0,0.0
ATCCGATTCGGAATTCACAA,596,498,0,0.0
ATCCGATTCGTCGATTAGTC,563,450,0,0.0
ATCCGCGCGTATGTACGAAG,660,520,0,0.0
ATCCGCGCGTTGGCTTCTCG,1813,1184,0,0.0
ATCCGCGCGTTTAGTCTTGC,1359,798,0,0.0
ATCCGTCTGCACCGGCCACA,1943,1163,0,0.0
ATCCGTCTGCATCAACTATA,2178,1353,0,0.0
ATCCGTCTGCGAGATTAGTT,1644,1030,0,0.0
ATCCGTCTGCGCGTAGGTCT,4068,2101,0,0.0
ATCCGTCTGCGGACAGGCAG,1250,894,0,0.0
ATCCTACACGAGTACCAGCG,773,606,0,0.0
ATCCTCGTATCCGTAAGTGT,668,538,0,0.0
ATCCTCGTATCCTGGCGGCA,3875,1591,0,0.0
ATCGAGGCAGCCTTAGGCTC,778,580,0,0.0
ATCGAGGCAGGCACCGAATC,631,510,0,0.0
ATCGAGGCAGTCACGGTACA,2275,1398,0,0.0
ATCGAGGCAGTCAGTGGCTA,776,563,0,0.0
ATCGCCTCAGAAGTGTCGCG,18594,4472,0,0.0
ATCGCCTCAGCGTGAACTAC,1470,899,0,0.0
ATCGTAACTTATATGAGACG,1196,659,0,0.0
ATCGTAACTTTGACACCGGC,3816,1786,0,0.0
ATCGTAGACCATCGAGTCCT,753,585,0,0.0
ATCGTAGACCATTCGCGAAC,567,374,0,0.0
ATCGTAGACCCCGAACTAGC,546,382,0,0.0
ATCGTAGACCTCAGGCCTTC,557,460,0,0.0
ATCGTATATAATCTGTGTAC,3178,1753,0,0.0
ATCGTATATACACTTGTAAG,722,494,0,0.0
ATCGTATATACATATGAATT,1382,908,0,0.0
ATCGTATATATTATCAAGGA,2282,1252,0,0.0
ATCGTATTGCATGTGATTGC,1525,923,0,0.0
ATCGTATTGCCACTTATAGA,1208,706,0,0.0
ATCGTATTGCGCGAGTAGCG,2302,1275,0,0.0
ATCGTATTGCTCAGACTCAC,1061,815,0,0.0
ATCGTATTGCTCCTCATGTT,1315,847,0,0.0
ATCGTATTGCTCGAACACAT,3576,1661,0,0.0
ATCGTGTTAAACAGGATCAC,966,581,0,0.0
ATCGTGTTAACCAGCAGACG,4206,2075,0,0.0
ATCGTGTTAATGCCTAACTT,1591,1014,0,0.0
ATCTACGGACAGGTGATGAC,1316,789,0,0.0
ATCTACGGACGGCCTTGGAA,3023,1619,0,0.0
ATCTACGGACTAACAGCGAT,1859,1041,0,0.0
ATCTACGGACTCACATAGAC,1309,924,0,0.0
ATCTACGGACTTCGTTCGCG,770,586,0,0.0
ATCTAGACGATTATCCTACG,1357,632,0,0.0
ATCTCCGACCTTACATCAAG,1680,971,0,0.0
ATCTCCGTGAGGCCTTCCAT,1826,1218,0,0.0
ATCTCCGTGAGTTGATGGTA,859,582,0,0.0
ATCTCCGTGATATGGCTTAG,1652,1040,0,0.0
ATCTCCGTGATCATAAGTCG,2190,1006,0,0.0
ATCTCGTATGCTAGCCGCCA,866,662,0,0.0
ATCTCGTATGCTCTTAAGCC,877,667,0,0.0
ATCTCGTATGCTTGTAGAAG,742,578,0,0.0
ATCTCGTATGGAGTTATCTT,1292,770,0,0.0
ATCTCGTATGTCCTGCTTAG,530,428,0,0.0
ATCTTATGCAATGGACCATA,1279,827,0,0.0
ATCTTATGCAGGCAACGTCG,5589,2567,0,0.0
ATCTTATGCATAGAACACGG,1895,1091,0,0.0
ATCTTCCTTGCACCTTGGAG,871,637,0,0.0
ATCTTCCTTGCCAACTTCAC,816,618,0,0.0
ATCTTCCTTGGTCATGTACG,1058,756,0,0.0
ATCTTCCTTGTCACATAGAC,1238,774,0,0.0
ATCTTCCTTGTGGCTATACC,3279,1771,0,0.0
ATGAGCCTACATACCTATAT,1219,866,0,0.0
ATGAGCCTACCAATCGCGCA,1344,893,0,0.0
ATGAGCCTACCCGCAATAAT,5981,2032,0,0.0
ATGAGCCTACGCGCGTTGCT,1885,915,0,0.0
ATGAGCCTACTGCCATAGCT,3748,1978,0,0.0
ATGAGGAAGTCGAATGTTGC,622,500,0,0.0
ATGAGGAAGTCGGTTGATGT,793,580,0,0.0
ATGAGTGGCTCGCAGACCAG,660,501,0,0.0
ATGAGTGGCTGAGCGCACGC,690,551,0,0.0
ATGAGTGGCTTCATTACGAG,1611,901,0,0.0
ATGAGTGGCTTGGTTGTGTT,1027,742,0,0.0
ATGATATGCCCCGGTCGTAC,576,452,0,0.0
ATGATATGCCGTGGCCTGCT,904,603,0,0.0
ATGATATGCCTCTCTCTAGC,4260,1973,0,0.0
ATGATCAAGCAATCTGTGCT,2596,1393,0,0.0
ATGATCAAGCCCAGTAGCGT,1134,743,0,0.0
ATGATCAAGCGAGGATATTA,944,660,0,0.0
ATGATCAAGCGATCAACGGC,755,547,0,0.0
ATGATCGCACAACGGTAATA,5448,1925,0,0.0
ATGATCGCACTCGCTCGCAC,1108,719,0,0.0
ATGATGACAGGCCGCCACGC,8617,2984,0,0.0
ATGATGTGTTGGACTCGCGT,1408,953,0,0.0
ATGATGTGTTTTGAGGACAT,2069,1354,0,0.0
ATGCAAGTACGTCGGTAAGA,2142,1334,0,0.0
ATGCGTACGGCGTATTGTAA,1112,698,0,0.0
ATGCGTACGGCTCATCGCGC,1783,864,0,0.0
ATGCGTACGGCTCTGCCACG,1873,1052,0,0.0
ATGCGTACGGGGCTTCGTTC,1310,914,0,0.0
ATGCGTATCTGTACACTGCG,951,644,0,0.0
ATGCGTATCTTAACAGCTGA,7329,2511,0,0.0
ATGCTCCGACAAGTAGTAAT,4551,2285,0,0.0
ATGCTCCGACCTAGCCGCCA,709,551,0,0.0
ATGGAACCAACGGTGCCGTG,2858,1630,0,0.0
ATGGCTTCATGACAATTGTC,1278,808,0,0.0
ATGGCTTCATTCATAAGTCG,3394,1782,0,0.0
ATGGTGTGAGAATGGCGTGA,1496,917,0,0.0
ATGGTGTGAGCTACGCCAGC,542,419,0,0.0
ATGGTGTGAGGGTGAGGTCA,1492,941,0,0.0
ATGGTGTGAGTCTTGCTGCT,528,416,0,0.0
ATGTATAGAAATCATCGGAG,1796,907,0,0.0
ATGTATAGAATAACCATCCT,560,416,0,0.0
ATGTCGAGAGAGCACTTAAT,688,348,0,0.0
ATGTCGAGAGCATATAATGG,1008,680,0,0.0
ATGTCGAGAGCTAGTCTGTC,2295,1392,0,0.0
ATGTCGAGAGTCCTGCTTAG,6634,2730,0,0.0
ATGTCTCAACAATTCGAGGT,3993,1934,0,0.0
ATGTCTCAACAGCGAGAACC,882,578,0,0.0
ATGTCTTGTCCAGGAACTTA,2337,1129,0,0.0
ATGTCTTGTCTGGTTAAGGA,1044,753,0,0.0
ATGTGCACTACATATAATGG,8789,2748,0,0.0
ATGTGCACTACTAGCCGCCA,664,512,0,0.0
ATGTTGAACCACGTAATCGA,4738,2206,0,0.0
ATGTTGAACCCAGGACTATC,1388,981,0,0.0
ATGTTGAACCCCACATACGT,1089,766,0,0.0
ATGTTGAACCGCCGAGTTAT,3706,1625,0,0.0
ATGTTGAACCGTAATGCTGA,1171,835,0,0.0
ATGTTGAACCGTTGGTCTAA,1600,966,0,0.0
ATTAACAGTCAGCAGAGCAT,607,503,0,0.0
ATTAACAGTCCAGGTCGATG,1991,1187,0,0.0
ATTAACAGTCTATACCGCAT,6852,2494,0,0.0
ATTAAGGTACCATCCACGCC,972,503,0,0.0
ATTAAGGTACCTGTTCCTAA,1762,1006,0,0.0
ATTAAGGTACGAAGTCTTGT,1809,1011,0,0.0
ATTACCGATCATGCTAACAT,3044,1454,0,0.0
ATTAGAAGATATATCAGCTC,1091,783,0,0.0
ATTAGAAGATTTGCTGACTA,1545,987,0,0.0
ATTAGACATAACACTCTATC,882,686,0,0.0
ATTAGACATACAGTCGATCC,4198,1788,0,0.0
ATTAGACATACCTGGTCGGA,4096,1742,0,0.0
ATTAGACATATCGCATGCGA,3473,1491,0,0.0
ATTAGACATATGGCAAGACA,1236,700,0,0.0
ATTAGTGTCGACTGGTTATC,1431,991,0,0.0
ATTAGTGTCGATGTACACCG,975,678,0,0.0
ATTAGTGTCGCCAGTTAGAT,2132,1218,0,0.0
ATTAGTGTCGCTTGGACCTA,1368,899,0,0.0
ATTAGTGTCGGACGAGAGTG,2761,1449,0,0.0
ATTCAATCCTTCGTTGGTTG,5832,2377,0,0.0
ATTCACGATTGCTCCGATAG,2863,1599,0,0.0
ATTCACGATTTTCGATCGAA,2367,1141,0,0.0
ATTCATAGCGCCTCGCTTAA,3159,1378,0,0.0
ATTCCGTAACTAAGAGGCCT,1602,993,0,0.0
ATTCCTATGAACTTGTGTCT,1543,1037,0,0.0
ATTCCTATGACCGTGCCTTC,2795,1558,0,0.0
ATTCCTATGAGTTATAGGTG,1264,755,0,0.0
ATTCCTTCGGCCAACTTCAC,1309,800,0,0.0
ATTCCTTCGGCTAAGTCTTG,774,613,0,0.0
ATTCCTTCGGGTTACACTTA,1993,1072,0,0.0
ATTCGACCTTGAGTATGGCA,1389,766,0,0.0
ATTCGACCTTGGCACGCGGA,2810,1597,0,0.0
ATTCGACCTTTTCATCTGGA,1151,748,0,0.0
ATTCGGCTACAGCCGTCTCG,1178,732,0,0.0
ATTGAGAGGTAAGCTTATTA,2275,1280,0,0.0
ATTGAGAGGTCACACCTAAC,3495,1752,0,0.0
ATTGAGAGGTCTGAGTGCTG,662,491,0,0.0
ATTGCCAACGATGTGGTTAA,2904,1391,0,0.0
ATTGCCAACGTCCAATATGG,686,541,0,0.0
ATTGCTCGTAATGGTCACGG,1996,1143,0,0.0
ATTGCTCGTACCAAGACACA,6461,2881,0,0.0
ATTGCTCGTACCTCGCAACT,1337,951,0,0.0
ATTGTAGCCTAGAAGGTAAT,1176,801,0,0.0
ATTGTAGCCTGGCCTGGAGA,3179,1580,0,0.0
ATTGTAGCCTTCCACGTTGT,1419,818,0,0.0
ATTGTAGCCTTGCTGCCTTC,1621,783,0,0.0
CAACACCTGTCGCTTGCACG,1740,1095,0,0.0
CAACACCTGTTTCCTGCGAA,506,394,0,0.0
CAACACCTGTTTCCTGTCAT,1767,799,0,0.0
CAACACCTGTTTGCTCGGAA,1966,1176,0,0.0
CAACAGGCTTAATACCTCGT,1169,795,0,0.0
CAACCACGATGCAGCTCGTG,5013,2188,0,0.0
CAACCACGATTTCATTGCGA,867,546,0,0.0
CAACGCGGATCTATTGGAAT,2815,1652,0,0.0
CAACGCGGATTAGACTCCTT,3194,1543,0,0.0
CAACGCGGATTAGCTGAACC,1551,952,0,0.0
CAACTACGGAAGCCTACCAA,706,510,0,0.0
CAACTACGGATAGTGTCATG,2893,1372,0,0.0
CAACTTGCCTACGCGCTGCG,721,552,0,0.0
CAACTTGCCTCTTGTAGAAG,1434,805,0,0.0
CAAGATCGGAATTCTCTTAG,2777,1264,0,0.0
CAAGCATGGAGTAGTACTAC,1006,678,0,0.0
CAAGCCTACTCTCCTTACAC,999,683,0,0.0
CAAGCCTACTGAGTATGGCA,1428,843,0,0.0
CAAGCCTACTTCCTGTGCGC,4979,2125,0,0.0
CAATAAGTCACCTGGCGGCA,788,515,0,0.0
CAATAAGTCATGGTTAAGGA,512,422,0,0.0
CAATAAGTCATGGTTCATAG,4102,1878,0,0.0
CAATACGTACAGTTCCGTGC,700,556,0,0.0
CAATACGTACCAGTGGAGCT,1846,1148,0,0.0
CAATACGTACCCGAGTAACA,2945,1488,0,0.0
CAATAGCTTCAATACCTCGT,789,591,0,0.0
CAATAGCTTCACCGAAGGTC,771,622,0,0.0
CAATAGCTTCAGCAGTGGTA,653,432,0,0.0
CAATAGCTTCAGTCGCGCGC,591,445,0,0.0
CAATAGCTTCCAAGAAGAGT,2118,1097,0,0.0
CAATAGCTTCCCGATGTAAG,1423,925,0,0.0
CAATAGCTTCCTACGATCAG,1444,801,0,0.0
CAATAGCTTCGAATGATATA,3795,1650,0,0.0
CAATAGCTTCGATTCACTGG,1286,893,0,0.0
CAATAGCTTCGCGCTCATAC,636,503,0,0.0
CAATAGCTTCTCCTCATGTT,2612,1480,0,0.0
CAATGCGCCACGTTGCTACG,1104,711,0,0.0
CAATGCGCCAGAACCTGCCA,2921,1615,0,0.0
CAATGCGCCAGCCGCCACGC,636,525,0,0.0
CAATGCGCCATTACTTAGAG,1113,725,0,0.0
CAATGGCCTACAAGTGCGGT,3851,1787,0,0.0
CAATGGCCTACTAGTTGTAG,2053,1251,0,0.0
CAATGGTCGGCAGAAGTGCA,4265,1823,0,0.0
CAATGGTCGGGACGAGTTCC,2230,1249,0,0.0
CAATGTATCTCCAGAGGATG,579,474,0,0.0
CAATGTATCTTTAATACCAA,3036,1755,0,0.0
CAATTGGATGACCGTACGGT,4423,1447,0,0.0
CAATTGGATGTCATGACAGC,1187,875,0,0.0
CACACATCTCAACAGTCAAG,1110,807,0,0.0
CACACATCTCCACTATAAGA,2373,1372,0,0.0
CACACATCTCCTAAGTCCAT,742,557,0,0.0
CACACATCTCGCAGAGCGAG,1452,978,0,0.0
CACACCTTCGCAGCGATGTC,529,443,0,0.0
CACACCTTCGTCAACAGGTA,5929,2513,0,0.0
CACACCTTCGTTCCTGTCAT,1244,769,0,0.0
CACACTTGTAACCGCGCAAG,1059,735,0,0.0
CACACTTGTAATTCCACGGT,5193,1822,0,0.0
CACAGACGGCTATAATCCGG,6816,3027,0,0.0
CACAGTTGCTAGTACTCGGA,1605,1064,0,0.0
CACAGTTGCTCCGAGTAACA,1748,1097,0,0.0
CACAGTTGCTCGCACGAATT,518,413,0,0.0
CACATACACCATAGATTGCT,1972,1156,0,0.0
CACATACACCCCGTACTTCC,586,491,0,0.0
CACATACACCGATCACAGTT,2088,907,0,0.0
CACATACACCTACACCGATA,2172,1156,0,0.0
CACATAGCCAAAGCACCGAT,9656,2666,0,0.0
CACATAGCCACATAGCGTGG,1988,1134,0,0.0
CACATAGCCATCGATCTCTG,1403,847,0,0.0
CACATAGCCATGAGGATCAT,4239,1667,0,0.0
CACATGACAGACGTGATGCT,33608,7468,0,0.0
CACATGACAGATCATCAACA,1078,689,0,0.0
CACATTACCTCGCTGTCCAA,2271,1224,0,0.0
CACATTACCTTGATGAACGG,576,426,0,0.0
CACCACACCTAAGGACAAGG,3615,1536,0,0.0
CACCACACCTTAGACTCCTT,944,709,0,0.0
CACCACACCTTAGCTGAACC,14934,4036,0,0.0
CACCATCATTACAGTCTGAG,4554,2109,0,0.0
CACCATCATTCTGCGTTACA,657,534,0,0.0
CACCATCATTTTCCTATTCC,633,511,0,0.0
CACCATGGCCGTATAAGGTC,1151,797,0,0.0
CACCATGGCCGTCTATCACC,1306,857,0,0.0
CACCATGGCCTCAGACTCAC,2773,1502,0,0.0
CACCGAACGTCCTGTACTGG,1555,780,0,0.0
CACCGAACGTTGAGGATCAT,3184,1624,0,0.0
CACCTGTGCGATCACGGTGG,1056,736,0,0.0
CACCTGTGCGCGGTAGGTGC,2645,1326,0,0.0
CACCTGTGCGGTCTGATACG,1455,896,0,0.0
CACGAATGTTGGCCTTCCAT,11021,3510,0,0.0
CACGAATGTTGTCGCGAACC,4918,2184,0,0.0
CACGAATGTTTGAGACCGTA,5193,2467,0,0.0
CACGAATGTTTGATGCCAAC,1518,1031,0,0.0
CACGAATGTTTGGCCATGGT,2755,979,0,0.0
CACGCCGGCCAGTGTATATT,627,494,0,0.0
CACGCCGGCCTTCTCTATGA,855,636,0,0.0
CACGGACCACAGACTCCTTC,1118,794,0,0.0
CACGGACCACGGACTTCATC,964,740,0,0.0
CACGGACCACTCATACTCTG,1316,798,0,0.0
CACGGTGACCAACTACAATT,618,398,0,0.0
CACGTAGGTGCGGAAGGTTG,1254,826,0,0.0
CACGTCAGGATCGAACACAT,4501,2112,0,0.0
CACTAACATAAACACCAGAC,1770,1124,0,0.0
CACTCACTAGGCAACGGAGC,4897,1910,0,0.0
CACTCACTAGGCCTGCGCAT,1261,913,0,0.0
CACTCACTAGTGCTCCAGTT,1821,1181,0,0.0
CACTCGAGTGAGCCTTATAT,2310,1343,0,0.0
CACTCGAGTGGCTCTCACAG,510,413,0,0.0
CACTCGTTCTGGCCTGGAGA,15857,4369,0,0.0
CACTGGCCGCCTTACACTAC,1081,692,0,0.0
CACTTCCTGTCAGGCTCAGT,914,711,0,0.0
CACTTCCTGTTGGTTCATAG,7017,2844,0,0.0
CACTTGATGACGAATGTACT,4198,1918,0,0.0
CACTTGATGAGTCTGATTAT,6443,2351,0,0.0
CACTTGATGATGAGACCTCC,3828,1859,0,0.0
CAGAACTCTTCAAGAAGAGT,2887,1497,0,0.0
CAGAACTCTTCACTATAAGA,831,621,0,0.0
CAGAACTCTTTCTTGTTAGG,1274,787,0,0.0
CAGACCAGCCGTACGAGTTC,6525,2597,0,0.0
CAGACGCCATACATCGACGT,1222,781,0,0.0
CAGACGCCATATGTACCGTG,1408,897,0,0.0
CAGACGCCATCTCACGTCAC,886,585,0,0.0
CAGACGCCATTATAGAGTTC,937,719,0,0.0
CAGACGCCATTCTTGCTGCT,2178,1281,0,0.0
CAGACTGATGCTTAGTAGTC,1023,696,0,0.0
CAGAGCCGAAAAGTCCACGA,1344,908,0,0.0
CAGAGCCGAAGTGTGTCAGC,1292,962,0,0.0
CAGAGGTCACGGTCGCTCTG,3622,1760,0,0.0
CAGAGGTCACGTATTAAGCG,855,631,0,0.0
CAGATATAGCACCTGTTGTG,608,513,0,0.0
CAGATATAGCGTCAAGTTAC,953,569,0,0.0
CAGATATAGCTAGGCTGATT,1856,761,0,0.0
CAGATATAGCTCACAGTCCG,1319,915,0,0.0
CAGATCTATATCTCAGAACC,2336,1317,0,0.0
CAGCAGCGGTACCGGTGAGA,1975,1028,0,0.0
CAGCAGCGGTGGCGGCGATA,1371,908,0,0.0
CAGCAGCGGTTGGAATGAAC,1796,1134,0,0.0
CAGCAGTATACCTGATGCAT,11245,3132,0,0.0
CAGCAGTATAGTAGATATAT,1324,870,0,0.0
CAGCAGTATATAATCCGGAT,853,662,0,0.0
CAGCATCGAAACAACCGGAT,2047,1009,0,0.0
CAGCATCGAAATAGCCACGC,1728,923,0,0.0
CAGCATCGAACGGTAGTCAT,5109,2412,0,0.0
CAGCATCGAAGACCACTATT,645,488,0,0.0
CAGCATCGAATGACGCAACT,2855,1630,0,0.0
CAGCCTATACAACATTACGG,520,384,0,0.0
CAGCCTATACACGCCTCCGA,859,592,0,0.0
CAGCCTATACATCACGGTGG,5456,2134,0,0.0
CAGCCTATACCGGTAGTCAT,3542,1678,0,0.0
CAGCCTATACGTAATGCTGA,1772,1029,0,0.0
CAGCCTATACGTTGAGGTTG,1048,572,0,0.0
CAGCCTATACTACCAGCCAA,2094,1243,0,0.0
CAGCCTCGCGTTACGTAACG,2386,1365,0,0.0
CAGCGTGCAACACCTCCAGA,503,419,0,0.0
CAGCGTGCAACGTGCACGGA,5950,2481,0,0.0
CAGCTATGATCGCATATGTT,1370,833,0,0.0
CAGCTGTTGTTTCATTGCGA,4801,2257,0,0.0
CAGGACAACTAAGAGAGCGG,1119,771,0,0.0
CAGGACAACTGACCTGTGAT,1408,897,0,0.0
CAGGACAACTGGCTTCGTTC,2698,1383,0,0.0
CAGGACCGAGAAGAGGAGAT,722,521,0,0.0
CAGGACCGAGACGTTGGTGC,3538,1721,0,0.0
CAGGACCGAGCTTAGTTCGA,749,577,0,0.0
CAGGACCGAGTGATCACGTC,627,501,0,0.0
CAGGACGCACAAGAGAGCGG,5335,2075,0,0.0
CAGGACGCACACGGACGCCT,1180,619,0,0.0
CAGGACGCACATGGTCACGG,647,511,0,0.0
CAGGACGCACCATGTCAGCT,580,463,0,0.0
CAGGACGCACGAACTACAAC,2631,1231,0,0.0
CAGGATGCCACGCAGTAGAT,2095,1112,0,0.0
CAGGATGCCAGTCGTCAAGC,698,543,0,0.0
CAGGTCAGTCCATTAACCGC,3383,1793,0,0.0
CAGGTCAGTCCCTCGAAGAT,1020,761,0,0.0
CAGGTCAGTCTCTGTATGTT,1359,920,0,0.0
CAGGTGTCGACTTAGTAGTC,4787,1939,0,0.0
CAGGTGTCGATACCGTATAT,576,437,0,0.0
CAGGTGTCGATCAGGCCTTC,1351,917,0,0.0
CAGGTGTCGATCTGCAGCGT,9098,2988,0,0.0
CAGTAGCTCACCTCATCGTG,1395,906,0,0.0
CAGTAGCTCAGAGAACCTAA,905,704,0,0.0
CAGTCAACGTAATGGCGTGA,2063,1170,0,0.0
CAGTCAACGTAGTATGCCAT,7422,2902,0,0.0
CAGTCAACGTCGCCAGAGTG,708,484,0,0.0
CAGTCAACGTGATGGCAATG,646,339,0,0.0
CAGTCAACGTGCCGACTCTT,2974,1904,0,0.0
CAGTCAACGTGTATTAAGCG,8590,3411,0,0.0
CAGTCAACGTGTCACATTGT,4603,1788,0,0.0
CAGTCAACGTTATGTGGTAA,2282,945,0,0.0
CAGTCAACGTTGCCTCAATG,1490,890,0,0.0
CAGTCACCTCCCGATGTAAG,2693,1233,0,0.0
CAGTCACCTCTATGCCGATG,963,681,0,0.0
CAGTGCGGACAGTGTGCTCT,5365,1855,0,0.0
CAGTGCGGACTCTCTCGGCG,1149,814,0,0.0
CAGTGCGGACTGCACCACAG,829,578,0,0.0
CAGTGTGTCAATGCTTGGTT,1158,757,0,0.0
CAGTGTGTCACAAGTCTAGA,2742,1277,0,0.0
CAGTGTGTCACTATGGCAAG,2786,1509,0,0.0
CATAATACTGCCAAGTTAGC,1586,779,0,0.0
CATAATACTGCTTATGTAGT,3234,1712,0,0.0
CATACCTAGACTTGGCACTT,6892,2594,0,0.0
CATAGATGGTCTTGTAGAAG,551,430,0,0.0
CATAGGTACTATCATCGGAG,1952,1299,0,0.0
CATAGGTACTCGTATGTCCA,952,670,0,0.0
CATAGGTACTTTAACGGTCT,1296,855,0,0.0
CATCAAGGACCTCCGGCCGA,1444,972,0,0.0
CATCAAGGACTAGTGGCCGT,9896,3075,0,0.0
CATCACTGCGACAGGTTGGT,1841,1111,0,0.0
CATCACTGCGGCCACGGTCT,744,441,0,0.0
CATCACTGCGGTATTCCAGG,2526,1117,0,0.0
CATCATGTCGATCGAGTCCT,1326,842,0,0.0
CATCATGTCGCCTTCGCGTC,2495,1433,0,0.0
CATCATGTCGTCTGGATACA,1017,698,0,0.0
CATCATGTCGTTCGCCGGCT,1203,823,0,0.0
CATCGAATGCACCTGGACAA,5751,2514,0,0.0
CATCGAATGCTGTTCGTCGT,1249,846,0,0.0
CATCTGCCGAACGGACGCCT,4780,2023,0,0.0
CATCTGCCGAATAGAGCGTC,573,407,0,0.0
CATCTGCCGAGAGATGAATC,3116,1008,0,0.0
CATCTGGAGGCATAATCGTC,2076,992,0,0.0
CATGAAGTGAAACAGTCAAG,1004,560,0,0.0
CATGAAGTGACGCAGATCTA,1927,1230,0,0.0
CATGAAGTGAGCTATAGTAT,2730,1423,0,0.0
CATGCGTCCGAAGTGAACTG,786,410,0,0.0
CATGCGTCCGGTCAAGTTAC,2959,1790,0,0.0
CATGCGTCCGTAGCTGAACC,706,557,0,0.0
CATGCGTCCGTATAACATGA,9663,3112,0,0.0
CATGCGTCCGTTCGTACGTA,846,618,0,0.0
CATGGAGATGCGTTGCTACG,1625,949,0,0.0
CATGGTCTACGGCTCGTAGA,838,585,0,0.0
CATGGTCTACTTAATGATCC,1330,839,0,0.0
CATGTGCCATAAGTACATTC,4896,2302,0,0.0
CATGTGCCATAGAGCTCGCC,729,551,0,0.0
CATGTGCCATCGGCGCTGCT,1039,753,0,0.0
CATGTGCCATGAGTATGGCA,2122,1210,0,0.0
CATGTGTACCAGGCATACCA,3219,1750,0,0.0
CATGTGTACCGCGAAGATAG,1291,792,0,0.0
CATGTGTACCTCCAAGCGGT,1544,1003,0,0.0
CATGTGTACCTGATGAACGG,11095,3502,0,0.0
CATTCTCTCCACACATCCTC,1789,856,0,0.0
CATTCTCTCCAGTACCAGCG,2484,1237,0,0.0
CATTCTCTCCCATATTGCCG,893,688,0,0.0
CATTGTGTATAATCTCGTCT,586,442,0,0.0
CCAACAGTGGGCTAACTATT,1393,772,0,0.0
CCAATATGAAACCTCGCAGA,911,657,0,0.0
CCAATATGAAACCTCTGATA,2877,1533,0,0.0
CCAATCAGTCACTGAACGCC,747,590,0,0.0
CCAATCAGTCGGTGTAGCGG,1579,920,0,0.0
CCAATCAGTCTGATGAACGG,892,679,0,0.0
CCACAGCGTTATGCTTATGC,2750,1514,0,0.0
CCACAGCGTTCACATGCTGG,539,452,0,0.0
CCACAGCGTTCTCTCCTTAA,3224,1686,0,0.0
CCACGACAAGCCGCCATCAC,1170,761,0,0.0
CCACGACAAGCCGTGCCGCA,2147,1335,0,0.0
CCACGACAAGGCCGCCATCA,8529,2864,0,0.0
CCACGACAAGGCCGCCGTGT,2816,1643,0,0.0
CCACGACAAGGCCTCTCGCG,1291,958,0,0.0
CCACGACAAGGTTGGTAGTG,3361,1790,0,0.0
CCACGACAAGTACACCGATA,1419,894,0,0.0
CCACTAGTCTATACGCGATA,777,621,0,0.0
CCACTAGTCTCCAGTTAGAT,504,427,0,0.0
CCACTAGTCTCGTGCACGGA,650,447,0,0.0
CCACTAGTCTGCACGACGTA,1813,1016,0,0.0
CCACTAGTCTGGTGTTAATC,1855,1163,0,0.0
CCACTCAAGTATACATTATC,1607,807,0,0.0
CCACTCAAGTGGAATGATCT,677,419,0,0.0
CCACTCAAGTTTGGTCCAGC,2511,1547,0,0.0
CCACTCACCAAATGACGGCC,2889,1264,0,0.0
CCAGCGCGGATGTGGAATGA,684,523,0,0.0
CCAGCGTCCAAGACTCCTTC,1172,878,0,0.0
CCAGCGTCCAGACACGCTCA,1635,1129,0,0.0
CCAGGACTATAATATCCGCG,535,444,0,0.0
CCAGGACTATACAGGTTCCA,1080,786,0,0.0
CCAGGACTATACGACCTTCG,2584,1147,0,0.0
CCAGGACTATCAACCGATGT,1386,939,0,0.0
CCAGTAGGAGGTTGATGGTA,853,655,0,0.0
CCATACAGCTACACTCTATC,1684,1151,0,0.0
CCATCAGAATGAGTATGGCA,4513,1961,0,0.0
CCATCGAACCCCAATCGGCA,1341,820,0,0.0
CCATCGAACCCGACTCTGAG,736,601,0,0.0
CCATCGAACCGTCTATATCG,1278,836,0,0.0
CCATCGAACCGTGGTACAGG,3525,1642,0,0.0
CCATCGAACCTAGAGCTAGT,2623,1679,0,0.0
CCATCGGCGAATCTGTAGTA,1692,1141,0,0.0
CCATCGGCGAATGGTTGGAA,878,663,0,0.0
CCATCGGCGAGAGCCGGATT,969,545,0,0.0
CCATCGGCGATCTGAGCCAC,6093,2492,0,0.0
CCATCGTAAGCGAATCTCCG,854,560,0,0.0
CCATCGTAAGCTCATCGCGC,698,537,0,0.0
CCATCGTAAGTTATCCTACG,1246,816,0,0.0
CCATCTGTCGAGACTCCTTC,633,469,0,0.0
CCATCTGTCGAGCGAGAACC,3925,1814,0,0.0
CCATCTGTCGATGTGGTTAA,1990,960,0,0.0
CCATCTGTCGGAGTCCACTC,1075,799,0,0.0
CCATCTGTCGGCGCTCATAC,1964,1213,0,0.0
CCATCTGTCGGTAGAGATCC,623,466,0,0.0
CCATGAGGCCACGGCCGAGG,870,591,0,0.0
CCATGAGGCCAGGCTCGCCT,1288,735,0,0.0
CCATGAGGCCGCGCTAGCAT,1826,1212,0,0.0
CCATGAGGCCTCATCTGAGC,3648,1634,0,0.0
CCATGTGGTACGATGTGCTT,1139,802,0,0.0
CCATGTGGTAGCTTGTCACT,616,474,0,0.0
CCATGTGGTAGGCTAACAGG,745,514,0,0.0
CCATGTGGTATTCACACACA,525,432,0,0.0
CCATTGCTGCCCTATTGGAC,1006,721,0,0.0
CCATTGCTGCGGACTCTAAC,2702,1411,0,0.0
CCATTGCTGCGGTTACTGAG,532,422,0,0.0
CCGAAGCTGAACGGTTCGTT,1046,726,0,0.0
CCGAAGCTGAATGCAGATCC,2713,1356,0,0.0
CCGAAGCTGACCACATACGT,2660,1154,0,0.0
CCGAAGCTGACTGTAGTTGT,2258,1413,0,0.0
CCGAAGCTGATGATTAGCTG,1263,887,0,0.0
CCGAATTACTCTCTGTCGCA,1215,777,0,0.0
CCGAGAGTTGGAATTGTTAA,832,471,0,0.0
CCGCAGGACAATGTACACCG,7504,2508,0,0.0
CCGCAGGACAGTCTCCGGTT,9100,2984,0,0.0
CCGCAGGACATCTTCCGGAA,7034,2760,0,0.0
CCGCAGGACATGTATACACG,2698,1477,0,0.0
CCGCAGGACATTGCCACTCC,3470,1593,0,0.0
CCGCAGTGCGTGGCAAGACA,3950,1592,0,0.0
CCGCCAATCGCGCAGTAGAT,1507,958,0,0.0
CCGCCAATCGGCGATCGGCG,2528,1428,0,0.0
CCGCCTCCTTAACGATGCGC,1036,773,0,0.0
CCGCCTCCTTATAGGTTGAG,5184,2115,0,0.0
CCGCCTCCTTCGGACGTCCG,2884,1588,0,0.0
CCGCGGCTACAGTACGTCGC,634,489,0,0.0
CCGCGGCTACATTACCAGAA,1450,924,0,0.0
CCGCGGCTACGAGAACCTAA,880,657,0,0.0
CCGCGGCTACTCTCGCAAGA,636,484,0,0.0
CCGCTTGATAAATGCGGCAT,819,609,0,0.0
CCGCTTGATAAGACGGATGT,1468,956,0,0.0
CCGCTTGATATCATTACGAG,2281,1114,0,0.0
CCGGCCTTAGATGACATCTC,26247,5440,0,0.0
CCGGCCTTAGGACGCGCCAC,3846,2100,0,0.0
CCGGCCTTAGGCACTAATTC,1335,758,0,0.0
CCGGCCTTAGTGCTAGTTGG,1848,1072,0,0.0
CCGGCCTTAGTGTTCGTCGT,1522,1000,0,0.0
CCGGCGAAGGCCTCGCTTAA,1235,891,0,0.0
CCGGCGAAGGCTTGGACCTA,1824,1213,0,0.0
CCGGCGAAGGTTGCTAGCTT,877,675,0,0.0
CCGGTACATTATTCCACGGT,1690,966,0,0.0
CCGGTACATTGACATGGTTA,1810,1079,0,0.0
CCGGTGTGCCTGGCTATACC,4685,1958,0,0.0
CCGGTTCTTAATCGTTACCG,2885,1524,0,0.0
CCGGTTCTTACACGAGAAGT,1664,999,0,0.0
CCGGTTCTTACTTCCTCCTG,1945,1064,0,0.0
CCGGTTCTTAGAAGCTCATA,3090,1428,0,0.0
CCGTGCTCGCAGAACTGTGT,697,551,0,0.0
CCGTGCTCGCTGAACAGGCT,2790,1416,0,0.0
CCGTGGAAGACTCGAGTATA,1119,651,0,0.0
CCGTGGAAGATGGCCGTCTC,2726,1408,0,0.0
CCGTGTGCCGACGAGCGAGC,1628,960,0,0.0
CCGTGTGCCGATCGGCTGAA,1717,992,0,0.0
CCGTGTGCCGATGCACGCAT,778,502,0,0.0
CCGTGTGCCGCCTCGCTTAA,836,562,0,0.0
CCGTGTGCCGTCGAACACAT,2437,1373,0,0.0
CCGTTAGTTCGCGTGACTTG,15460,4434,0,0.0
CCGTTAGTTCGTAAGATTAG,851,606,0,0.0
CCGTTGGAGGACCTGTTGTG,1177,751,0,0.0
CCTACACGGTCAGAAGTGCA,656,495,0,0.0
CCTACACGGTGCGAGTAGCG,2109,1291,0,0.0
CCTACACGGTGCGCCAATAT,13937,4492,0,0.0
CCTACACGGTGGCGCGAATA,1938,1284,0,0.0
CCTACTCTTGACATGGAAGC,2098,1225,0,0.0
CCTACTCTTGCTAGCATAAG,3051,1431,0,0.0
CCTACTCTTGGCGCGTTGCT,1905,1130,0,0.0
CCTACTCTTGGGAGTTAAGG,745,611,0,0.0
CCTAGCCTATCTATGCTTCG,1911,872,0,0.0
CCTAGCCTATGAGTATGGCA,4766,1918,0,0.0
CCTAGCCTATGCCGTTAGTT,1330,888,0,0.0
CCTAGGAGCGTGGAGGCAAT,948,643,0,0.0
CCTAGGTCATATTGTAATGT,1956,1198,0,0.0
CCTAGGTCATGGCGCGACGT,606,469,0,0.0
CCTAGTTCTCCAACTAGATT,2976,1507,0,0.0
CCTAGTTCTCTGTAGCTTCA,1917,1063,0,0.0
CCTCAGATATATTAGTAGGA,553,428,0,0.0
CCTCAGATATCACCTACCGC,1604,800,0,0.0
CCTCCTGCGTAGGCTGAACG,672,374,0,0.0
CCTCCTGCGTGAAGAACATT,526,432,0,0.0
CCTCGTCACAATAGAGACTA,1406,882,0,0.0
CCTCGTCACATTACTTCGGC,872,674,0,0.0
CCTCTCCTGAACCGAAGGTC,3610,1870,0,0.0
CCTCTCTAAGGACCTGTGAT,3466,1578,0,0.0
CCTCTCTAAGGCACTGAGGA,646,524,0,0.0
CCTCTCTAAGGCCAGCGGAA,896,564,0,0.0
CCTCTCTAAGGGAATGATCT,574,456,0,0.0
CCTGATCCTCATGAGTTCAC,703,431,0,0.0
CCTGATCCTCATTAAGACTG,592,485,0,0.0
CCTGATCCTCGAGCCGGATT,1041,607,0,0.0
CCTGATCCTCGCCGCCATCA,9868,3472,0,0.0
CCTGATCCTCTGTTCGCACT,752,589,0,0.0
CCTGCCTCCTTATGTGGTAA,808,553,0,0.0
CCTGCCTCCTTCTACTTAAC,575,466,0,0.0
CCTGCCTCCTTGAATTCGGA,1712,1058,0,0.0
CCTGGAGACCACCATACGAG,740,508,0,0.0
CCTTACACCAATCAACTATA,2002,1369,0,0.0
CCTTACACCATCGATTAGTC,1158,667,0,0.0
CCTTAGCGCTAGGCTGAACG,2195,1396,0,0.0
CCTTAGTTCGGGACATTCGG,6388,1972,0,0.0
CCTTCATGAGCTGAGATCTT,2346,1181,0,0.0
CCTTGAGATTATATTGCTAA,563,452,0,0.0
CCTTGAGATTCGGCCTGACG,1578,979,0,0.0
CCTTGCAGTTACGCGTCAAT,837,632,0,0.0
CCTTGCAGTTCCTACGTAGG,655,510,0,0.0
CCTTGCAGTTGAACTAGGCT,10700,3768,0,0.0
CCTTGGATTGGCCGCCGTGT,3204,1431,0,0.0
CCTTGGATTGGCTCAAGTTC,2274,1246,0,0.0
CCTTGGATTGTATAGTGTCT,2738,1169,0,0.0
CGAAGCGATCAGTCCTCGCG,6095,2374,0,0.0
CGAAGCGATCGGACGTCCAG,1182,853,0,0.0
CGAATAGTCCATGTGATTGC,509,439,0,0.0
CGAATAGTCCGTACACTGCG,3398,1595,0,0.0
CGAATCCTCAAAGCAATTGG,2331,1320,0,0.0
CGACAAGTGACTCATCGCGC,1311,899,0,0.0
CGACAAGTGAGATACGACTC,876,682,0,0.0
CGACCATATCCTATTGGAAT,661,425,0,0.0
CGACGAGCATTCCTTACATA,1176,839,0,0.0
CGACGCACGTGCCGCCATCA,786,622,0,0.0
CGACGTCGGAGTCTATATCG,1940,1021,0,0.0
CGACGTCGGAGTTCAATTCC,4750,2196,0,0.0
CGACGTTCTACGCAGTAGAT,3549,1444,0,0.0
CGAGAATCTTAATCTCGTCT,1705,907,0,0.0
CGAGAATCTTGGCTTGCGAA,788,620,0,0.0
CGAGAATCTTTCGCTTACCG,1328,752,0,0.0
CGAGATATTGACTTGTGTCT,1201,772,0,0.0
CGAGATATTGGGCATTCTAA,2274,1381,0,0.0
CGAGATATTGGTGGTAGTAT,3704,2016,0,0.0
CGAGCAATAAACGATAATCA,1657,1002,0,0.0
CGAGCAATAAAGTCGCGCGC,4321,2049,0,0.0
CGAGCCAGTACGGTGGTATG,556,446,0,0.0
CGAGCCAGTACTCTCCACCA,1586,787,0,0.0
CGAGCCAGTAGGCTGTCTTG,3989,1824,0,0.0
CGAGCGATTCGCGGCTGGTT,3394,1407,0,0.0
CGAGCTTAACATTCTGGCTG,690,506,0,0.0
CGAGCTTAACGGTCATTACG,1444,878,0,0.0
CGAGGTGGAGGTAAGATTAG,987,662,0,0.0
CGAGGTGGAGGTAAGGCGGT,841,636,0,0.0
CGAGGTGGAGGTTGATGGTA,670,526,0,0.0
CGAGTAGAGACTCCTTACAC,2425,1257,0,0.0
CGAGTTCTCGCTTCGCAATA,545,432,0,0.0
CGAGTTCTCGGTCGATTCGT,1255,782,0,0.0
CGATAGGCACACCGGCCACA,558,469,0,0.0
CGATAGGCACCTGTACTGTA,1322,848,0,0.0
CGATAGGCACGCAGGTCCGA,1660,1024,0,0.0
CGATATCCGCGAACTCATCT,2890,1438,0,0.0
CGATATCCGCTCATTACGAG,2792,1481,0,0.0
CGATCCAATCCACGCGCACC,595,482,0,0.0
CGATCCGTTGTCGGATCCTA,688,517,0,0.0
CGATCGCTAACTAATTATTC,4319,2244,0,0.0
CGATGTACGATGAACAGGCT,1713,954,0,0.0
CGATTAGGACCTCCTCAATT,2740,1415,0,0.0
CGCAACATCAATGTACACCG,1962,1092,0,0.0
CGCAAGCCGGCGGCACCTTC,1648,1071,0,0.0
CGCAAGCGTAAAGAGGAGAT,854,630,0,0.0
CGCAAGCGTACGGCGCTGCT,875,476,0,0.0
CGCAAGCGTAGTCGCGAACC,1558,1000,0,0.0
CGCAAGCGTAGTTCAATTCC,559,464,0,0.0
CGCACTACACATCTGCAGAG,689,508,0,0.0
CGCACTACACATTCCACTTC,1378,725,0,0.0
CGCAGTCCTTACCTGCCTAT,549,389,0,0.0
CGCAGTCCTTTTCTCTTGGT,1289,666,0,0.0
CGCATCTTAAACGCGCTGCG,9033,3384,0,0.0
CGCATCTTAAAGCAAGTTGA,1234,859,0,0.0
CGCATCTTAAGGCCTTCCAT,2331,1215,0,0.0
CGCCAGAAGAGGTTGCACTC,3477,1460,0,0.0
CGCCAGAAGATTGATTGGAT,713,556,0,0.0
CGCCTCTACGTGTCCTAGCA,1062,728,0,0.0
CGCCTTGGTCGAGATTAGTT,1164,875,0,0.0
CGCCTTGGTCGGTCCGGACC,7191,2430,0,0.0
CGCGAATTGAACCGTGAGAG,1719,1116,0,0.0
CGCGAATTGAATATCGTCCA,1548,947,0,0.0
CGCGAATTGACCTGTACTGG,1520,893,0,0.0
CGCGAATTGAGCACCGAATC,3031,1560,0,0.0
CGCGAATTGATGGCTCAGCA,1706,823,0,0.0
CGCGCACAATAAGGCAACAT,3576,1704,0,0.0
CGCGCACAATATGACACTGG,1738,1060,0,0.0
CGCGCACAATCCACTGTATT,1955,1205,0,0.0
CGCGCACAATGAATGCTAGC,952,697,0,0.0
CGCGGCGCAAAACGTCTTGA,789,588,0,0.0
CGCGTGATGGATCAACTATA,1902,1181,0,0.0
CGCGTGATGGCAGCTAACAC,686,553,0,0.0
CGCGTGATGGGAGTATGGCA,3965,1989,0,0.0
CGCTCCATCTTCCGGTTGAC,8661,3235,0,0.0
CGCTGCAAGTCAAGAAGAGT,525,449,0,0.0
CGCTGCAAGTCCGCCTTGGT,2764,1464,0,0.0
CGCTTAGGTAGCAAGGCTCT,1132,721,0,0.0
CGCTTCGACAAGACGGATGT,2191,1392,0,0.0
CGCTTCGACACTGGCACACA,1757,965,0,0.0
CGCTTCGACAGCATGTGCAG,693,512,0,0.0
CGGAATAATGACGATACCAA,1310,922,0,0.0
CGGAATAATGCACTTACCAA,547,447,0,0.0
CGGAATAATGCAGTGGAGCT,3403,1885,0,0.0
CGGACAGGCCAGAGAACGGA,6024,1932,0,0.0
CGGACAGGCCGTGATCGAGA,6349,2728,0,0.0
CGGACAGGCCTATGGAAGCT,4130,1259,0,0.0
CGGACAGGCCTGATCACGTC,1331,709,0,0.0
CGGACTTAGTAACCTTCAGC,9312,2969,0,0.0
CGGACTTAGTAGGACACTCC,1802,1122,0,0.0
CGGACTTAGTTCAGACTCAC,1600,1066,0,0.0
CGGAGAACGTGTCAAGGTCA,2023,1223,0,0.0
CGGAGACATTTGAACAGAAG,1278,858,0,0.0
CGGATACGCGCAATCGCGCA,2773,1459,0,0.0
CGGATGTGATCAAGTCTAGA,1365,886,0,0.0
CGGCAATCAACGGTTCGTAT,3107,1424,0,0.0
CGGCACGTCGACCGGCCACA,2067,1435,0,0.0
CGGCAGATTAGACAACCACC,2751,1503,0,0.0
CGGCAGATTATAACTGATGG,8991,3162,0,0.0
CGGCAGATTATTAATACCAA,775,519,0,0.0
CGGCAGCCACCGAACCGCAA,5381,2208,0,0.0
CGGCAGCCACCGTCGTATTG,918,607,0,0.0
CGGCAGCCACTGTAACGATA,1605,1039,0,0.0
CGGCAGCTCTAAGGCAACAT,852,607,0,0.0
CGGCAGCTCTCGGTTAAGTG,1226,883,0,0.0
CGGCAGCTCTTCCAAGCGGT,1637,1111,0,0.0
CGGCAGCTCTTGAGACCGTA,745,515,0,0.0
CGGCCGCGTAACTGGTCCGC,1152,726,0,0.0
CGGCCGCGTAGTAGCCGTTA,756,575,0,0.0
CGGCCGCGTATTCCTTAACT,2018,1258,0,0.0
CGGCGCTAGAATATCGTCCA,804,623,0,0.0
CGGCGCTAGATACTAGCGGA,1438,827,0,0.0
CGGTACCAGTGTTCAATTCC,2005,1195,0,0.0
CGGTCCACCGATAGAAGTTC,2056,1033,0,0.0
CGGTCCACCGCTGCAACGAC,4958,1743,0,0.0
CGGTCCACCGTCATTACGAG,2755,1624,0,0.0
CGGTCGAGTCGCCGAGTTAT,5384,2420,0,0.0
CGGTTATATTCATTAACCGC,2179,1377,0,0.0
CGGTTATATTTATCCAGATT,6777,2635,0,0.0
CGTAATGCGAGCCAGCGGAA,627,406,0,0.0
CGTACGGAGATTGAGGACAT,1167,806,0,0.0
CGTACTTGTGGGACTCGCGT,1445,891,0,0.0
CGTATATCGTACACTTCGAT,2157,1236,0,0.0
CGTATATCGTCTAGCCGCCA,2119,1124,0,0.0
CGTATATCGTGGCTGTCTTG,1521,552,0,0.0
CGTCCATTGGAAGAGAGCGG,3780,1880,0,0.0
CGTCCATTGGTGACGCAACT,902,653,0,0.0
CGTCCGTCAGCACAGCGAGA,1897,928,0,0.0
CGTCCGTCAGGCAGCTCGTG,2105,839,0,0.0
CGTCCGTCAGGTAGCACGGC,628,493,0,0.0
CGTCCGTCAGTCACGTCGCC,6524,2445,0,0.0
CGTCCGTCAGTGTAATCATC,5783,2573,0,0.0
CGTCGCGAAGCTGCGAGTCT,2123,1175,0,0.0
CGTCGCGAAGGATGAGAACT,874,586,0,0.0
CGTCGGTAGGCTTAGGCCAA,1423,915,0,0.0
CGTCGGTAGGGATGGCAATG,4440,1440,0,0.0
CGTCGGTAGGTCCTGTGGCT,19755,5887,0,0.0
CGTCGGTAGGTTACACGCAC,854,643,0,0.0
CGTCTGGTTCAAGCCTCAAG,1301,852,0,0.0
CGTCTGGTTCAAGTACATTC,1690,952,0,0.0
CGTCTGGTTCGTGGCTTCTA,4057,1885,0,0.0
CGTCTGGTTCTTGCCACTCC,1826,1157,0,0.0
CGTGACGTTGAGTATGCCAT,1116,700,0,0.0
CGTGACGTTGGCAAGGTGAT,1304,894,0,0.0
CGTGACGTTGTTACACGCAC,2002,1204,0,0.0
CGTGACTGAACTCAAGGAGT,1132,716,0,0.0
CGTGACTGAAGCACTAATTC,3147,1647,0,0.0
CGTGACTGAATCGCCTATTA,948,726,0,0.0
CGTGATCGAGGCAGGTCCGA,2891,1495,0,0.0
CGTGCGCATAATCTAAGATG,1264,918,0,0.0
CGTGCGCATATACCGTATAT,3676,1971,0,0.0
CGTGGAGAGTATACTTCACA,6652,2540,0,0.0
CGTGGAGAGTTAGACCTTAA,1309,875,0,0.0
CGTGTCGCCGGTAGATATAT,1490,989,0,0.0
CGTGTCGCCGTCGGTTAACC,1097,810,0,0.0
CGTTACCGCAAATATCCGCG,562,402,0,0.0
CGTTACCGCACCGGTCGTAC,682,537,0,0.0
CGTTATCTATAGGTGATGAC,751,605,0,0.0
CGTTATCTATCTCATTCCGG,4401,2022,0,0.0
CGTTATCTATGAAGTCCTAG,981,696,0,0.0
CGTTATCTATTAGACTCCTT,5406,2149,0,0.0
CGTTATCTATTGCCTTCTTC,1316,673,0,0.0
CGTTATGGTTAACGGCTCTT,2266,1420,0,0.0
CGTTATGGTTCTCACAAGAC,1496,858,0,0.0
CGTTATGGTTCTCGGTTGTA,1856,1202,0,0.0
CGTTATGGTTCTTAGTTCGA,7528,3075,0,0.0
CGTTATGGTTTCGGTATAAT,668,457,0,0.0
CGTTCGCTGCAGTACCAGCG,1767,1167,0,0.0
CGTTCGCTGCAGTCGCGCGC,541,414,0,0.0
CGTTCGCTGCGACATGGTTA,1308,805,0,0.0
CGTTCGCTGCGAGAACCTAA,763,567,0,0.0
CGTTCGCTGCTAACACGATT,980,759,0,0.0
CGTTGGTGGCACCTCTATTG,3983,1909,0,0.0
CGTTGGTGGCCATCGTTGTT,3247,1641,0,0.0
CGTTGTTATCACGCAGCGAA,2074,1282,0,0.0
CGTTGTTATCCAACAAGCCG,539,437,0,0.0
CGTTGTTATCCTTATGCACA,1721,1166,0,0.0
CGTTGTTATCTACTCAACGG,3818,1844,0,0.0
CTAACCGACTGCACGTCAGT,1590,925,0,0.0
CTAACTGTAACGAATGTACT,766,482,0,0.0
CTAACTGTAAGCGCGCCTCG,1993,965,0,0.0
CTAACTGTAATCAGAACAGA,1633,1038,0,0.0
CTAAGATGTCACGTACATAA,4282,2278,0,0.0
CTAAGATGTCATGCTTGGTT,2004,1044,0,0.0
CTAAGATGTCGGCATCAGCG,7013,2265,0,0.0
CTAAGATGTCTCTTACTGTA,693,417,0,0.0
CTAAGATGTCTTACGAGCTG,1268,777,0,0.0
CTAAGATGTCTTGCGCAAGT,972,517,0,0.0
CTAATGGAGAAGGCTCGCCT,1721,1056,0,0.0
CTAATGGAGATAGATATATT,809,640,0,0.0
CTACGAATGGACAATCACCG,1430,982,0,0.0
CTACGAATGGGCCGCAGTCC,1451,864,0,0.0
CTACGGAATGGCCGAGTTAT,10560,3675,0,0.0
CTACGGAATGGTCGATTCGT,1343,874,0,0.0
CTACGGTGGACACTTACCAA,1700,1053,0,0.0
CTACGGTGGACGGAACAGAA,1515,977,0,0.0
CTACGGTGGACTATTGGAAT,1545,839,0,0.0
CTACGGTGGAGACCATGAAG,7260,2803,0,0.0
CTACTCGACACCTGGCGGCA,1555,833,0,0.0
CTACTCGACATGGCTTCTCG,671,544,0,0.0
CTACTCGACATTACGAGCTG,581,366,0,0.0
CTACTCGACATTCAGGAGGT,2939,1737,0,0.0
CTACTCTTGTACCGTGAGAG,616,501,0,0.0
CTACTCTTGTGGCGTCACTG,3687,1647,0,0.0
CTAGATGGTTAACTACGTAG,3579,2118,0,0.0
CTAGATGGTTCCTGCAGCCA,1436,904,0,0.0
CTAGATGGTTTCCACGTTGT,973,668,0,0.0
CTAGTACAATTAATGAGAGA,1349,927,0,0.0
CTAGTACAATTATCGGCACT,1636,953,0,0.0
CTAGTACAATTGATTAGCTG,753,581,0,0.0
CTAGTTAAGCAGTACGTCGC,9701,3645,0,0.0
CTAGTTAAGCCATACACTGA,4357,2006,0,0.0
CTAGTTAAGCCCGTCTCGCT,643,513,0,0.0
CTATACTACTCGCAGTAGAT,1811,1070,0,0.0
CTATAGATCTGCCTCTGTAT,783,533,0,0.0
CTATAGATCTTTATTAACAT,875,660,0,0.0
CTATATTGCCCCTGTAAGGT,502,393,0,0.0
CTATGACCTGCAGAAGTGCA,1769,1119,0,0.0
CTATGACCTGTCCGGTTGAC,13360,4605,0,0.0
CTATGCACAGTGGCTATACC,1814,1012,0,0.0
CTATGCATTAAACGATTCAA,1181,851,0,0.0
CTATGCATTACTGTGAAGGA,3890,1667,0,0.0
CTATGCTAACCCTGCAGCCA,1289,752,0,0.0
CTATGGAAGTCCTTAGGCTC,2736,1199,0,0.0
CTATGGAAGTGTCAGGTCGG,5827,2083,0,0.0
CTATGGAAGTTTCATCGTCC,1856,999,0,0.0
CTATTACACGACCGAAGACA,1283,577,0,0.0
CTATTACACGCGGTCGCGCG,626,478,0,0.0
CTATTACACGGAGAACGATT,1049,698,0,0.0
CTATTACACGGGTGTTAATC,2310,1385,0,0.0
CTATTACACGGTCGACGAGT,1901,1202,0,0.0
CTATTACACGTCCATACTAT,556,463,0,0.0
CTATTCTGATGATTCACTGG,1992,1063,0,0.0
CTATTGGTCCACACTCTATC,2296,1287,0,0.0
CTATTGGTCCCTTCCTGGCG,1374,820,0,0.0
CTATTGGTCCTTCGTTCGCG,3641,1430,0,0.0
CTCAAGTTCTCGATGTGCTT,698,544,0,0.0
CTCAAGTTCTTCAACGGCAC,745,498,0,0.0
CTCAAGTTCTTCCTAGAATC,1954,949,0,0.0
CTCAATGCAGATACGCGATA,6063,2428,0,0.0
CTCAATGCAGATAGATTGCT,1530,957,0,0.0
CTCAATGCAGCTGGTCTAAC,649,496,0,0.0
CTCAATGCAGTATACCGCAT,2812,1423,0,0.0
CTCAATGCAGTGATGAACGG,2115,1270,0,0.0
CTCAATGCAGTTGCTGACTA,905,651,0,0.0
CTCAATGTTCCTGTGTCGGT,1879,1095,0,0.0
CTCAATGTTCGCACATGGCA,1486,931,0,0.0
CTCAATGTTCGTCACAGGAT,4193,1778,0,0.0
CTCACCGTTAACCGAAGACA,884,680,0,0.0
CTCACCGTTATCTACGGACA,1434,998,0,0.0
CTCACCGTTATCTGGATACA,791,580,0,0.0
CTCAGAACGGATACTATGTT,2874,1465,0,0.0
CTCAGAACGGCGTTGAGCAA,2519,1400,0,0.0
CTCAGAACGGTATCCAGATT,1320,753,0,0.0
CTCAGAACGGTTCATTGCGA,4222,2125,0,0.0
CTCAGTTAGGAGCAGTGGTA,1587,902,0,0.0
CTCAGTTAGGCATCTTGAAC,1157,786,0,0.0
CTCAGTTAGGGTCACAGGAT,4076,1825,0,0.0
CTCCACCGGCAAGAGGAGAT,1004,759,0,0.0
CTCCACCGGCCCTCGAAGAT,818,542,0,0.0
CTCCAGACGCGCGCTCATAC,1668,1147,0,0.0
CTCCAGTGCAAAGGCAACAT,2796,1478,0,0.0
CTCCAGTGCACAAGCCGGAG,4764,2156,0,0.0
CTCCTAATATCCGCAATAAT,1342,938,0,0.0
CTCCTAATATCTACTAAGGT,4936,2136,0,0.0
CTCCTCAGAAAACGTCTTGA,1303,841,0,0.0
CTCCTCAGAAATTCTGGCTG,1278,939,0,0.0
CTCCTTCGCCATTCCATATT,545,443,0,0.0
CTCCTTCGCCCCGAACCGTT,651,493,0,0.0
CTCCTTCGCCCTAGCCGCCA,884,648,0,0.0
CTCCTTCGCCGAACTAGGCT,788,588,0,0.0
CTCCTTGAATTCTTCGAGAG,1363,900,0,0.0
CTCGCAACGTGTTCAATTCC,887,634,0,0.0
CTCGCAGTTGTAGAGCTAGT,1030,714,0,0.0
CTCGCAGTTGTGATTAGCTG,641,496,0,0.0
CTCGCAGTTGTTCATCGTCC,2500,1608,0,0.0
CTCGCTGGACAGGCTCGCCT,9484,2952,0,0.0
CTCGCTGGACGGACGGTATA,977,729,0,0.0
CTCGCTGGACGGCGAATCTC,2014,1130,0,0.0
CTCGCTGGACTTGAGGACAT,2962,1773,0,0.0
CTCGGATCAAGGTATGTGGA,4799,2227,0,0.0
CTCGGATCAAGTAGGCATGC,2504,1416,0,0.0
CTCGGTATCGACCTGGACAA,1038,621,0,0.0
CTCGGTATCGGAGGCAACGC,890,689,0,0.0
CTCGGTATCGGTTGATGGTA,1401,706,0,0.0
CTCGGTATCGTAGAGCTAGT,1339,947,0,0.0
CTCGTAGTACCAGCTAACAC,1607,1065,0,0.0
CTCGTAGTACTTGAGGCGGC,599,443,0,0.0
CTCTACAGTGGGCGATCATA,2078,874,0,0.0
CTCTACAGTGGTTATAGGTG,2346,1332,0,0.0
CTCTACAGTGTACCTCATAA,729,569,0,0.0
CTCTACAGTGTAGCTAGCCG,7591,2693,0,0.0
CTCTACGATTAGCTCAGGAG,1971,1113,0,0.0
CTCTACGATTAGGTACGCGG,2035,1102,0,0.0
CTCTACGATTGCCGACTCTT,1031,782,0,0.0
CTCTAGAACCCCAATCGGCA,951,552,0,0.0
CTCTAGAACCGCGCATCTAG,694,519,0,0.0
CTCTAGAACCTTCGCCGGCT,922,624,0,0.0
CTCTAGAACCTTGCTTATAA,808,550,0,0.0
CTCTCTTACACGGAACAGAA,712,532,0,0.0
CTCTCTTACACTCGAGAGCG,547,437,0,0.0
CTCTCTTACATCCTCACTCA,994,672,0,0.0
CTCTCTTACATGTTGCCATA,1195,607,0,0.0
CTCTCTTACATTCGTTCGCG,3252,1508,0,0.0
CTCTGTGTTAGGCCTTCCAT,534,444,0,0.0
CTCTGTTGGCATGTCTGTAA,1594,1086,0,0.0
CTCTGTTGGCCAGATTCAAG,1296,821,0,0.0
CTCTGTTGGCGATTAGCCTC,1922,1021,0,0.0
CTGAACACGTAGGTTATCTA,3135,1571,0,0.0
CTGAACACGTGCTTGTCACT,2122,1397,0,0.0
CTGAATCTCGTGAGGATCAT,1922,924,0,0.0
CTGACAAGCAAATTGAGAGT,5720,2468,0,0.0
CTGACAAGCAATTCGCGAAC,1944,786,0,0.0
CTGACGTGGTCGCACTGGCA,2333,1281,0,0.0
CTGACGTGGTCTACGATCAG,1932,1101,0,0.0
CTGACGTGGTGCAAGGTGAT,3184,1687,0,0.0
CTGACGTGGTTGGAGGCAAT,6387,2526,0,0.0
CTGAGAATCCCTCGGAGATA,1512,838,0,0.0
CTGAGCCTCTAGGCTCGCCT,519,428,0,0.0
CTGAGCCTCTTCAAGTCCTC,1054,704,0,0.0
CTGAGGTATCTAGGCGTTCA,874,604,0,0.0
CTGATTAACGCGCGTCTGCT,2010,1155,0,0.0
CTGATTAGGTACCATACGAG,2701,1252,0,0.0
CTGCACAGTTAAGAGGAGAT,2380,1428,0,0.0
CTGCACAGTTAGGATAGGTT,1754,894,0,0.0
CTGCACAGTTATACGCGATA,1414,941,0,0.0
CTGCACAGTTATGACATCTC,646,500,0,0.0
CTGCACAGTTCGGACGTCCG,617,478,0,0.0
CTGCACAGTTCTCAACAACG,2802,1446,0,0.0
CTGCACAGTTGTAGATATAT,1516,933,0,0.0
CTGCACAGTTTCCACGTTGT,2746,1361,0,0.0
CTGCACGCCAAGAGGTGCTA,2281,1186,0,0.0
CTGCACGCCAATTCCAACCA,1387,897,0,0.0
CTGCCGGTTGACGACAGATC,15037,4604,0,0.0
CTGCCGGTTGCAGTTGTGAC,2310,1218,0,0.0
CTGCCGGTTGCCACGCCGGT,1017,612,0,0.0
CTGCCGGTTGCGGTTGATGT,4968,2154,0,0.0
CTGCCGGTTGTGTGGATCGG,693,509,0,0.0
CTGCCGGTTGTTACATCAAG,1865,1082,0,0.0
CTGCCGGTTGTTCGGCTAAC,1712,1159,0,0.0
CTGCGTCAAGAAGGAACTGC,1167,763,0,0.0
CTGCGTCAAGAGGCGGAAGC,1925,1182,0,0.0
CTGCTACCAAGACCAGTAAC,753,387,0,0.0
CTGCTACCAATTACACGCAC,917,646,0,0.0
CTGGCGGTCACCTGATGCAT,1271,934,0,0.0
CTGGTGCTTGAAGTGAAGAA,2766,1522,0,0.0
CTGGTGCTTGCAAGCTTCTA,1006,645,0,0.0
CTGGTGCTTGCTAGCCGCCA,1076,773,0,0.0
CTGGTGCTTGTGAACCTATC,2756,1505,0,0.0
CTGTAACGCGCCGCCTTGGT,1329,834,0,0.0
CTGTAACGCGGAGACGCACG,5617,2536,0,0.0
CTGTCTATGCCCACGCCGGT,695,581,0,0.0
CTGTCTATGCGGTACCTTAA,6200,2591,0,0.0
CTGTGCGAATTAGATCGCGA,2207,1183,0,0.0
CTGTGCGAATTCAGGCCTTC,3305,1618,0,0.0
CTGTTGTCCGACAGTCTGAG,1222,719,0,0.0
CTGTTGTCCGCACCTCATTG,1136,774,0,0.0
CTGTTGTCCGTTAATACCAA,2203,1223,0,0.0
CTTAAGTATGCAAGCTTCTA,1252,850,0,0.0
CTTAAGTATGGACTAGCTAT,665,431,0,0.0
CTTAAGTATGTTCAATCAGC,6617,2571,0,0.0
CTTAGCTCCGGCCTCTCGCG,3696,1162,0,0.0
CTTAGTGGAACAGAATGGAT,752,570,0,0.0
CTTAGTGGAACTTGGCACTT,2015,1114,0,0.0
CTTAGTGGAAGCCGCCATCA,1403,861,0,0.0
CTTAGTGGAAGGTTACTGAG,1428,838,0,0.0
CTTAGTGGAAGTCTTCCGTA,870,686,0,0.0
CTTAGTGGAATTGCTGACTA,1112,797,0,0.0
CTTATAGTGACGTAAGAAGG,1099,707,0,0.0
CTTATAGTGACTTCCTCCTG,2361,1263,0,0.0
CTTATCGAATAGTGAGTAAG,2246,957,0,0.0
CTTATCGAATCATCCACGCC,1698,1048,0,0.0
CTTATCGAATGTGAATCAAC,645,508,0,0.0
CTTATCGAATTAATGTTCTG,2171,1330,0,0.0
CTTATCGAATTGCCTTCTTC,2011,1056,0,0.0
CTTCACACAAGCCGCCGTGT,13293,3170,0,0.0
CTTCATAATGAGCTCAGGAG,537,449,0,0.0
CTTCATAATGCAAGCGTATC,1617,973,0,0.0
CTTCATAATGCTGCGAGTCT,605,453,0,0.0
CTTCATAATGGAGTATGGCA,793,573,0,0.0
CTTCCTAACAACCACAATAA,5073,2413,0,0.0
CTTCCTAACAGCAAGGCTCT,2454,1339,0,0.0
CTTCGTCATTCGACGAGACC,1085,566,0,0.0
CTTCGTCATTGATACGACTC,1186,870,0,0.0
CTTCTAGCGGACGCCTCCGA,5784,2608,0,0.0
CTTCTAGCGGCGGTCGCGCG,1176,839,0,0.0
CTTCTAGCGGGTAACTCTGG,717,571,0,0.0
CTTCTAGGCTACGGACGCCT,1454,955,0,0.0
CTTCTAGGCTACGTACCATT,4181,2004,0,0.0
CTTCTAGGCTCGTTGAGCAA,1207,859,0,0.0
CTTCTAGGCTTACCGTATAT,538,464,0,0.0
CTTCTAGGCTTCACTCTGAT,1099,800,0,0.0
CTTCTCGAGCTACCAGCCAA,4364,1713,0,0.0
CTTCTCTGCCACCTGTTGTG,4160,1944,0,0.0
CTTCTCTGCCTCACAAGGTT,1298,768,0,0.0
CTTCTCTGCCTGTCATCGTA,1280,782,0,0.0
CTTCTTAGGATACTTCCACG,3501,1777,0,0.0
CTTCTTAGGATATGGCTTAG,757,582,0,0.0
CTTCTTAGGATGGATCGACC,8758,3245,0,0.0
CTTGCCAGCAACGTGATGCT,651,516,0,0.0
CTTGCCAGCACGGTAGGTGC,1315,912,0,0.0
CTTGGCCGCGCAATGCTCTC,1743,771,0,0.0
CTTGGCCTGACAGTGTTGGA,1156,733,0,0.0
CTTGGCCTGATTAACGGTCT,1223,839,0,0.0
CTTGGTAAGGCGAATGTACT,532,440,0,0.0
CTTGTTATCAGAGTTCTCGC,6337,2461,0,0.0
CTTGTTATCATAGATGACAA,2136,1273,0,0.0
CTTGTTATCATCTTGGTACC,614,484,0,0.0
GAACAACCGACACATGCTGG,784,496,0,0.0
GAACAACCGAGGTGGACATA,688,459,0,0.0
GAACATCACACTATTGGAAT,2726,1522,0,0.0
GAACATCACATTATCCTACG,3389,1883,0,0.0
GAACGACTGTTATAGTGTCT,1376,892,0,0.0
GAACGCAATCATTCCAACCA,5720,2192,0,0.0
GAACGCAATCGATTCCTACG,674,545,0,0.0
GAAGGATCGTACTCCTGTCG,1407,881,0,0.0
GAAGGATCGTATACGTGCCA,675,515,0,0.0
GAAGGATCGTATAGTCAATC,2330,1395,0,0.0
GAAGGATCGTCGACTTCGTG,4485,2127,0,0.0
GAAGGATCGTCTACGCCAGC,641,477,0,0.0
GAAGGATCGTTACACAGGCG,1795,1007,0,0.0
GAAGGATCGTTGCCTTCTTC,3038,1362,0,0.0
GAAGGATCGTTTCTATGATA,2058,1042,0,0.0
GAAGTCTCACGCACATGGCA,1035,783,0,0.0
GAAGTCTCACTGAACAGGCT,602,504,0,0.0
GAAGTCTCACTTCGATCGAA,1288,865,0,0.0
GAATACGAATAGTACTCGGA,936,620,0,0.0
GAATACGAATCTCTTCGCAT,1443,900,0,0.0
GAATCAATTCAACATTACGG,3451,1731,0,0.0
GAATCCGATCAACGCGTGGC,3647,1834,0,0.0
GAATCCGATCCATAATCAAT,714,526,0,0.0
GAATCGTGACTACTCAACGG,2162,1105,0,0.0
GAATCGTGACTCATCGAGGC,1570,828,0,0.0
GAATGGAAGGATCGGCTGAA,991,641,0,0.0
GAATGGAAGGCCTATATAAT,2001,1196,0,0.0
GAATGGAAGGGTCGTCCAAT,1404,749,0,0.0
GAATGGAAGGTCTTACGTCT,4482,1977,0,0.0
GACAATCTTGCAAGGCTGAC,1025,786,0,0.0
GACACACCTAATCTGCAATC,3656,1342,0,0.0
GACACACCTACACTTACCAA,1391,912,0,0.0
GACACATATTCTGTCTGCAG,864,598,0,0.0
GACACATATTGGTCTGTTCT,2235,1281,0,0.0
GACACCGCGAAGATGTTCAC,1046,729,0,0.0
GACACCGCGACTCTATGGCT,2046,1194,0,0.0
GACACCGCGAGATGGCAATG,525,438,0,0.0
GACACCGCGAGGCACGGCTG,1071,664,0,0.0
GACACCGCGATATGCATACC,1084,820,0,0.0
GACACTAGAGATGCTTATGC,896,677,0,0.0
GACACTAGAGCGCCAGAGTG,1154,748,0,0.0
GACAGCGAATACGTTGGTGC,1798,1124,0,0.0
GACAGCGAATTGCTAGTTGG,846,647,0,0.0
GACAGCGAATTTAATAGTAC,3122,1754,0,0.0
GACAGCGAATTTACATCAAG,575,438,0,0.0
GACAGCGGTCCCGATTAAGC,4209,1823,0,0.0
GACAGCGGTCCGGAAGGTTG,5357,2123,0,0.0
GACAGGTCTTAGAGCAATCG,1380,519,0,0.0
GACAGGTCTTCCTGACAGCG,1205,879,0,0.0
GACAGGTCTTCTGCAACGAC,850,467,0,0.0
GACAGGTCTTGCTAACCTAC,2881,1135,0,0.0
GACAGGTCTTTACAGGATTA,2069,1089,0,0.0
GACAGGTCTTTTCTTGGTAC,2917,1569,0,0.0
GACATAAGTGAGGTCTTCGG,1345,884,0,0.0
GACATAAGTGCGACCAACCG,976,623,0,0.0
GACATAAGTGGACCTGTGAT,681,509,0,0.0
GACATAAGTGGTATCAGTGA,921,667,0,0.0
GACATAAGTGGTCTGATACG,1552,663,0,0.0
GACATAAGTGTAAGTGACAT,4342,2162,0,0.0
GACATAAGTGTCTTACGTCT,5514,2274,0,0.0
GACATAGTCCCAGGAACTTA,1005,643,0,0.0
GACATAGTCCCATCTTACCA,1035,751,0,0.0
GACATAGTCCCTGTGAAGGA,1586,1062,0,0.0
GACCAGAGGAACAACCGGAT,1432,912,0,0.0
GACCAGAGGAAGTATGCCAT,5532,2155,0,0.0
GACCAGAGGACTTCCTGGCG,1537,996,0,0.0
GACCAGAGGACTTGGCTTAT,1396,949,0,0.0
GACCGACACAAACACCAGAC,1751,1121,0,0.0
GACCGACACACCGATGTAAG,2032,1106,0,0.0
GACCGGAATAAGTACTCGGA,2231,1217,0,0.0
GACCGGAATACCAGAGGATG,2913,1324,0,0.0
GACCGGAATAGACTAGCTAT,1739,873,0,0.0
GACCGTGTCGCGGTGTAGCC,5252,2594,0,0.0
GACCGTGTCGCTAATCATCG,2440,735,0,0.0
GACCGTGTCGGCTTCGGACG,3424,1808,0,0.0
GACCGTGTCGTCACTAAGCA,1480,993,0,0.0
GACGATCCTTTTCATTGCGA,3604,1596,0,0.0
GACGATCGCACACTTATAGA,2435,1147,0,0.0
GACGATCGCACCGACGCGGC,517,371,0,0.0
GACGATCGCAGAATCTTGTT,1125,733,0,0.0
GACGATCGCAGACGTCCACA,1505,1078,0,0.0
GACGCTGCTCACAGTCTGAG,5206,2424,0,0.0
GACGCTGCTCATTACCAGAA,1171,654,0,0.0
GACGCTGCTCATTCCACTTC,14736,4033,0,0.0
GACGCTGCTCCCGAACTAGC,6024,2804,0,0.0
GACGCTGCTCCGCCATTAGG,5384,2326,0,0.0
GACGGAGTGAAGTGGCGTTC,2029,1063,0,0.0
GACGGAGTGACATACACTGA,2235,1162,0,0.0
GACGGAGTGACTCCGCCAAT,1674,1124,0,0.0
GACGGCTTCTAGTCCTCGCG,617,498,0,0.0
GACGGCTTCTCGGTTAAGTG,1069,715,0,0.0
GACGGCTTCTGGTGGACATA,1297,906,0,0.0
GACGGCTTCTGTCTCTGCTA,723,540,0,0.0
GACGGCTTCTTCAAGTCCTC,1338,945,0,0.0
GACTATGAGCACCGAAGGTC,1174,733,0,0.0
GACTATGAGCGAATGATATA,1397,856,0,0.0
GACTGTCTACGACCACTGAA,1442,985,0,0.0
GACTGTCTACGAGACGCACG,2681,1619,0,0.0
GACTGTCTACGTGTGTCAGC,2972,1249,0,0.0
GACTGTCTACTGCCATAGCT,3112,1952,0,0.0
GACTTATATGATCTGTAGTA,780,536,0,0.0
GAGACGGTGTACGGTTGAAC,621,469,0,0.0
GAGACGGTGTGCATTACCGG,1930,1087,0,0.0
GAGACTCTTCCGCGTCTGCT,1572,991,0,0.0
GAGACTCTTCCGGTAGTCAT,14373,3152,0,0.0
GAGAGCGTGAACCATCACTC,616,463,0,0.0
GAGATAACAGCGCTGAATGA,1183,640,0,0.0
GAGATCAGAAATATCGTCCA,1209,798,0,0.0
GAGATCAGAATCGCTTACCG,835,591,0,0.0
GAGCCATTCGAAGTTATGGC,779,531,0,0.0
GAGCGGCAAGTGATTCGTGG,954,499,0,0.0
GAGCGGCGCACAGGACTATC,638,516,0,0.0
GAGCGGCGCAGATCAACGGC,880,567,0,0.0
GAGCTCAAGTATACCTATAT,1086,706,0,0.0
GAGCTCAAGTGCTAACTATT,1412,961,0,0.0
GAGGAAGATGAGCTGGCCGA,1249,856,0,0.0
GAGGCCGCTGCTACGATCAG,2343,1356,0,0.0
GAGGCCGCTGGCGCACGTCC,1999,1112,0,0.0
GAGGTAGCCAATATCAGCTC,652,522,0,0.0
GAGGTAGCCACATGTCAGCT,787,557,0,0.0
GAGGTAGCCACTATTGTTAG,2135,1167,0,0.0
GAGGTAGCCAGTTCTGATAC,4511,1728,0,0.0
GAGGTATGAAAACGATGCGC,3260,1716,0,0.0
GAGGTATGAAGAGATTAGTT,1400,920,0,0.0
GAGGTATGAATTCAATTGAG,850,536,0,0.0
GAGTAAGCTCGTCGCGAACC,1738,1083,0,0.0
GAGTATAGACATGACTCCGT,1513,959,0,0.0
GAGTATAGACTGAATGCGTG,5121,2213,0,0.0
GAGTATTACCTGCGTGTGTG,2829,1480,0,0.0
GAGTCGCCAAGATGAGAACT,6235,2363,0,0.0
GAGTGGCTCCCACTTATAGA,566,459,0,0.0
GAGTGGCTCCCGAGCGGTCG,1819,994,0,0.0
GAGTGGCTCCTATTAATCTA,899,678,0,0.0
GAGTGGCTCCTCGCTCGCAC,1518,879,0,0.0
GAGTGTGCTAGGCCTTCCAT,1077,715,0,0.0
GAGTTAATTACTGGCACACA,14343,4358,0,0.0
GAGTTAATTAGCTTGTCACT,1735,783,0,0.0
GATAGTAATTGACACAACAC,835,597,0,0.0
GATAGTAATTGCGTCGGCGT,942,687,0,0.0
GATAGTTGCGCCAGTAGCGT,3017,1703,0,0.0
GATAGTTGCGCTCGGAGATA,4065,1961,0,0.0
GATAGTTGCGGCGTGCTGTG,889,651,0,0.0
GATAGTTGCGTGAAGATATG,2086,1245,0,0.0
GATATATCACTTAGCCAGTG,1979,970,0,0.0
GATATGTAAGATCATACTTA,1419,919,0,0.0
GATATGTAAGCTTATGTAGT,2739,1465,0,0.0
GATATTGTTCCTCCTCAATT,592,477,0,0.0
GATATTGTTCGGACTCTAAC,2062,1270,0,0.0
GATATTGTTCGGCTAACAGG,1811,958,0,0.0
GATATTGTTCTCTGGATACA,1008,725,0,0.0
GATCATCGATCGAACTGGAC,855,617,0,0.0
GATCGATGACAGATATGATC,3067,1504,0,0.0
GATCGATGACCACTTATAGA,798,593,0,0.0
GATCGATGACCGCACACAGA,2094,1070,0,0.0
GATCGGCCGGGAATAACGAT,1225,800,0,0.0
GATCGGCCGGGCGAGCAGTT,1783,949,0,0.0
GATCGTAACCCTTGTGGCGA,560,361,0,0.0
GATCGTAACCGCCTTGCGTG,1240,889,0,0.0
GATCTCGACAAGAAGGTAAT,4515,2109,0,0.0
GATCTCGACAGAGATTAGTT,634,444,0,0.0
GATCTCGACATCACTAAGCA,997,719,0,0.0
GATCTTCGCGCTATGGCAAG,7719,2577,0,0.0
GATCTTCGCGGAGAGCTCCG,3488,1772,0,0.0
GATCTTCGCGGATGCTCTCA,708,522,0,0.0
GATCTTCGCGTAGAACACGG,18902,4754,0,0.0
GATCTTCGCGTAGTTCGAAC,3497,1660,0,0.0
GATCTTCGCGTCATCGAGGC,770,578,0,0.0
GATGAAGCGTGTCAGGTCGG,2128,1280,0,0.0
GATGAAGCGTTACACAGGCG,2261,1265,0,0.0
GATGCACGAGATTCGCGAAC,1614,948,0,0.0
GATGCACGAGCGTGCACGGA,1501,867,0,0.0
GATGCCAGCCAACCTCATGC,13290,4147,0,0.0
GATGCCAGCCATTGCTTAGC,2859,1516,0,0.0
GATGCCAGCCCGGTCGCGCG,1260,858,0,0.0
GATGCCAGCCCTTATGCACA,566,472,0,0.0
GATGCCAGCCGCACGAACAG,1555,748,0,0.0
GATGGAGCAGCTATTGGAAT,616,457,0,0.0
GATGGTATGATTCAACGGCG,885,659,0,0.0
GATGTGATGCACAGGCCTGT,2046,1360,0,0.0
GATGTGATGCCACGAGAAGT,1538,1057,0,0.0
GATTAAGCCACCGCCTTGGT,4336,1964,0,0.0
GATTAAGCCATCAGAACAGA,2902,1254,0,0.0
GATTACGTGTATTCTGGCTG,3043,1094,0,0.0
GATTACGTGTTGAACAGAAG,1006,667,0,0.0
GATTATAAGGGCCGAGTTAT,1279,770,0,0.0
GATTATAAGGTGTGGAATGA,2471,1272,0,0.0
GATTCAGGCCAAGAATAGGA,3153,1632,0,0.0
GATTCAGGCCACAGTGTCCG,2139,1221,0,0.0
GATTCAGGCCCGACTCTGAG,6165,2362,0,0.0
GATTCAGGCCGTCGTCCAAT,3690,2032,0,0.0
GATTCAGGCCTTCGATCGAA,3525,1855,0,0.0
GATTGCCAGGGTGATCGAGA,733,557,0,0.0
GCAACGTGTCCTTAGGCCAA,1053,790,0,0.0
GCAACGTGTCGGAGCATCGG,762,590,0,0.0
GCAACGTGTCTCACGGTACA,795,597,0,0.0
GCAACGTGTCTCCTTACATA,516,427,0,0.0
GCAAGCGAAGAAGTGTGACT,883,666,0,0.0
GCAAGCGAAGAGTGTATATT,617,486,0,0.0
GCAAGCGAAGGATCAACGGC,19662,5031,0,0.0
GCAAGCGAAGGGCATCAGCG,8828,2890,0,0.0
GCAAGTAAGAACCGAAGGTC,1110,825,0,0.0
GCAAGTAAGAATTCTCTGGA,1697,1151,0,0.0
GCAAGTAAGATCAATTGAGA,2114,1221,0,0.0
GCAAGTTATGACGCGCTGCG,4056,1983,0,0.0
GCAAGTTATGATGACATCTC,709,469,0,0.0
GCAAGTTATGCCAGGACGGC,10738,3602,0,0.0
GCAAGTTATGGAAGCGCCTG,1087,700,0,0.0
GCAAGTTATGGTTCAGAAGT,1331,861,0,0.0
GCAAGTTATGTAACAGCTGA,995,724,0,0.0
GCAAGTTATGTACTAACTTG,588,480,0,0.0
GCAAGTTATGTCAGTGTTAA,2263,1362,0,0.0
GCAAGTTATGTGAACAATGG,1862,1140,0,0.0
GCAAGTTATGTGTGGATCGG,870,493,0,0.0
GCAATCGCGGATATCGTCCA,1984,1199,0,0.0
GCAATCGCGGCAGGCTCAGT,597,486,0,0.0
GCAATCTTGAAATTATTGGC,539,446,0,0.0
GCAATCTTGAATTCCAACCA,2733,1346,0,0.0
GCAATCTTGAGTAGATATAT,2886,1505,0,0.0
GCAATCTTGATGTATTGAAG,1256,848,0,0.0
GCAATCTTGATTCAATTGAG,1646,1005,0,0.0
GCAATGCTAGCTTCGAGCAC,3317,1426,0,0.0
GCAATGCTAGGCGTAGGTCT,2254,1201,0,0.0
GCACACGTTAACGCAGCGAA,954,710,0,0.0
GCACACGTTATGAGACCTCC,1806,1009,0,0.0
GCACAGTATGAGGTAAGCAC,1334,928,0,0.0
GCACAGTATGTGGCTATACC,2085,1229,0,0.0
GCACAGTGCCAGATGTTCAC,862,560,0,0.0
GCACAGTGCCAGGCTCGCCT,6482,2621,0,0.0
GCACAGTGCCATTCTCCATA,1488,1122,0,0.0
GCACAGTGCCCTAAGTCTTG,594,447,0,0.0
GCACGCAGCGCTCCGCCAAT,618,456,0,0.0
GCACGCAGCGTATCGGCACT,2908,955,0,0.0
GCACGCTAATACTGGTCCGC,5560,2466,0,0.0
GCACGCTAATTAAGGACTGC,528,439,0,0.0
GCACGCTAATTCATATATTC,2238,1361,0,0.0
GCACTAGAGACACGTGGTAG,6035,1907,0,0.0
GCACTAGAGACTGGAAGCCG,1146,723,0,0.0
GCACTAGAGATAGCCATATG,1795,1069,0,0.0
GCACTCCGAAACACAGACTG,1373,973,0,0.0
GCACTCCGAAATTCCTTGCT,13568,4386,0,0.0
GCACTCCGAACCACTGGAAC,1059,736,0,0.0
GCACTGTCTATCTTGGTACC,2660,1530,0,0.0
GCAGATGGTCCAATAACACT,1145,654,0,0.0
GCAGATGGTCGCCGACTGCC,1761,957,0,0.0
GCAGCCACCTAGAGGTATTC,861,604,0,0.0
GCAGCCACCTATGACATCTC,1026,657,0,0.0
GCAGCCACCTTTCAATCAGC,1010,694,0,0.0
GCAGCCGTCGAGGTGATGAC,983,670,0,0.0
GCAGCCGTCGCGCTATATCC,2433,1436,0,0.0
GCAGCGGCAGAATCTGTGCT,657,525,0,0.0
GCAGCGGCAGGTTGATGCCT,505,435,0,0.0
GCAGCGGCAGTGTTGCCATA,655,519,0,0.0
GCAGGAAGGAACGGTGCGCA,2331,1427,0,0.0
GCAGGAAGGAGGACAGGCAG,814,625,0,0.0
GCAGGAAGGAGTCGATTCGT,1286,912,0,0.0
GCAGGAAGGATAATCCGGAT,698,374,0,0.0
GCAGGCCGTTAGACTCTCCA,863,592,0,0.0
GCAGGTACTGAGCAGTGGTA,1327,839,0,0.0
GCAGGTACTGGACATGGTTA,3887,1891,0,0.0
GCAGTGTTCCCAGCGCTAAC,1697,1034,0,0.0
GCAGTGTTCCGAGAGCTCCG,2427,1435,0,0.0
GCATACTGAATGAACGAGGT,1654,904,0,0.0
GCATAGCCGCTCTACTTAAC,555,431,0,0.0
GCATAGTACAATCCAGGAGA,1872,1114,0,0.0
GCATAGTACACATGCTGACG,1747,1099,0,0.0
GCATAGTACAGGACTTCATC,788,607,0,0.0
GCATAGTACAGTTGATGCCT,960,629,0,0.0
GCATCCTTGGAATTCGAGGT,4420,2334,0,0.0
GCATCCTTGGCAGTGGAGCT,1367,898,0,0.0
GCATCCTTGGCCACCGCATG,2285,1384,0,0.0
GCATCCTTGGGGCTAACAGG,725,558,0,0.0
GCATCCTTGGTTACTTAGAG,2048,1212,0,0.0
GCATCGCGAAACGTCCAGTC,1157,810,0,0.0
GCATCGCGAAATCGTTACCG,2475,1157,0,0.0
GCATCGCGAACTCCGGCCGA,825,623,0,0.0
GCATCGCGAACTCTCCACCA,1217,789,0,0.0
GCATCGCGAATAGTTCGAAC,1395,856,0,0.0
GCATGCAATTGCGCGCCTCG,4073,1820,0,0.0
GCATGGACGAATAGAGCGTC,5271,2161,0,0.0
GCATGGACGAGAGAACCTAA,835,639,0,0.0
GCATGGACGATTCATCGTCC,858,527,0,0.0
GCCAACGACAGTGGTACAGG,779,585,0,0.0
GCCAACGACATACTTCCACG,3381,1539,0,0.0
GCCACACTGAAACCAATAAG,912,606,0,0.0
GCCACACTGAAACGCGTGGC,4444,2282,0,0.0
GCCACACTGAATGACACTGG,1558,895,0,0.0
GCCACACTGACGTGATAAGT,1776,990,0,0.0
GCCACACTGACTATCATCCG,2218,1341,0,0.0
GCCACGAAGTATTCCACGGT,1165,821,0,0.0
GCCACGAAGTCTAAGTCTTG,1190,811,0,0.0
GCCACGAAGTCTCTTGGCTG,1133,809,0,0.0
GCCACGAAGTTTGGTCCAGC,574,450,0,0.0
GCCAGCCTCAAGAACTGTGT,2066,1191,0,0.0
GCCAGCCTCAGAGTATGGCA,1170,832,0,0.0
GCCAGCCTCATGAGGATCAT,2767,1567,0,0.0
GCCAGTGGTTAGAGAACGGA,5137,2171,0,0.0
GCCAGTGGTTAGGAACGACG,873,658,0,0.0
GCCAGTGGTTCCACCGCATG,1388,888,0,0.0
GCCAGTGGTTCGGAAGGTTG,1729,986,0,0.0
GCCAGTGGTTTCTGGATACA,12735,3731,0,0.0
GCCATCCAGCTACCGTAGCC,2272,1069,0,0.0
GCCATCCAGCTGTATACACG,1188,797,0,0.0
GCCATTGTACACCGGTGAGA,1819,1206,0,0.0
GCCATTGTACACTTGAATCC,3069,1378,0,0.0
GCCATTGTACTCAGTGTTAA,1804,1033,0,0.0
GCCGAGATGCAAGTGTGACT,1970,1336,0,0.0
GCCGAGATGCCTCCTTACAC,1263,769,0,0.0
GCCGAGATGCGAATGATATA,2654,1289,0,0.0
GCCGAGATGCGAGATTAGTT,2069,973,0,0.0
GCCGAGATGCGGTTGCACTC,2501,1493,0,0.0
GCCGAGATGCTCTCAGAACC,1049,633,0,0.0
GCCGGAGGTACGTTAAGTTC,2085,1140,0,0.0
GCCGGAGGTAGTCATGCCAG,2238,1200,0,0.0
GCCGTATTGACTTGTGGCGA,7155,3144,0,0.0
GCCGTATTGAGGACTTCATC,2035,1271,0,0.0
GCCGTATTGAGGTTAGTACT,502,420,0,0.0
GCCGTATTGATCACAAGGTT,1292,827,0,0.0
GCCGTATTGATGCCGCGCTG,632,504,0,0.0
GCCGTCATTCAGGCATTGGC,590,481,0,0.0
GCCGTCATTCTAGATCGCGA,506,372,0,0.0
GCCGTCATTCTCATGACAGC,3274,1824,0,0.0
GCCGTCATTCTCGAACACAT,1597,1000,0,0.0
GCCTAGAACGTTAATGATCC,1868,1068,0,0.0
GCCTAGGTGGGTATAAGGTC,1017,606,0,0.0
GCCTAGGTGGTTCTAGACCG,584,476,0,0.0
GCCTCGTGGTTCCTCACTCA,543,418,0,0.0
GCCTCTCTTCAGAATTCCTG,4789,1769,0,0.0
GCCTTATAATTGGAGGCAAT,1108,622,0,0.0
GCCTTGACTACATAGCGTGG,2715,1440,0,0.0
GCCTTGACTACGTACCTAAT,1045,760,0,0.0
GCGACAATCCACGGTTCGTT,677,416,0,0.0
GCGACAATCCCGGAGCCAGC,1484,967,0,0.0
GCGACAATCCGCGGCATAGC,1036,734,0,0.0
GCGAGGCGTGTGTCCTCATG,2696,1426,0,0.0
GCGATTCGAACTCGATAGAT,1188,842,0,0.0
GCGCAGAGATAGTGAGTAAG,1503,953,0,0.0
GCGCAGAGATGGTCTTCACA,9134,3622,0,0.0
GCGCAGAGATGGTGGACATA,3208,1280,0,0.0
GCGCAGGCACGAGTATGGCA,1746,988,0,0.0
GCGCAGGCACTCACATAGAC,10583,3636,0,0.0
GCGCCGCCGGAGACGGATGT,1052,813,0,0.0
GCGCCGCCGGAGTGTTGTGC,1725,1022,0,0.0
GCGCCGCCGGATGTGGTTAA,2063,1258,0,0.0
GCGCCGCCGGGGTTACTGAG,4796,2282,0,0.0
GCGCCGCCGGTCTACGGACA,3192,1814,0,0.0
GCGCCGCCGGTTGCCAGTTA,686,540,0,0.0
GCGCCGGTCAATATCAGCTC,2546,1399,0,0.0
GCGCCGGTCAGCGAAGATAG,1678,1044,0,0.0
GCGCCTCTCTCACTTGTAAG,2084,1214,0,0.0
GCGCCTCTCTGCTATAGTAT,2546,1526,0,0.0
GCGCCTCTCTTTCTGCAACT,1409,849,0,0.0
GCGCCTTACAGCTCAAGTTC,1727,1058,0,0.0
GCGCGAGAGCATTGCATTAC,2555,905,0,0.0
GCGCGAGAGCGAATCTACGC,2465,1372,0,0.0
GCGCGAGAGCTCCAATATGG,2746,1377,0,0.0
GCGCTCTACCCTAGCCGCCA,1576,956,0,0.0
GCGCTCTACCGTCTGATTAT,572,387,0,0.0
GCGGAGCTTGCCATGGCGTG,2733,1452,0,0.0
GCGGATTCTGAACGCTACCT,3981,1472,0,0.0
GCGTACACTGACCATACGAG,900,682,0,0.0
GCGTACACTGATATGTCCTT,2945,1695,0,0.0
GCGTACACTGCCACTGGAAC,1041,705,0,0.0
GCGTACACTGCTCACAAGAC,1663,1088,0,0.0
GCGTACACTGGACAATTGTC,705,493,0,0.0
GCGTACACTGTAAGGACTGC,997,582,0,0.0
GCGTCATCCTCCACGTTGAG,2207,1253,0,0.0
GCGTCATCCTTCGGTATAAT,696,570,0,0.0
GCGTCCTTCACAATACCGTA,2217,1269,0,0.0
GCGTCCTTCACGAATGTTGC,3128,1718,0,0.0
GCGTCTGCCATAATATTAAC,3381,1751,0,0.0
GCGTGCATTAAAGTAGTAAT,714,584,0,0.0
GCGTGCATTAGGTTAGTACT,2500,1327,0,0.0
GCGTGCATTAGTTAATCGAG,2107,1074,0,0.0
GCGTGCATTATCAGACTCAC,803,624,0,0.0
GCGTGCATTATGTACGGTAG,4559,1886,0,0.0
GCGTGCTAGTAGAGAACGGA,3122,1280,0,0.0
GCGTGCTAGTCAGGTCGATG,2476,1190,0,0.0
GCGTGCTAGTGCTTGGAATA,11573,2902,0,0.0
GCGTTATATACTATGGCAAG,1129,800,0,0.0
GCTAACACGTATGGAATGTA,22637,5135,0,0.0
GCTAACACGTATTGTAATGT,542,435,0,0.0
GCTAACACGTGATGATCCGC,2477,1294,0,0.0
GCTAACACGTTTATGACATT,6544,2935,0,0.0
GCTAACGGTCATGTTACCGG,1204,730,0,0.0
GCTAACGGTCGCGAGTTAAT,1315,751,0,0.0
GCTAACGGTCTACACAGGCG,704,563,0,0.0
GCTAAGTGGTGCACGAACAG,2154,1075,0,0.0
GCTAAGTGGTTACTCAACGG,879,662,0,0.0
GCTAAGTGGTTCACTCTGAT,1286,856,0,0.0
GCTAATCTGAAGTCGGCATT,1519,909,0,0.0
GCTAATCTGACATATCGGCC,888,635,0,0.0
GCTAATCTGACTGAGTGCTG,1263,806,0,0.0
GCTAATCTGACTTCCTGGCG,1068,661,0,0.0
GCTACCTGCGTCGGTATAAT,1439,766,0,0.0
GCTACCTGCGTTCGGCTAAC,1038,784,0,0.0
GCTAGGCACAACTGGTCCGC,1094,797,0,0.0
GCTAGGCACACGTTGCATGG,1418,982,0,0.0
GCTATACAAGAGGTTGGCAG,1198,849,0,0.0
GCTATACAAGTAACCATCCT,1080,738,0,0.0
GCTCACAATGCAGGTCGATG,1393,853,0,0.0
GCTCACAATGTGAGACCGTA,2264,1333,0,0.0
GCTCCGGCTTGCGACCGTGG,522,426,0,0.0
GCTCCGGCTTGCGGCATAGC,590,473,0,0.0
GCTCCTCACCAAGGCAACAT,802,558,0,0.0
GCTCCTCACCCGCATATGTT,4959,2357,0,0.0
GCTCCTCACCGCCTGTTACA,3348,1848,0,0.0
GCTCCTCACCTCACTCTGAT,744,522,0,0.0
GCTCGCTATAATTCCTTGCT,2074,1300,0,0.0
GCTCGCTATATGTTACATCA,1349,933,0,0.0
GCTCTGAACGTCGCTTACCG,1404,945,0,0.0
GCTCTGAACGTTCGGCTAAC,1002,704,0,0.0
GCTGACGACGCTGGCCACTG,776,573,0,0.0
GCTGATCAAGATTCTCTTAG,760,596,0,0.0
GCTGGTTCTTAATGGCGTGA,2179,842,0,0.0
GCTGGTTCTTGTGTCGGTTA,1716,948,0,0.0
GCTGTCTATCATCACGGTGG,964,670,0,0.0
GCTGTCTATCGTCTCCGGTT,1232,859,0,0.0
GCTGTGCAGGGAGTTATCTT,1187,728,0,0.0
GCTTAACCTTGTCCGTAATC,522,416,0,0.0
GCTTATTATAAACTCAGTTA,1045,644,0,0.0
GCTTATTATAGAGTCCACTC,1508,1031,0,0.0
GCTTATTATATCCACGTTGT,4567,1805,0,0.0
GCTTCCAGTACATGCTGACG,534,433,0,0.0
GCTTCGTTCTATGACTCCGT,1696,1090,0,0.0
GCTTCGTTCTGCCGAGTTAT,605,322,0,0.0
GCTTCGTTCTGGATCGCTGT,1540,927,0,0.0
GCTTCGTTCTGTAGGATTGA,1879,1157,0,0.0
GGAAGGTTGGTTCATCGTCC,752,566,0,0.0
GGACATGTCCTCCTCATGTT,3736,1895,0,0.0
GGACCTGTAAATCTGCAGAG,3390,1879,0,0.0
GGACCTGTAACAGGCTCAGT,6966,2520,0,0.0
GGACCTGTAAGGTGCAGTCT,3926,2019,0,0.0
GGACGGATCCATACCTATAT,1396,633,0,0.0
GGACTCGGCAACGACAGATC,1895,929,0,0.0
GGACTCGGCATGCGGCCGAA,6041,2497,0,0.0
GGACTTCTGGCGGTAGGTGC,3016,1576,0,0.0
GGAGAATTCCATGGTTGGAA,1772,962,0,0.0
GGAGAATTCCTCACGGTACA,503,430,0,0.0
GGAGATCTTCTATATAGACC,1008,723,0,0.0
GGAGCAGACACCAGTTAGAT,792,603,0,0.0
GGAGCAGACACTGGTCTAAC,882,663,0,0.0
GGAGCAGACATATACATAGT,1935,1119,0,0.0
GGAGCAGACATATGTGGTAA,2056,1234,0,0.0
GGAGCAGACATTGGAATATG,789,446,0,0.0
GGAGGAACTTATCATACTTA,1850,1157,0,0.0
GGAGGAACTTGGATTAGTCT,3223,1215,0,0.0
GGAGGAACTTTAGACCGACT,1294,875,0,0.0
GGAGTTGTTAAGAAGGTAAT,1059,664,0,0.0
GGAGTTGTTATCTCTTACGC,1942,1228,0,0.0
GGATATACTAGCAGGTCCGA,1959,1186,0,0.0
GGATCTTGGAAGGTCTTCGG,3617,1938,0,0.0
GGATGTAATCTTGGAATATG,1396,925,0,0.0
GGATGTATAACGGATGCCGA,1696,1061,0,0.0
GGATGTATAACTGTAGTTGT,6559,2811,0,0.0
GGATGTATAATTATGCGTCT,2391,1445,0,0.0
GGATTAACCAAGGAGATACT,1125,724,0,0.0
GGATTAACCAGGCATCAGCG,1293,919,0,0.0
GGATTAACCATAAGCATCGC,1141,572,0,0.0
GGATTACATTACAATCACCG,2039,1346,0,0.0
GGATTACATTCACTATAAGA,1287,802,0,0.0
GGATTACATTGATCAACGGC,1151,797,0,0.0
GGATTACATTGGTTGCACTC,1447,1003,0,0.0
GGATTACATTTGCGTGCGCT,3119,1565,0,0.0
GGCAAGCGATATACCTATAT,1469,902,0,0.0
GGCAAGCGATGAGAGAAGGA,973,684,0,0.0
GGCAATAACCCATGCTGACG,2127,1268,0,0.0
GGCAATAACCCGGTTCGTAT,1136,731,0,0.0
GGCAATAACCGGAATGAAGA,2428,1349,0,0.0
GGCACAAGGCACTCCTGTCG,7462,2900,0,0.0
GGCACAAGGCCTGGCACACA,780,596,0,0.0
GGCACAAGGCTATGCATACC,5057,2392,0,0.0
GGCACAAGGCTTGCTCGGAA,725,560,0,0.0
GGCAGACACTACGCGTCAAT,545,470,0,0.0
GGCAGACACTCAAGTAACCA,1011,638,0,0.0
GGCAGACACTTGTGGATCGG,1105,796,0,0.0
GGCAGTGCTCATTCCACTTC,1657,947,0,0.0
GGCAGTGCTCCCAAGACACA,612,480,0,0.0
GGCAGTGCTCTGTACACTAT,3060,1194,0,0.0
GGCAGTTCAGAGTCGGCATT,3650,1805,0,0.0
GGCATGCCGTAAGTTATGGC,1679,882,0,0.0
GGCATGCCGTATTGCATTAC,769,591,0,0.0
GGCATGCCGTTCTCTCTAGC,939,675,0,0.0
GGCCGAAGTTATAGAGCGTC,2149,1278,0,0.0
GGCCGAAGTTATGAGTTCAC,1037,814,0,0.0
GGCCGAAGTTCAGAATGGAT,766,579,0,0.0
GGCCGATTCTACTCCTGTCG,1521,1029,0,0.0
GGCCGATTCTATGTTACCGG,949,580,0,0.0
GGCCGATTCTGACCGCGTGC,7253,2778,0,0.0
GGCCGATTCTTCCACCTCAT,1714,1177,0,0.0
GGCCGGATGAACCGTGAGAG,5811,2476,0,0.0
GGCCGGATGAATAGGTTGAG,1115,813,0,0.0
GGCCGGATGAATATGTCCTT,4251,2048,0,0.0
GGCCGGATGACGACAGTACG,2873,1217,0,0.0
GGCCGGATGATATGCTCGGA,3942,1527,0,0.0
GGCCTAGCTGCGAATGTACT,1436,985,0,0.0
GGCGAGTAGGAACTTATTAA,790,628,0,0.0
GGCGAGTAGGGCTCAAGTTC,3749,1658,0,0.0
GGCGATGGCCGACGCGCCAC,2353,1420,0,0.0
GGCGATGGCCGGCCGCTCAC,836,345,0,0.0
GGCGATGGCCTTGCCACTCC,3174,1546,0,0.0
GGCGGAGTCGAAGTGAAGAA,2149,1256,0,0.0
GGCGGAGTCGCATATCGGCC,7878,2990,0,0.0
GGCGGAGTCGGGTTAGTACT,2636,1350,0,0.0
GGCGGAGTCGTGTACGGTAG,732,544,0,0.0
GGCGGTATGTCAATCGCGCA,598,457,0,0.0
GGCGGTATGTCGCAGACCAG,1415,835,0,0.0
GGCGGTATGTCTAATAGCCT,552,452,0,0.0
GGCGGTATGTCTCTCCTTAA,991,746,0,0.0
GGCGGTATGTTCACTCTGAT,1474,912,0,0.0
GGCGTTACCTAATACGTTGA,2765,1529,0,0.0
GGCGTTACCTGCACTAATTC,2965,1553,0,0.0
GGCGTTACCTGCGAAGATAG,1911,1170,0,0.0
GGCGTTACCTTTCGGCTAAC,1946,1200,0,0.0
GGCTAAGTACAGGCGAATCG,1550,1046,0,0.0
GGCTAAGTACCACGAGAAGT,1762,1132,0,0.0
GGCTCCTTAGAACGTTGGTC,5074,2098,0,0.0
GGCTCCTTAGATCGGCTGAA,2019,951,0,0.0
GGCTCCTTAGCGACGGTAAC,3113,1526,0,0.0
GGCTCCTTAGTTCAATCAGC,525,430,0,0.0
GGCTCGTCATAGGTTATCTA,1703,728,0,0.0
GGCTCGTCATATTGCTCTGT,1124,768,0,0.0
GGCTCTACAAAAGGAACTGC,2058,921,0,0.0
GGCTCTACAACACCTACCGC,1833,880,0,0.0
GGCTCTACAACTGGAAGCCG,3152,1642,0,0.0
GGCTGCAACAGTCTGTGGAA,2703,1511,0,0.0
GGCTGCCTGTAATGCGGCAT,1645,803,0,0.0
GGCTGCGAACAACGCGGACA,1685,1033,0,0.0
GGCTGCGAACAGTGTTGTGC,580,474,0,0.0
GGCTGCGAACCATCGTTGTT,833,580,0,0.0
GGCTGCGAACGACGTCCACA,3080,1658,0,0.0
GGCTGCGAACGGTATGTGGA,2105,1097,0,0.0
GGCTTCTCTTAAGCTTATTA,1744,977,0,0.0
GGTAAGTATCTGCCATAGCT,4956,2027,0,0.0
GGTACCGGAGTACTTCCACG,913,642,0,0.0
GGTAGGACTACGAATCTCCG,2972,1439,0,0.0
GGTAGGACTAGCCGACTCTT,521,426,0,0.0
GGTATACTGGACGATACCAA,1199,833,0,0.0
GGTATACTGGCGGAGCGTCA,1146,698,0,0.0
GGTATACTGGCGTGAGTGCG,7120,2257,0,0.0
GGTATACTGGGTTCGAGGTT,1655,1054,0,0.0
GGTATACTGGTCACAGTCCG,1233,801,0,0.0
GGTATACTGGTGTGGATCGG,1903,1148,0,0.0
GGTATAGATCGTCACATTGT,945,634,0,0.0
GGTATAGATCTAAGGAGTTA,873,642,0,0.0
GGTATTAGGCATTGCATTAC,1680,1035,0,0.0
GGTATTAGGCCGGTTGATGT,620,484,0,0.0
GGTATTAGGCCTATTGGAAT,1630,874,0,0.0
GGTATTAGGCGGCGAATCTC,3568,1879,0,0.0
GGTCAGATTGGCGTAGGTCT,1013,746,0,0.0
GGTCAGATTGGGCTTAGACC,1309,780,0,0.0
GGTCAGTGTACACTAAGGAG,4103,1515,0,0.0
GGTCAGTGTATCACGGTACA,836,589,0,0.0
GGTCAGTGTATCATAAGATA,2254,1261,0,0.0
GGTCCTCCGTACAGCGTTAG,4866,1839,0,0.0
GGTCCTCCGTACGTACCATT,1568,1009,0,0.0
GGTCCTCCGTAGTCAGGTCC,1268,861,0,0.0
GGTCCTCCGTGGCCTGGAGA,2242,1288,0,0.0
GGTCCTCCGTGTAAGCTGGC,2714,1460,0,0.0
GGTCCTCCGTTTCGGCTAAC,1937,1226,0,0.0
GGTCGCAAGTATGCTAACAT,1811,934,0,0.0
GGTCGCAAGTGAGTCCATAG,1311,839,0,0.0
GGTCGCAAGTGCCGCCATCA,791,597,0,0.0
GGTCTATCAGCGGCCACCTG,1603,755,0,0.0
GGTCTATCAGTTACGTAACG,7073,2974,0,0.0
GGTCTCAGTAAGAATTCCTG,745,470,0,0.0
GGTCTCAGTATAGTGTCATG,1527,759,0,0.0
GGTCTCAGTATGATTAGCTG,1542,991,0,0.0
GGTGACATCTTTATTAACAT,1372,847,0,0.0
GGTGACTGGTAACGTTGGTC,1429,1000,0,0.0
GGTGACTGGTACCGAAGACA,890,519,0,0.0
GGTGACTGGTGCCTCTCGCG,2334,1350,0,0.0
GGTGACTGGTTTATGACATT,2351,1453,0,0.0
GGTGACTGGTTTCCTGTCAT,2302,1277,0,0.0
GGTGCGTTCCCGAATCTCCG,1337,929,0,0.0
GGTGCGTTCCGCGCAATCCG,1641,999,0,0.0
GGTGCGTTCCGGTGTTAATC,2375,1272,0,0.0
GGTGGTGTTGGTCGCGTTCA,1857,1236,0,0.0
GGTGGTTAGGCAAGTGCTCC,914,578,0,0.0
GGTGGTTAGGCCGTACTTCC,2302,989,0,0.0
GGTGGTTAGGGATCACAGTT,1405,941,0,0.0
GGTGTACAACAATCAGACGG,3619,1237,0,0.0
GGTGTACAACTGTCCTAGCA,10349,3347,0,0.0
GGTGTGCTGACCTATTGGAC,823,563,0,0.0
GGTGTGCTGACTCCTTGCCG,806,606,0,0.0
GGTGTGCTGAGGCTCTAACT,990,698,0,0.0
GGTGTTCCTAATGTACGAAG,1762,1103,0,0.0
GGTGTTCCTAGACCACTGAA,1461,823,0,0.0
GGTGTTCCTAGAGCCAGCGT,651,526,0,0.0
GGTGTTCCTATAAGTGACAT,780,523,0,0.0
GGTTACTCTAATCATACTTA,811,566,0,0.0
GGTTACTCTAGACATGGTTA,1163,801,0,0.0
GGTTATGTCTATCTGTGTAC,8476,2725,0,0.0
GGTTATGTCTCGCTGAATGA,969,710,0,0.0
GGTTCTGTTCTCGGAGGTAG,2850,1438,0,0.0
GTAACAGGCGAGGCGCGTGA,1217,832,0,0.0
GTAACAGGCGAGTTCCACGT,2569,1401,0,0.0
GTAACAGGCGGAACGGTTGA,2559,1217,0,0.0
GTAACAGGCGGCTGCGTAAT,1278,951,0,0.0
GTAACCAGTTGTCTCCGGTT,668,523,0,0.0
GTAACGTTCCAGTCAGGTCC,559,457,0,0.0
GTAAGACACGGGATAGAGAT,830,642,0,0.0
GTAAGACACGGGTGTTAATC,1665,963,0,0.0
GTAAGCGCACCATCCACGCC,948,691,0,0.0
GTAAGTTGTTAGTGTGCTCT,2161,1166,0,0.0
GTAAGTTGTTGAACTCATCT,1551,940,0,0.0
GTAATCTCTCGCACTAATTC,3445,1589,0,0.0
GTACAAGCCTCCTGTACTGG,3688,1659,0,0.0
GTACAAGCCTGACGACGGCT,1146,719,0,0.0
GTACAAGCCTGCACTAATTC,1996,769,0,0.0
GTACAAGCCTGTAATGCTGA,1068,706,0,0.0
GTACAAGCCTTGCGGCCGAA,915,636,0,0.0
GTACAAGCCTTGGCTATACC,1656,1116,0,0.0
GTACCGCTACTGAATTGCAT,2324,1134,0,0.0
GTACGACGCTCGGTTAAGTG,3440,1519,0,0.0
GTACGACGCTGGTACCTTAA,1509,1036,0,0.0
GTACGACGCTTCTGCAGCGT,820,511,0,0.0
GTACGCTTGGAAGTTAATGG,797,599,0,0.0
GTACGCTTGGACGGCTCACG,624,496,0,0.0
GTACGCTTGGCAGAGAAGTG,993,645,0,0.0
GTACGCTTGGGAATCTTGTT,676,526,0,0.0
GTACTACAGTATGGTCAGCC,1781,795,0,0.0
GTACTACAGTCACACTGCAT,586,498,0,0.0
GTACTACAGTCCAGGACGGC,566,452,0,0.0
GTACTACAGTCCGCAGCAAG,1772,1108,0,0.0
GTACTACAGTTCTTGCCAAT,605,475,0,0.0
GTACTGACTCATTAGTAGGA,952,670,0,0.0
GTACTGACTCGATAGTACGC,897,632,0,0.0
GTACTGACTCTAGATCGCGA,2451,1516,0,0.0
GTACTGACTCTCCTCGGACT,1068,705,0,0.0
GTAGAATGAGGACCACTATT,5437,2544,0,0.0
GTAGAATGAGTGTATTGAAG,3149,1324,0,0.0
GTAGATTATAATGTACCGTG,3754,1660,0,0.0
GTAGTAGAGCATACTATGTT,1759,1085,0,0.0
GTAGTAGAGCCTACGCCAGC,3867,2010,0,0.0
GTAGTAGAGCGGATATGTTG,883,576,0,0.0
GTAGTAGAGCTAACTGATGG,1925,1031,0,0.0
GTAGTAGTCGATCACGGTGG,534,449,0,0.0
GTAGTAGTCGATCTGTGTAC,1617,1095,0,0.0
GTATACGTCGCAGGATACTC,2506,1146,0,0.0
GTATACGTCGGGCGTCACTG,649,508,0,0.0
GTATACGTCGGTCAAGTTAC,1249,867,0,0.0
GTATACGTCGTGGCCGTCTC,1441,894,0,0.0
GTATACGTCGTTCTCTATGA,2333,1199,0,0.0
GTATCGCAGACCGCCTTGGT,3728,1940,0,0.0
GTATCGCAGATCTCAGAACC,3927,1666,0,0.0
GTATCTCGTACCGCGCATGA,1739,1133,0,0.0
GTATCTCGTAGAATCCTCGT,2000,1118,0,0.0
GTATGCTACAAGCCGTCTCG,4788,2245,0,0.0
GTATGCTACACTATGGCAAG,1175,827,0,0.0
GTATGCTACAGCCGTTAGTT,757,601,0,0.0
GTATGCTACAGCGCTAGCAT,1301,875,0,0.0
GTATGCTACATTACGATGGT,5334,1921,0,0.0
GTATTATAGACGATTCATCC,3456,1914,0,0.0
GTATTATAGAGCTCGTGATC,1211,816,0,0.0
GTATTATAGATCGGTATAAT,1952,1112,0,0.0
GTATTATAGATCGTACACGA,1356,967,0,0.0
GTATTCACTGCACCTACCGC,717,502,0,0.0
GTATTCACTGCCAACTTCAC,777,560,0,0.0
GTATTCACTGGGCGTCACTG,1077,764,0,0.0
GTATTCGGCCCAACGCGTTG,4281,2063,0,0.0
GTATTCGGCCCTTGGTGTTC,2614,1428,0,0.0
GTATTCGGCCTGTCCTAGCA,3443,2004,0,0.0
GTATTGGACAGGTTCGGTAT,3564,1534,0,0.0
GTATTGGACAGTCTTCCTCT,1316,833,0,0.0
GTCAATAGTGCAGCGCTAAC,829,581,0,0.0
GTCACACAAGTAGGTGCCTT,7819,3111,0,0.0
GTCACACAAGTCACAAGGTT,3938,1968,0,0.0
GTCACGCGCGCCGATTAAGC,4139,1754,0,0.0
GTCACGCGCGTCTATCGAGG,1625,949,0,0.0
GTCACGCGCGTTGCTACATG,675,494,0,0.0
GTCACTACATACGAGCGAGC,2029,1120,0,0.0
GTCACTACATGAATCTACGC,505,403,0,0.0
GTCAGATAGATAACTATAGA,1895,1229,0,0.0
GTCATAATGCACGCCAACAG,1284,911,0,0.0
GTCATAATGCCTCACAAGAC,1108,806,0,0.0
GTCATTCCTTATATTGCTAA,603,498,0,0.0
GTCATTCCTTATGTGGTTAA,1870,1088,0,0.0
GTCATTCCTTGAAGTCTTGT,1217,739,0,0.0
GTCATTCCTTGCTAACCTAC,1112,786,0,0.0
GTCATTCCTTTTACGATGGT,8083,3281,0,0.0
GTCCAAGGAAATTGCGTTCG,4533,2056,0,0.0
GTCCAAGGAATAATGTCTTA,768,417,0,0.0
GTCCAAGGAATTACACGCAC,2151,1019,0,0.0
GTCCACAATACTCTTCGCAT,901,672,0,0.0
GTCCAGGACCACCGGCCACA,2145,1234,0,0.0
GTCCAGGACCTTAATAGTAC,1039,751,0,0.0
GTCCGCCTCCAGCCTACCAA,867,662,0,0.0
GTCCGGTAAGACGTCCAGTC,2791,1516,0,0.0
GTCCGGTAAGTGGACCTGTG,2511,1405,0,0.0
GTCCGGTCTCTGTAACGATA,1968,1035,0,0.0
GTCCGGTCTCTTCTCTATGA,6433,2695,0,0.0
GTCCTTCCGCCTTGCAACAA,1636,917,0,0.0
GTCCTTCCGCGCCTGTTACA,671,540,0,0.0
GTCCTTCCGCGGCTTAGACC,502,321,0,0.0
GTCCTTCCGCTCCGATTCGA,904,546,0,0.0
GTCCTTCCGCTTAATACCAA,511,419,0,0.0
GTCGACTACGGGAATAGACG,3323,1739,0,0.0
GTCGACTACGGTTGGCTCGC,1395,847,0,0.0
GTCGACTACGTCATATATTC,1224,810,0,0.0
GTCGGAACTCCGTTGAGCAA,1221,882,0,0.0
GTCGTCGGCGAACCAATAAG,817,420,0,0.0
GTCGTCGGCGGGCTGTCTTG,3082,1603,0,0.0
GTCTACTCTGATTCTCCATA,2226,1251,0,0.0
GTCTACTCTGCATACGTGGC,2859,1414,0,0.0
GTCTACTCTGGAATCTACGC,1626,1019,0,0.0
GTCTAGCTTACATAATCGTC,848,617,0,0.0
GTCTCCACACATCCATCCGA,1965,1012,0,0.0
GTCTCCACACTTAAGAGATC,3076,1603,0,0.0
GTCTGAGGCCCGCCTGCGAT,669,529,0,0.0
GTCTGGTTGATCAGTGTTAA,9520,3247,0,0.0
GTCTGGTTGATCTTGGTACC,1214,874,0,0.0
GTCTTAGATAATTGCTCTGT,870,603,0,0.0
GTCTTAGATACGTGCACGGA,1033,683,0,0.0
GTCTTAGATATTCATCGTCC,2461,1201,0,0.0
GTCTTCGTAGTACTAACTTG,615,391,0,0.0
GTCTTGTCCAACCTACGGCT,1734,980,0,0.0
GTCTTGTCCAAGAGGTCGTT,592,454,0,0.0
GTCTTGTCCACGCAGTAGAT,860,640,0,0.0
GTCTTGTCCACTGCAACGAC,1252,736,0,0.0
GTCTTGTCCATGAAGATATG,1406,893,0,0.0
GTCTTGTCCATTACGTAACG,1638,1016,0,0.0
GTGAACCACAATGTGGTTAA,3548,1769,0,0.0
GTGAACCACACGTAATTCTT,625,516,0,0.0
GTGAAGAGGCCCACCGCATG,1181,716,0,0.0
GTGAAGAGGCCCGTCGCCAC,2971,1477,0,0.0
GTGAAGAGGCTCCTGTGGCT,584,500,0,0.0
GTGAAGAGGCTCGCCTATTA,631,492,0,0.0
GTGAAGGCCTGCTGCGTAAT,8365,2811,0,0.0
GTGAAGGCCTTGTCCTCATG,501,425,0,0.0
GTGACCGTTCGATCACAGTT,747,526,0,0.0
GTGACGACTTCTGGCCACTG,4676,2327,0,0.0
GTGACGACTTTAGAGCTAGT,1119,741,0,0.0
GTGACGACTTTATGTGGTAA,1438,800,0,0.0
GTGACTCGCAATATCAGCTC,590,479,0,0.0
GTGACTCGCACTAGCCGCCA,1324,802,0,0.0
GTGACTCGCATCATCGAGGC,2668,1391,0,0.0
GTGATAGTCAATACATTATC,2207,1278,0,0.0
GTGATAGTCACGGTGGTATG,1764,1091,0,0.0
GTGATAGTCAGAATCGACAT,1015,737,0,0.0
GTGATATCAAGTCGCGTTCA,1026,737,0,0.0
GTGATATCAATGGTTCATAG,7649,2789,0,0.0
GTGCAATATATGTCATCGTA,500,428,0,0.0
GTGCATATTCTCAATCACGC,1016,682,0,0.0
GTGCCGAGTGACGATAATCA,24268,6130,0,0.0
GTGCCGAGTGATCACTAATC,2549,1298,0,0.0
GTGCCGAGTGGCTGCGTAAT,1733,1106,0,0.0
GTGCCGAGTGTCTGGTCTCG,4585,2154,0,0.0
GTGCCGTACGCCGTGCCGCA,931,644,0,0.0
GTGCCGTACGCGCTGAATGA,7153,2345,0,0.0
GTGCCGTACGTTCCTTAACT,2721,1241,0,0.0
GTGGAGACCACAAGCTAGCT,861,612,0,0.0
GTGGAGACCATATCATCCTT,2953,1597,0,0.0
GTGGCAAGATCATGCCACAC,4527,2306,0,0.0
GTGGCCTTGGCCGTGCCGCA,1353,933,0,0.0
GTGGCCTTGGTCTCCTACAG,1484,907,0,0.0
GTGGTGATAAGCGCTTGCGG,4328,1809,0,0.0
GTGGTGATAATTACTTCGGC,1689,1011,0,0.0
GTGGTTCTTCATGCAGATCC,596,474,0,0.0
GTGGTTCTTCGATTCCTACG,13548,3697,0,0.0
GTGGTTCTTCTACTCTTAGG,2446,1411,0,0.0
GTGTACGCACCCTTAGGCTC,1086,773,0,0.0
GTGTACGCACGGCCTTCCAT,1083,706,0,0.0
GTGTACGCACTCATAGCTCA,828,626,0,0.0
GTGTACGCACTGATGAACGG,2041,1077,0,0.0
GTGTACTTGCGCCGACTGCC,1047,629,0,0.0
GTGTACTTGCGCGTAACGTC,9289,2826,0,0.0
GTGTACTTGCGTAGTACTAC,3440,1773,0,0.0
GTGTATTAGGCGATTCATCC,807,621,0,0.0
GTGTATTAGGGACAACCACC,2267,1419,0,0.0
GTGTATTAGGGGATAGGTAA,1530,912,0,0.0
GTGTATTCCTGGTGTAGCGG,1837,967,0,0.0
GTGTCATGGAAATGCGGCAT,626,497,0,0.0
GTGTCATGGAAGCAGTGGTA,1017,774,0,0.0
GTGTCATGGACGAATCTCCG,967,676,0,0.0
GTGTCATGGATAACAGCGAT,1119,770,0,0.0
GTGTCATGGATCGGTATAAT,3608,1905,0,0.0
GTGTCATGGATTATGCGTCT,1298,829,0,0.0
GTGTCCGCGAAGTCGCGCGC,1629,1078,0,0.0
GTGTCCTAATCTAATAGCCT,5392,2092,0,0.0
GTGTCCTAATTCCGATTCGA,635,497,0,0.0
GTGTCCTAATTTAGACTCTA,991,740,0,0.0
GTGTGAAGTGAGACTCTCCA,2016,1099,0,0.0
GTGTGAAGTGCGGATGCCGA,530,451,0,0.0
GTGTGAAGTGTCCTCGGACT,6363,2626,0,0.0
GTGTGACCTTGGCAACGTCG,1662,1038,0,0.0
GTGTGAGTGTGCGCTCATAC,794,496,0,0.0
GTGTGCGCCTGGCTCTAACT,730,566,0,0.0
GTGTGTCTCTGCGTAGGTCT,786,603,0,0.0
GTGTTGCGCAACGCAGCGAA,2642,1417,0,0.0
GTGTTGCGCACGGTAGGTGC,1148,875,0,0.0
GTGTTGCGCATGTTCGTCGT,1283,748,0,0.0
GTGTTGGCAACATGACCACG,1515,759,0,0.0
GTTACTTATGATTCGCCACT,2589,1314,0,0.0
GTTACTTATGGCTTGGAATA,1213,684,0,0.0
GTTATGAGAAATACGGCCTC,2121,1371,0,0.0
GTTATGAGAAGACAATTGTC,1292,852,0,0.0
GTTATGGCTTGGCCTTCCAT,1741,1170,0,0.0
GTTCAGCATAAATCAGACGG,1972,1098,0,0.0
GTTCAGCATAACCGGTGAGA,9974,3458,0,0.0
GTTCAGCATAATGCAGATCC,3259,1379,0,0.0
GTTCAGCATACTTGGACCTA,659,461,0,0.0
GTTCAGCATAGTGAGAACCT,614,477,0,0.0
GTTCCGTTATATTGTAATGT,4924,2328,0,0.0
GTTCCGTTATGAACGCCGAC,2695,1439,0,0.0
GTTCGTCGCAGCCGCACCAG,6308,2606,0,0.0
GTTCGTCGCAGCTCTGCATC,688,572,0,0.0
GTTCGTGTGCGTAAGCTGGC,923,666,0,0.0
GTTCTACCTGGAATAACGAT,1296,898,0,0.0
GTTCTACCTGTCGCAAGGCG,2964,1520,0,0.0
GTTCTACCTGTGCTCTATTC,1432,913,0,0.0
GTTGAACGTCGACCTGTGAT,624,526,0,0.0
GTTGAAGGCGTTGAGGACAT,3464,1467,0,0.0
GTTGAATCGACAGTGTTGGA,620,520,0,0.0
GTTGAATCGATTCGTACGTA,1751,1085,0,0.0
GTTGAGTCCGAGCTTGTGTC,4453,2100,0,0.0
GTTGAGTCCGGGACGGTATA,1445,950,0,0.0
GTTGATGAGGTTCACTTCAA,6719,2668,0,0.0
GTTGCAATGCAGCTGGCCGA,3301,1573,0,0.0
GTTGCAATGCGCCTCTGTAT,2107,1111,0,0.0
GTTGCAATGCTTCCGTACTT,1145,845,0,0.0
GTTGCATCAGGACACCATCC,1236,822,0,0.0
GTTGCATCAGTCACGGTACA,1563,715,0,0.0
GTTGCCGGTGCTCGGACTAG,1739,721,0,0.0
GTTGCGAATTGCTGTGACAA,1297,793,0,0.0
GTTGCGAATTTCGATCTCTG,869,577,0,0.0
GTTGTAACACCCGTGCCTTC,2604,1534,0,0.0
GTTGTAACACCGCTATATCC,1466,878,0,0.0
GTTGTTCCGGCATAGGTGAG,1352,924,0,0.0
GTTGTTCCGGGCGCTCATAC,907,641,0,0.0
TAACAATTAACAGGCTCAGT,7890,3104,0,0.0
TAACAATTAAGAGCCGGATT,1777,1061,0,0.0
TAACAATTAATGATTAGCTG,4215,1889,0,0.0
TAACATTCCACATAGCGTGG,5818,2430,0,0.0
TAACATTCCATCACAGTCCG,902,652,0,0.0
TAACATTCCATCGATTAGTC,667,567,0,0.0
TAACCACTTGAGTGGCGTTC,2756,1581,0,0.0
TAACCACTTGATTGCTTAGC,564,466,0,0.0
TAACCACTTGTAGACGTCTA,1867,1006,0,0.0
TAACCACTTGTCCAAGCGGT,1958,1148,0,0.0
TAACCGGACCCGGCCACGGC,1557,918,0,0.0
TAACGTGATGATTCAACGTA,1334,975,0,0.0
TAACGTGATGGCTCAAGTTC,685,540,0,0.0
TAACGTGATGGCTGAGAGCA,1605,1061,0,0.0
TAACGTGATGTATAATCCGG,5141,2317,0,0.0
TAACGTGATGTCTCAGAACC,1593,940,0,0.0
TAACTTACTACCGCCTTGGT,684,521,0,0.0
TAACTTACTACTTCGGCGTC,878,576,0,0.0
TAACTTACTAGTACTGGTAG,803,614,0,0.0
TAACTTACTATTGAGTAGAA,1382,710,0,0.0
TAAGAAGGACAACTACGTAG,3651,1908,0,0.0
TAAGAAGGACCTCTTCGCAT,4120,2017,0,0.0
TAAGATACAGAGCAGAGCAT,649,543,0,0.0
TAAGATACAGCCAAGCTACT,1828,1150,0,0.0
TAAGATACAGGTCTGATTAT,1620,1010,0,0.0
TAAGCCGTCAATGAGACAGC,1669,1143,0,0.0
TAAGCCGTCAATTCATCCAG,2811,1545,0,0.0
TAAGCGCTCTCGGTGTGAGT,600,499,0,0.0
TAAGGTCAGAGATTCCTACG,1557,916,0,0.0
TAAGGTCGTCCAGTGTTGGA,928,686,0,0.0
TAAGTAATACATGACACTGG,1645,854,0,0.0
TAAGTAATACCCGTCGCCAC,2021,1337,0,0.0
TAAGTAATACGATGGCAATG,1655,1104,0,0.0
TAAGTAATACGCACTAATTC,926,629,0,0.0
TAAGTAATACGTCACATTGT,5219,2377,0,0.0
TAAGTCCAGTAGTACAGCGA,522,419,0,0.0
TAAGTCCAGTTAACTGATGG,530,426,0,0.0
TAAGTCCAGTTTCTCTATGA,2091,1022,0,0.0
TAATAATATGAGGTACGCGG,1164,831,0,0.0
TAATAATATGTACGGCACTA,1141,814,0,0.0
TAATACTGGTGCTCCTAGCT,1240,829,0,0.0
TAATACTGGTGGAGTTAAGG,5896,2456,0,0.0
TAATACTGGTGGCAACGTCG,1518,925,0,0.0
TAATACTGGTTATATAGACC,1109,580,0,0.0
TAATAGAATAAGCTCAGGAG,2761,1554,0,0.0
TAATAGAATAGGTCATTACG,1290,883,0,0.0
TAATATGAGGGTACGGATAA,683,564,0,0.0
TAATTCTCCAAGTTCCGTGC,2821,1293,0,0.0
TAATTCTCCACCAGGTGTAA,2398,1370,0,0.0
TACAATGTAGGCGTCGCATT,550,430,0,0.0
TACAATGTAGGGCTCTAACT,1332,719,0,0.0
TACAATGTAGTGTTACAATG,1521,1012,0,0.0
TACAATGTAGTTGAAGGCTA,906,630,0,0.0
TACAATTACTTAGACCTTAA,774,382,0,0.0
TACAGCCTGTACTCCTGTCG,1548,871,0,0.0
TACAGCCTGTCAAGCTTCTA,2290,1296,0,0.0
TACAGCCTGTTGATAAGGCC,524,415,0,0.0
TACAGCTGCCGTGGATAACC,2418,1340,0,0.0
TACATCACCGAATTCGAGGT,3032,1406,0,0.0
TACATCACCGCCAAGTCTGA,1308,890,0,0.0
TACATCACCGGTCTGATACG,1876,1215,0,0.0
TACCAAGTGTTGTAATTACA,1812,960,0,0.0
TACCGCAATTCCTACGCAAC,814,507,0,0.0
TACCGCAATTCGACGAGACC,1609,881,0,0.0
TACCGCAATTTGCTCCAGTT,4721,2101,0,0.0
TACCGCAATTTGTCCTCATG,3955,1845,0,0.0
TACCGCTCAGACGGTATATC,2289,1051,0,0.0
TACCGCTCAGATATGTCCTT,1028,694,0,0.0
TACCGCTCAGCAGTCAGACA,1098,589,0,0.0
TACCGCTCAGGCAAGGCTCT,2411,1381,0,0.0
TACCGCTCAGTCCTCGGACT,1223,846,0,0.0
TACCTCTACCATTCAACGTA,503,425,0,0.0
TACCTCTACCGGCCAACGGA,991,652,0,0.0
TACCTCTACCTCTCTTACGC,1685,1034,0,0.0
TACCTGCCGTAATTCGAGGT,2267,1400,0,0.0
TACCTGCCGTCCGATTAAGC,3511,1594,0,0.0
TACCTGCCGTGGCTGTCTTG,1610,1001,0,0.0
TACCTGCCGTTTCGCCGGCT,1384,722,0,0.0
TACCTTGCGCCAAGCTAGCT,1473,972,0,0.0
TACGAACTGAATTCTCCATA,2821,1479,0,0.0
TACGAACTGACCGACGCGGC,2200,975,0,0.0
TACGAACTGACGGCCACCTG,1849,1115,0,0.0
TACGAACTGAGTGCTGTCTT,2827,1305,0,0.0
TACGAACTGATCATTACGAG,3652,1541,0,0.0
TACGAATCTGAGGTGATGAC,994,623,0,0.0
TACGAATCTGATACCTATAT,1124,668,0,0.0
TACGAATCTGCATCCACGCC,3080,1672,0,0.0
TACGAATCTGCCTTCGCTAT,2369,1291,0,0.0
TACGAATCTGGACCTGTGAT,1164,752,0,0.0
TACGAATCTGGCGAAGATAG,2183,1240,0,0.0
TACGAGACGACAACGCGTTG,2860,1463,0,0.0
TACGAGACGAGTCATGCCAG,4416,2015,0,0.0
TACGGACAGGATAGAGCGTC,1976,1043,0,0.0
TACGGACAGGTCGCTTACCG,1300,889,0,0.0
TACGGCATCCGACGCGCCAC,2687,1293,0,0.0
TACGTGTAGTGGTTCGGTAT,941,714,0,0.0
TACGTGTAGTTGGCCGTCTC,1091,755,0,0.0
TACTAATCATCGACCAACCG,734,463,0,0.0
TACTAATCATGGCGGCGATA,2159,1187,0,0.0
TACTAATCATTCTTGGTACC,972,611,0,0.0
TACTCCGCCTGGTTCGGTAT,985,700,0,0.0
TACTCCGCCTTATAGAGTTC,2769,1356,0,0.0
TACTCCGCCTTATGTACTTA,511,432,0,0.0
TACTCCGCCTTTATGACATT,598,438,0,0.0
TACTCCTTGCGTGATCGAGA,1611,984,0,0.0
TACTTGAACTAGAGAACGGA,2755,1536,0,0.0
TACTTGAACTTCGTGTGATC,1667,1085,0,0.0
TACTTGAACTTTAGTCTTGC,1408,882,0,0.0
TAGACGCGTCACAGTCGCCA,1464,1039,0,0.0
TAGACGCGTCCCATAGCACG,617,471,0,0.0
TAGACGCGTCGCCGCCACGC,988,652,0,0.0
TAGACGGAACCCACCGCATG,3231,1706,0,0.0
TAGACGGAACTGGATCGACC,1124,730,0,0.0
TAGATAATTGATCCTGTATT,1681,1125,0,0.0
TAGATAATTGGATCACAGTT,1418,969,0,0.0
TAGATAATTGTGTCATCGTA,6115,2444,0,0.0
TAGATATGGAATACGGCCTC,2713,1398,0,0.0
TAGATATGGACTTGGTGTTC,3549,1957,0,0.0
TAGATCCTGGATCGGCTGAA,6605,2343,0,0.0
TAGATCCTGGGTGGATAACC,637,513,0,0.0
TAGATCCTGGTTGCCAGTTA,2659,1184,0,0.0
TAGATGGTATATACCTATAT,544,462,0,0.0
TAGATGGTATCTTCCTGGCG,3496,1733,0,0.0
TAGATGGTATTCCTCATGTT,1364,874,0,0.0
TAGCAGCCGGACCGTACGGT,1391,843,0,0.0
TAGCAGCCGGAGAGGTCGTT,2626,1399,0,0.0
TAGCAGCCGGCAGTCGATCC,926,685,0,0.0
TAGCAGCCGGTCAGTGTTAA,6004,2504,0,0.0
TAGCATATAGCACCGTAACT,4745,2330,0,0.0
TAGCATATAGCGACGGTAAC,2344,1434,0,0.0
TAGCATATAGGAGCGCATAA,1427,839,0,0.0
TAGCATATAGTCAATCACGC,1521,1072,0,0.0
TAGCATGGTTCACAGGTGTC,1412,898,0,0.0
TAGCATGGTTGCACGACGTA,1109,828,0,0.0
TAGCGAGACTATTCATCCAG,1603,1136,0,0.0
TAGCGAGACTCAAGTCTAGA,950,613,0,0.0
TAGCGAGACTCGACGGTAAC,1008,698,0,0.0
TAGCGAGACTTTCCTGTCAT,1178,852,0,0.0
TAGCGTTCGTATTGCTAGAG,2583,1518,0,0.0
TAGCGTTCGTTCAACAGGTA,597,477,0,0.0
TAGCGTTGACAGGACGCCAG,741,564,0,0.0
TAGCGTTGACCATAGGTGAG,998,585,0,0.0
TAGCGTTGACCCATAGATTA,1180,787,0,0.0
TAGCGTTGACCGCAGACCAG,2783,1435,0,0.0
TAGCGTTGACCTATTCAGCA,886,565,0,0.0
TAGCTCAGTGCTAATTATTC,541,450,0,0.0
TAGCTCAGTGTGCCGTCCTA,2391,1316,0,0.0
TAGGCGACGTGTCAAGTTAC,5867,2064,0,0.0
TAGGCGCATACAAGCTAGCT,1602,875,0,0.0
TAGGCGCATAGCAGCATCTC,1627,911,0,0.0
TAGGCGGAGGCGTGCACGGA,4453,1974,0,0.0
TAGGCTCTCCTCTGCAGCGT,665,479,0,0.0
TAGGTGAAGACGGCACCTTC,696,552,0,0.0
TAGGTGAAGACTGGCACACA,998,624,0,0.0
TAGGTGAAGAGAATGATATA,730,566,0,0.0
TAGGTGAAGAGTCTTCCGTA,6210,2576,0,0.0
TAGGTGAAGATCGGTATAAT,1176,830,0,0.0
TAGGTTAGATAGCGCTCTAG,1324,882,0,0.0
TAGGTTAGATCTCTGGTCTA,3626,1828,0,0.0
TAGTATGGAGGACCTGCTTG,1410,924,0,0.0
TAGTCATTGTACATGCATGG,2382,1353,0,0.0
TAGTCATTGTCTCCGGCCGA,1439,850,0,0.0
TAGTCATTGTCTCTCCACCA,1030,725,0,0.0
TAGTCGGCTCCTCGGAGATA,1277,883,0,0.0
TAGTGATCGCATCTGCAATC,1339,952,0,0.0
TAGTGATCGCTCACGTCGCC,2081,1246,0,0.0
TAGTGATCGCTCGCTCGCAC,757,559,0,0.0
TAGTGATCGCTTGAGGCGGC,2108,1008,0,0.0
TAGTGCGATTACCTGGACAA,1464,1075,0,0.0
TAGTGCGATTATACCAGAAG,2082,1067,0,0.0
TAGTGGTGAAACACACATCA,1300,896,0,0.0
TAGTTGAGCACAGGAACTTA,2102,1300,0,0.0
TAGTTGAGCACCATGGCGTG,1505,963,0,0.0
TAGTTGAGCACGGATGCCGA,1443,903,0,0.0
TAGTTGAGCAGACGTCCACA,1007,673,0,0.0
TATAAGTTAAGCAGGTCCGA,2177,962,0,0.0
TATAGACGCGTCACAGTCCG,1415,823,0,0.0
TATAGTCGTACTCTTAAGCC,4441,1910,0,0.0
TATATCCTCTACACTTCGAT,3386,1503,0,0.0
TATATCCTCTGTGGAGCAAG,7311,2853,0,0.0
TATATGCCTCACTGGCCTCC,3570,2152,0,0.0
TATATGCCTCTGCTGCTCAT,1420,990,0,0.0
TATCAACATAAATACCTCGT,1461,978,0,0.0
TATCAACATAACGGTTCGTT,870,627,0,0.0
TATCAACATACAAGTCTAGA,1483,992,0,0.0
TATCAACATAGAATCTACGC,1783,1011,0,0.0
TATCAACATAGCACCGAATC,3682,1678,0,0.0
TATCAACATAGCCAGCGGAA,2814,1524,0,0.0
TATCAACATATAGAATAGCG,929,692,0,0.0
TATCAACATATCATCGAGGC,628,485,0,0.0
TATCCAACTCACACACATCA,3559,1876,0,0.0
TATCCAACTCATTCATCCAG,819,567,0,0.0
TATCCGGTCAAATGCGGCAT,725,548,0,0.0
TATCCGGTCAATAATTCAGG,626,473,0,0.0
TATCCGGTCACGAGTACATC,1529,1058,0,0.0
TATCCGGTCATCGGTATAAT,5020,2156,0,0.0
TATCCGGTCATTCACACACA,1675,756,0,0.0
TATCCTCGTCATGGTCACGG,536,408,0,0.0
TATCCTCGTCCGGAACAGAA,6885,2363,0,0.0
TATCCTTGGTGCCGTTAGTT,5249,2473,0,0.0
TATCCTTGGTGTTCAATTCC,931,683,0,0.0
TATCCTTGGTTCCTGCTTAG,1174,645,0,0.0
TATCCTTGGTTTACGATAAC,786,513,0,0.0
TATCCTTGGTTTCATCTGGA,2256,1197,0,0.0
TATCGGTAGCCATAATCGTC,890,611,0,0.0
TATCGGTAGCTCTCGTAGTT,568,454,0,0.0
TATCTTGACTATTCAACGTA,1792,1030,0,0.0
TATCTTGACTCCAGTAGCGT,599,465,0,0.0
TATCTTGACTCGTATTCTCT,3792,1856,0,0.0
TATCTTGACTGTCCGTAATC,680,456,0,0.0
TATGATTATCAGAGGCCTAC,5732,2607,0,0.0
TATGCGTGTTCCACGATGTT,1641,996,0,0.0
TATGCGTGTTCTCACTATGT,871,636,0,0.0
TATGCGTGTTCTTGGACCTA,2365,1384,0,0.0
TATGGCGCGGAGTTCCGTGC,4156,1883,0,0.0
TATGGCGCGGCGTCAATAAC,12399,4031,0,0.0
TATTAGGAGCACTATTGCCT,2757,1618,0,0.0
TATTAGGAGCGGTCTTCACA,1100,747,0,0.0
TATTAGGAGCGTCTATATCG,6622,3108,0,0.0
TATTAGGAGCTAAGTGGCGC,1110,554,0,0.0
TATTAGGAGCTCGAGAGGAG,1103,810,0,0.0
TATTAGGAGCTGCCTTCTTC,905,632,0,0.0
TATTATCAGAAGGATAGGTT,684,518,0,0.0
TATTATCAGACGTACCTAAT,993,657,0,0.0
TATTATCAGAGAATCCTCGT,1506,997,0,0.0
TATTATCAGAGCACGACGTA,3178,1425,0,0.0
TATTATCAGATTCATCGTCC,1482,1043,0,0.0
TATTCACACAAGAGGTATTC,3857,1806,0,0.0
TATTCACACACGTGAACTAC,1775,1166,0,0.0
TATTCACACATCTCAGAACC,2164,1301,0,0.0
TATTCACTACCTCGATAGAT,938,701,0,0.0
TATTCGTAAGATACCTATAT,2380,1116,0,0.0
TATTCGTAAGCGAATGTACT,1048,693,0,0.0
TATTCTTCCAATGGCTATTG,5067,1709,0,0.0
TATTCTTCCACTCCTTACAC,1105,761,0,0.0
TATTGAACTTACTGAACGCC,4897,2257,0,0.0
TATTGAACTTCAGGAACTTA,2776,1529,0,0.0
TATTGAACTTGTAAGCTGGC,1302,861,0,0.0
TATTGATACGACGGCGCTAA,619,499,0,0.0
TATTGATACGATCATCAACA,1533,985,0,0.0
TATTGATACGATTGCGTTCG,5308,2165,0,0.0
TATTGATACGGTTCAATTCC,2365,1497,0,0.0
TATTGATACGTGATTCGTGG,725,547,0,0.0
TCAACGATCACCAAGAGCGC,1795,987,0,0.0
TCAAGACCGGATTGCTTAGC,1148,728,0,0.0
TCAAGACCGGTCGGTATAAT,2975,1546,0,0.0
TCAAGCATCGTTGCTACATG,1671,989,0,0.0
TCACATTGGTTTCACACACA,1662,1023,0,0.0
TCACGCCTAACGCTGAATGA,2427,1452,0,0.0
TCACGCCTAAGAAGAACATT,1543,915,0,0.0
TCACGCCTAATAAGTGACAT,566,459,0,0.0
TCACGCGGAGAGAAGGTAAT,8154,2838,0,0.0
TCACGCGGAGCAAGAGAGAG,658,505,0,0.0
TCACGCGGAGGCGCGTTGCT,764,579,0,0.0
TCACGCGGAGTACTCCAGCC,923,594,0,0.0
TCAGAGAGCCCAAGAGAGAG,3784,1777,0,0.0
TCAGAGAGCCTCGTGTGATC,2188,1147,0,0.0
TCAGCCAAGCCGTGTGGTGT,1392,866,0,0.0
TCAGCCAAGCGTCTGATTAT,9496,3341,0,0.0
TCAGCCAAGCTCTGGTCTCG,641,480,0,0.0
TCAGGATATTCCAGGACGGC,2560,1386,0,0.0
TCAGTCAATACGGCGAATAT,507,424,0,0.0
TCAGTCAATATTACGTAACG,1468,826,0,0.0
TCATCATCGACGAATGTTGC,1813,1121,0,0.0
TCATCATCGACTGGCAATGG,1616,962,0,0.0
TCATCTCATTCCAATAGATC,984,585,0,0.0
TCATCTCATTGCCGTTAGTT,8238,3256,0,0.0
TCATCTCATTGCTCTGCATC,661,537,0,0.0
TCATGTGTACAATACGTTGA,538,426,0,0.0
TCATGTGTACCTAATCATCG,2505,1266,0,0.0
TCCAACCTTCAACACCAGAC,707,583,0,0.0
TCCAACCTTCATGTGATTGC,2267,1368,0,0.0
TCCAACCTTCATTCCACTTC,960,728,0,0.0
TCCAACCTTCCTCTCCTTAA,762,590,0,0.0
TCCAACCTTCGCTCCTAGCT,998,727,0,0.0
TCCAACCTTCGGCAACGTCG,1804,1124,0,0.0
TCCAACCTTCGGCAAGCACG,1545,946,0,0.0
TCCAACCTTCGTATGTAGCA,1419,959,0,0.0
TCCAACCTTCTCTTGCCAAT,3454,1633,0,0.0
TCCAACGCAATCCTGTGCGC,1233,791,0,0.0
TCCAACGCAATCTCTATCCA,1387,898,0,0.0
TCCAAGGTATAAGCTTATTA,1422,924,0,0.0
TCCAAGGTATTCGAGAGGAG,780,550,0,0.0
TCCAATCGCCTAACACGATT,526,434,0,0.0
TCCAATTATACACTTGTAAG,1778,1167,0,0.0
TCCAATTATACCGTAAGTGT,1806,934,0,0.0
TCCAATTATATCTGTATGTT,2457,1533,0,0.0
TCCAATTATATGTCCAACCT,788,551,0,0.0
TCCACTCGAACCTGGTCGGA,955,690,0,0.0
TCCAGAACCGACTGGTCCGC,897,636,0,0.0
TCCAGAACCGAGGACACTCC,1566,916,0,0.0
TCCAGAACCGCTAATTATTC,2347,1327,0,0.0
TCCAGAACCGGGTAGTCTTA,3041,1273,0,0.0
TCCAGAACCGGTAAGGAATC,1561,1036,0,0.0
TCCAGTGTGTCGAATGTTGC,1715,811,0,0.0
TCCAGTGTGTCGTCGACGGT,1328,810,0,0.0
TCCAGTGTGTGAACGCTGGT,1189,860,0,0.0
TCCATGTAATCTATTGGAAT,2341,1259,0,0.0
TCCATGTAATGAGCGCATAA,1991,1259,0,0.0
TCCATGTAATGCCTGCGCAT,2754,1290,0,0.0
TCCATGTAATTCACACAAGG,784,577,0,0.0
TCCGCATAGGGGCCGCTCAC,2979,1256,0,0.0
TCCGCATAGGTGGTGCATCT,1289,891,0,0.0
TCCGCATAGGTTAGTCTTGC,2038,1244,0,0.0
TCCGCCGAATACGCGCTGCG,5583,2158,0,0.0
TCCGCCGAATACGTCCAGTC,1020,671,0,0.0
TCCGCCGAATCCAATAGATC,1423,968,0,0.0
TCCGCCGAATGCCTGCGCAT,2077,1188,0,0.0
TCCGGCGGTCACAATAACGT,2949,1510,0,0.0
TCCGGCGGTCGGTGGATTAG,928,682,0,0.0
TCCGGCGGTCTGATTAGCTG,1276,865,0,0.0
TCCGGTCCAGGCCAGTTGGA,862,670,0,0.0
TCCGGTCCAGGTCTGATTAT,1324,869,0,0.0
TCCGGTCCAGTGGCCGTCTC,1117,638,0,0.0
TCCGTGCCGCCGTCAATAAC,974,633,0,0.0
TCCTACATTAAGAAGGTAAT,2747,1138,0,0.0
TCCTACATTACGCTGTCCAA,1481,842,0,0.0
TCCTACATTACGTGATAAGT,1335,914,0,0.0
TCCTACATTAGTACACTGCG,1875,1151,0,0.0
TCCTGTAGAATCCGACAACC,2332,1224,0,0.0
TCCTTAAGTCCACAGCGAGA,1987,852,0,0.0
TCCTTAAGTCGAATCGACAT,913,618,0,0.0
TCCTTAAGTCGCGAGTAGCG,1216,851,0,0.0
TCCTTAAGTCGGAGTTAAGG,2757,1668,0,0.0
TCCTTAATGGCGTAAGAAGG,1197,830,0,0.0
TCCTTAATGGTCGATTAGTC,2255,1057,0,0.0
TCCTTCGGTAAAGTCGGTGG,933,683,0,0.0
TCCTTCGGTACCTGTACTGG,1353,889,0,0.0
TCCTTCGGTATCTTGGTACC,1870,1237,0,0.0
TCGAACAATCACATGCATGG,1131,670,0,0.0
TCGAAGAACGAGCGCTCTAG,604,442,0,0.0
TCGAAGAACGCAACCTCTCA,1070,782,0,0.0
TCGAAGTCGGTGAGCGACCA,2061,1296,0,0.0
TCGAAGTCGGTTCATCTGGA,4399,1141,0,0.0
TCGACGTGCGAACGCAGAGT,2432,1197,0,0.0
TCGACGTGCGGAATTGTTAA,523,423,0,0.0
TCGATCTAGAGAGACGCACG,908,673,0,0.0
TCGATGCCAGCCACGTTGAG,1385,955,0,0.0
TCGATGCCAGCTCTCCTTAA,1336,815,0,0.0
TCGATGCCAGTTACTTCGGC,850,638,0,0.0
TCGATGGCGCAGCGATGCAT,1040,643,0,0.0
TCGCCTTATTCTCCTGGATA,1177,730,0,0.0
TCGCCTTATTGTCGTCAAGC,2891,1500,0,0.0
TCGCGTAAGCCACCGTCTTC,2114,1315,0,0.0
TCGCGTAAGCTGATGCTCTA,4043,2130,0,0.0
TCGCGTGACAACCGTGAGAG,992,797,0,0.0
TCGCGTGACAATACGCGATA,763,457,0,0.0
TCGCGTGACAGGTGGATTAG,2487,1153,0,0.0
TCGCTAAGAGGATGAGAACT,1445,849,0,0.0
TCGCTAGGTCAAGCAATTGG,1424,943,0,0.0
TCGCTAGGTCAATATGAGAG,3764,1931,0,0.0
TCGCTAGGTCACAACGCCTT,1847,1129,0,0.0
TCGCTAGGTCCAGTCAGACA,760,593,0,0.0
TCGCTAGGTCGGTACAAGCA,1598,1077,0,0.0
TCGCTAGGTCGGTAGTCTTA,1113,796,0,0.0
TCGCTATCGGAGTGTATATT,3526,1666,0,0.0
TCGCTATCGGTTGCGCAAGT,2525,1386,0,0.0
TCGCTCTTCATCGCAAGGCG,1053,720,0,0.0
TCGCTTCAGTCGAGACTGTG,998,724,0,0.0
TCGCTTCAGTCTCTTGGCTG,602,465,0,0.0
TCGCTTCAGTCTGGCAATGG,1121,771,0,0.0
TCGCTTCAGTTCTTGGTCTA,763,548,0,0.0
TCGCTTCAGTTGAGACTATT,528,409,0,0.0
TCGGAATGCTAGAGGTGCTA,3347,1735,0,0.0
TCGGAATGCTCTCACGTCAC,827,540,0,0.0
TCGGAATGCTGAGTATCGGT,2239,1226,0,0.0
TCGGAATGCTGCTCCTAGCT,4267,1803,0,0.0
TCGGAATGCTTAATTACTGG,1041,703,0,0.0
TCGGTCACTTAAGAGAGCGG,4289,2080,0,0.0
TCGGTCACTTAAGTGTCGCG,2656,1435,0,0.0
TCGGTCACTTAGTCCTCGCG,950,655,0,0.0
TCGGTCACTTGTAGCACGGC,1374,899,0,0.0
TCGGTCAGACTGAACCTATC,3495,1866,0,0.0
TCGGTGATCTGAGAGAAGGA,22651,5416,0,0.0
TCGTAGTGTGAGACATGCGT,2121,1156,0,0.0
TCGTCGTCGCCAAGTAACCA,2203,1293,0,0.0
TCGTCGTCGCGCCACGGTCT,3773,1633,0,0.0
TCGTGGCGCGATCACTAATC,3769,1910,0,0.0
TCGTTAGTCTGTCTGATTAT,3925,1860,0,0.0
TCGTTAGTCTTGTTCGTCGT,1607,1070,0,0.0
TCTAACCATGAACGGTAATA,5465,2112,0,0.0
TCTAACCATGAATACGTTGA,9455,3382,0,0.0
TCTAACCATGATTGCGTTCG,502,398,0,0.0
TCTAACCATGCAACCTGCTC,5889,2227,0,0.0
TCTAACCATGGGAGTTAAGG,724,552,0,0.0
TCTAACCATGGTACGAGTTC,1484,944,0,0.0
TCTAACCATGTGGCAAGACA,3847,1904,0,0.0
TCTAACCATGTTGAGGACAT,723,491,0,0.0
TCTAACGGATATCCGCATAC,536,424,0,0.0
TCTAACGGATCACGGATGAG,2888,1036,0,0.0
TCTAAGACTCACAGGTTCCA,937,697,0,0.0
TCTAAGACTCATGGACCATA,4446,2239,0,0.0
TCTAATGTTGACAGCGTTAG,2171,821,0,0.0
TCTAATGTTGGGCCACACGC,2375,1348,0,0.0
TCTAATGTTGGTGATCGAGA,1426,1015,0,0.0
TCTAATGTTGTGCCTAACTT,1237,865,0,0.0
TCTACAGAGCGGCTGCTGCT,2208,1270,0,0.0
TCTACAGAGCTTACGTAACG,2179,1242,0,0.0
TCTACAGCAACACTTACCAA,1891,784,0,0.0
TCTACAGCAATGCGCAGAGC,2857,1540,0,0.0
TCTACAGCAATGGCTTCTCG,1389,811,0,0.0
TCTACGCTTCCCGTGCCTTC,546,466,0,0.0
TCTACGCTTCGCTCCGATAG,6056,2217,0,0.0
TCTACGCTTCTGTTCGTCGT,2200,1314,0,0.0
TCTACTAATGAGCCGTGACC,1283,800,0,0.0
TCTACTAATGCAGGCTCAGT,3611,2038,0,0.0
TCTACTAATGTAACAGCTGA,806,446,0,0.0
TCTAGATGCCACAGCGTTAG,1865,1211,0,0.0
TCTAGATGCCGAAGCTCATA,889,666,0,0.0
TCTAGATGCCGAAGGTGGTT,7084,2848,0,0.0
TCTAGATGCCGACTAATTCT,731,577,0,0.0
TCTATCAGGTTACACAGGCG,795,612,0,0.0
TCTATTACTATCCTGCTTAG,620,488,0,0.0
TCTCAACGCAACAGTCTGAG,763,563,0,0.0
TCTCAACGCACAACGCGTTG,2212,1304,0,0.0
TCTCAACGCACCATAGATTA,578,482,0,0.0
TCTCAGGTAATCTTGCTGCT,6521,2538,0,0.0
TCTCCACGTGATCATCGGAG,641,514,0,0.0
TCTCCACGTGGCTTATACAT,1071,766,0,0.0
TCTCGGCTGGAGGACGCCAG,1928,1170,0,0.0
TCTCGGCTGGTCAGTGGCTA,730,580,0,0.0
TCTCTGCAAGCTCAAGGAGT,855,643,0,0.0
TCTCTGCAAGGCGAAGCACC,1679,1011,0,0.0
TCTCTGCAAGTGCCTCAATG,29621,6359,0,0.0
TCTGAATGACAAGCGGTCAA,2804,1529,0,0.0
TCTGAATGACCGCCATTAGG,608,472,0,0.0
TCTGAATGACGCAACATATA,5110,2337,0,0.0
TCTGAATGACGGAATGATCT,4667,2395,0,0.0
TCTGAGCTCTAGCTACTTGT,1684,992,0,0.0
TCTGAGCTCTAGTGATATCA,2769,1515,0,0.0
TCTGCTACTCCTCACGTCAC,1129,767,0,0.0
TCTGCTACTCTCACGTCGCC,777,610,0,0.0
TCTGGCGCATATAATTCAGG,7624,2998,0,0.0
TCTGGCGCATTTCTTGGTAC,4371,2016,0,0.0
TCTGGTGCGAGGTGGACATA,1677,953,0,0.0
TCTGGTGCGAGTTACACTTA,1255,865,0,0.0
TCTGTGATTGCAGACAGCTA,1131,685,0,0.0
TCTGTGATTGTGTTCGCACT,1153,808,0,0.0
TCTTATCCGCGGAATCCGGT,1465,930,0,0.0
TCTTCCAACACAGTCAGACA,530,403,0,0.0
TCTTCTGCTTAAGGCTTCTC,1917,1134,0,0.0
TCTTCTGCTTCCTGTAAGGT,1849,1085,0,0.0
TCTTGAGCCTTGTATTGAAG,3708,1167,0,0.0
TCTTGGAGCAGCTAACTATT,2003,1214,0,0.0
TGAAGGTCAGCGCCAACCTT,688,519,0,0.0
TGAAGGTCAGTATAATCCGG,1013,627,0,0.0
TGAATATGCCACCATCACTC,2814,1559,0,0.0
TGAATATGCCACCGTACGGT,2495,1326,0,0.0
TGAATCCACTAGTAGAGTAA,1185,723,0,0.0
TGAATCCACTCTGCAACGAC,530,441,0,0.0
TGAATCCACTGGACATTCGG,1165,817,0,0.0
TGACGACCGCAACGATTCAA,2417,1234,0,0.0
TGACGACCGCATCGTTACCG,1029,734,0,0.0
TGACGACCGCCAACGCGTTG,754,404,0,0.0
TGACGACCGCCTGGCCACTG,5638,2432,0,0.0
TGACGACCGCTGCATTATTA,6109,2671,0,0.0
TGACGCTGTTGACATGGTTA,984,446,0,0.0
TGACGTACAAGTACACTGCG,1051,696,0,0.0
TGACGTTATCACCGGTGAGA,5480,2167,0,0.0
TGACGTTATCAGGCGCGTGA,895,486,0,0.0
TGAGAATCGAGCCGCCATCA,1123,745,0,0.0
TGAGCAAGGCCCGTAAGTGT,1577,960,0,0.0
TGAGCAAGGCGAGGCAACGC,523,420,0,0.0
TGAGCAAGGCGATGATCCGC,1952,1211,0,0.0
TGAGCAAGGCGGAGCATCGG,2146,1291,0,0.0
TGAGCAAGGCTTGATTGGAT,702,525,0,0.0
TGAGCAAGGCTTGCACCAAT,1999,1147,0,0.0
TGAGCCTCGTTCCTCACTCA,7860,3016,0,0.0
TGAGCCTCGTTTCAGGAGGT,2138,1307,0,0.0
TGAGGTAGGTCACCTACCGC,1475,884,0,0.0
TGAGGTTGTACATATCGGCC,1610,810,0,0.0
TGAGGTTGTACCGACGCGGC,2208,1160,0,0.0
TGAGGTTGTAGCGGCATAGC,1334,778,0,0.0
TGAGGTTGTATCGTCGGCCG,2315,1364,0,0.0
TGAGGTTGTATGGTGTCGCT,1883,1061,0,0.0
TGAGGTTGTATTCAACGGCG,675,525,0,0.0
TGAGTAGGTAATTAAGACTG,2398,1110,0,0.0
TGAGTCGAATCCTACTGGTA,850,566,0,0.0
TGATACGCCAAAGAATAGGA,843,666,0,0.0
TGATACGCCAAAGTGTCGCG,674,515,0,0.0
TGATACGCCACAACAAGCCG,3370,1434,0,0.0
TGATACGCCACAGACAATTC,2107,1117,0,0.0
TGATACGCCAGACTAGCTAT,576,458,0,0.0
TGATACGCCAGCCAGAATGT,2452,1400,0,0.0
TGATACGCCATTAATACCAA,2672,1399,0,0.0
TGATAGTTCCGTTGTTGTGA,645,461,0,0.0
TGATCAGAGTACGCGTCAAT,590,478,0,0.0
TGATCAGTCAACATCATCTT,8041,3258,0,0.0
TGATCAGTCAACGATACCAA,2904,1599,0,0.0
TGATCAGTCAATTCGCCACT,3649,1616,0,0.0
TGATCAGTCACAGGATACTC,4702,2294,0,0.0
TGATGACTATACCGGTGAGA,1985,1165,0,0.0
TGATGTTAATCCTATTGGAC,2093,1401,0,0.0
TGATGTTAATGACCTGTGAT,2377,1288,0,0.0
TGATGTTAATTAATCCGGAT,1132,858,0,0.0
TGATGTTAATTCACAAGGTT,3360,1614,0,0.0
TGATGTTAATTTGAGGACAT,1052,712,0,0.0
TGATTACAGAAGCCTACCAA,870,612,0,0.0
TGATTACAGAATCTGTAGTA,13232,4539,0,0.0
TGATTACAGAGTCTGTGGAA,962,696,0,0.0
TGATTGACCGAGGTGATGAC,5551,2141,0,0.0
TGATTGACCGCAACACACAC,2490,1439,0,0.0
TGATTGACCGGACTGCGTAA,558,422,0,0.0
TGCAACTAGGACCATCACTC,1217,784,0,0.0
TGCAACTAGGACCGGTGAGA,698,554,0,0.0
TGCAACTAGGAGTGTTGTGC,5067,2274,0,0.0
TGCAACTAGGATATTATTAC,1838,1068,0,0.0
TGCAACTAGGCAAGTGCTCC,2374,1305,0,0.0
TGCAACTAGGCGTTGAGCAA,526,425,0,0.0
TGCAACTAGGGGAACGGCCT,920,570,0,0.0
TGCAACTAGGGTAATGCTGA,663,482,0,0.0
TGCAACTAGGTAACAGCGAT,1602,1047,0,0.0
TGCAACTAGGTATACATAGT,3091,1426,0,0.0
TGCAAGACTTAGAGGTATTC,2062,1263,0,0.0
TGCAAGACTTATTGTAATGT,1206,804,0,0.0
TGCACCGAGTAGCGAGAACC,6927,2575,0,0.0
TGCACCGAGTAGGCTGAACG,1802,1135,0,0.0
TGCACCGAGTTTCTTGGTAC,4457,2149,0,0.0
TGCACTCATTATCTGTAGTA,2172,1063,0,0.0
TGCACTCATTCGGCCACGGC,2278,1327,0,0.0
TGCACTCATTTGATTAGCTG,1546,968,0,0.0
TGCAGCGTGGACACAGACTG,972,728,0,0.0
TGCAGCGTGGACGGCCGAGG,779,595,0,0.0
TGCAGCGTGGAGATATGATC,3530,1856,0,0.0
TGCAGCGTGGCGGCCTGACG,6211,2905,0,0.0
TGCAGGCCTGCCACTGGAAC,775,450,0,0.0
TGCAGGCCTGGACGATACCG,835,615,0,0.0
TGCAGGCCTGTGTGGATCGG,3606,1696,0,0.0
TGCAGGTTCCAACATTACGG,935,656,0,0.0
TGCAGGTTCCAAGAAGTTAG,2099,1198,0,0.0
TGCAGGTTCCGAGTCCACTC,599,496,0,0.0
TGCATCATCTCGCATATGTT,1983,1161,0,0.0
TGCATCATCTCGTATGTCCA,2581,1216,0,0.0
TGCATCGGTGAGCGTTAGTA,903,698,0,0.0
TGCATCGGTGATGCTTATGC,1628,995,0,0.0
TGCATCGGTGGGCTCGTAGA,5611,2324,0,0.0
TGCATCGGTGTTGCTGACTA,526,444,0,0.0
TGCATGCTGAATGTCACGCT,2272,979,0,0.0
TGCATGCTGAGCCGCAGTCC,673,520,0,0.0
TGCCAGTCTATAGCGAAGTT,1529,939,0,0.0
TGCCAGTCTATCCTGCTTAG,8138,2610,0,0.0
TGCCAGTCTATCGAACGGCC,548,417,0,0.0
TGCCAGTCTATCGGAGGTAG,1146,528,0,0.0
TGCCAGTCTATCTACGGACA,850,626,0,0.0
TGCCATGACGCATAACTGTA,2757,1364,0,0.0
TGCCATGACGCTGCGAACTG,1517,1023,0,0.0
TGCCGGTTAAACCTCTATTG,1967,1245,0,0.0
TGCCGTCGATCACCTTGGAG,2049,1170,0,0.0
TGCCTCCGTAAAGTAGTAAT,1886,1110,0,0.0
TGCCTCCGTAACTGAACGCC,1517,912,0,0.0
TGCCTCCGTACATGGATCCA,1391,931,0,0.0
TGCCTCCGTAGTTGATGGTA,835,610,0,0.0
TGCGAATGATGTAAGATTAG,1906,1175,0,0.0
TGCGCCTCCGGGAATGATCT,1978,975,0,0.0
TGCGCTATCTACTTGTGTCT,782,453,0,0.0
TGCGCTATCTGTCCAGAGTT,1371,760,0,0.0
TGCGGACTCTGGCCTGGAGA,2388,1260,0,0.0
TGCGGACTCTTGTTCGTCGT,4536,2202,0,0.0
TGCGGAGGTTACCGGTGAGA,967,677,0,0.0
TGCGGAGGTTTACACAGGCG,3437,1860,0,0.0
TGCGTCCATCCATGCCACAC,890,609,0,0.0
TGCGTCCATCCTCAATGACA,1345,809,0,0.0
TGCGTCCATCTGCACCACAG,2781,1459,0,0.0
TGCGTGCCTAAGGTGTAGGA,1148,803,0,0.0
TGCGTGCCTAGCATTACCGG,1709,1092,0,0.0
TGCGTGCCTATTGTAGCCGA,1541,1005,0,0.0
TGCTATAGGCACACCGGTGT,651,529,0,0.0
TGCTATAGGCTGATAAGGCC,695,564,0,0.0
TGCTATAGGCTGTAATCGAT,1401,920,0,0.0
TGCTATCTAGAGCAACGTTA,1485,943,0,0.0
TGCTATCTAGCGTTGAGCAA,22153,5078,0,0.0
TGCTATCTAGGACCTGCGCC,2315,1116,0,0.0
TGCTATCTAGTGTAGGATGG,1150,645,0,0.0
TGCTCGCGGTACAGTGTCCG,563,440,0,0.0
TGCTCGCGGTAGTGAGTAAG,1691,893,0,0.0
TGCTCGCGGTCGGCGAATAT,1140,849,0,0.0
TGCTCGCGGTCTGCAACGAC,2353,1214,0,0.0
TGCTCTACCGATTAAGACTG,654,512,0,0.0
TGCTCTACCGGCGGCATAGC,1511,965,0,0.0
TGCTGTTGGAATGAGTTCAC,589,461,0,0.0
TGCTGTTGGACCTATTGGAC,2855,975,0,0.0
TGCTGTTGGACTAATAGGTA,2433,1512,0,0.0
TGGAAGTGTCCGAATATTAT,3211,1476,0,0.0
TGGAAGTGTCGGATATGTTG,4703,2255,0,0.0
TGGAAGTGTCTACACATGAC,999,700,0,0.0
TGGAATAGGTGAGTATCGGT,2282,1476,0,0.0
TGGACACCGCATGCTTGGTT,5564,2036,0,0.0
TGGACACCGCCTATTGTTAG,4231,1392,0,0.0
TGGACACCGCGGATATGTTG,2474,1442,0,0.0
TGGACACCGCGTAAGATTAG,2492,1478,0,0.0
TGGACTCGCCTGCCGCGCTG,601,467,0,0.0
TGGAGCGCACATTGCTTAGC,1191,768,0,0.0
TGGAGCGCACGTAAGGCGGT,2319,1106,0,0.0
TGGAGCGCACGTCACATTGT,849,542,0,0.0
TGGAGCGGCGGAAGCGCCTG,5490,2366,0,0.0
TGGAGCGGCGGTCTACTGAT,1119,735,0,0.0
TGGAGCGGCGTCAAGTCCTC,2016,1169,0,0.0
TGGAGCGGCGTGCCTTCTTC,1284,762,0,0.0
TGGAGGTCGACAAGGCTGAC,2999,1204,0,0.0
TGGATGATTCCACTTGTAAG,623,477,0,0.0
TGGATGATTCCCACGATGTT,7157,2753,0,0.0
TGGATGATTCGGTGGCCACC,1600,832,0,0.0
TGGCAGTAAGAACTACGTAG,949,694,0,0.0
TGGCAGTAAGGTCGCGTTCA,1372,611,0,0.0
TGGCCTCGAAATTACCAGAA,1096,713,0,0.0
TGGCGCTAATATGAGTTCAC,866,572,0,0.0
TGGCGCTAATCAACTAGATT,1630,1035,0,0.0
TGGCGCTAATCACAGCGAGA,6280,2725,0,0.0
TGGCGCTAATTAGGTCGTTA,819,557,0,0.0
TGGCGGCCTTGTGGAGCAAG,725,544,0,0.0
TGGCTCCAACAGTGCAAGGT,683,546,0,0.0
TGGCTCCAACGCCTGTTACA,861,662,0,0.0
TGGCTCGCGGACGGTGCGCA,608,497,0,0.0
TGGTAATCCGACAACGCCTT,2615,1390,0,0.0
TGGTAATGGCCCTTCGCTAT,534,412,0,0.0
TGGTAATGGCCTAATAGCCT,1768,1111,0,0.0
TGGTAATGGCTCTGGATACA,788,545,0,0.0
TGGTCACCTTATACCAGAAG,2999,1334,0,0.0
TGGTCACCTTTCCACTGTCA,2153,945,0,0.0
TGGTCACCTTTGAAGATATG,934,543,0,0.0
TGGTCCGCAGTGACACCGGC,1160,843,0,0.0
TGGTCCGTTCACGACCTTCG,1365,790,0,0.0
TGGTCCGTTCAGTACCAGCG,601,509,0,0.0
TGGTCTAATATCCTGTGCGC,2125,1305,0,0.0
TGGTGCAATCCCAAGTTAGC,2905,1389,0,0.0
TGGTGCAATCCCACCGCATG,2100,1053,0,0.0
TGGTGCGCGAGCACGACGTA,1072,796,0,0.0
TGGTGCGCGATGAATTCGGA,707,550,0,0.0
TGGTTGCGCCCAGGACTATC,1220,845,0,0.0
TGTAACCTAACTAGTCTGTC,1345,873,0,0.0
TGTAGCTGAGAAGTAGTAAT,831,657,0,0.0
TGTAGCTGAGCCTACCGCTT,1000,646,0,0.0
TGTAGCTGAGCGGATGCCGA,1075,520,0,0.0
TGTAGCTGAGTCTCAGAACC,2890,1555,0,0.0
TGTATGTTATACGACCTTCG,1758,1213,0,0.0
TGTATGTTATCAACTGTGGC,552,447,0,0.0
TGTATGTTATCCACGATGTT,791,501,0,0.0
TGTATGTTATTATCCAGATT,2451,1305,0,0.0
TGTATTGGCTCGGTGTAGCC,1871,1202,0,0.0
TGTCAATACTTACAGGATTA,12714,3756,0,0.0
TGTCGCACATGCCGCAAGCG,840,632,0,0.0
TGTCGCTACCAGTGAGTAAG,1653,1034,0,0.0
TGTGACCACAACGAGCGAGC,1537,921,0,0.0
TGTGCACTGCAGAGGTGCTA,2506,1490,0,0.0
TGTGCACTGCCATCTTACCA,1898,1052,0,0.0
TGTGCACTGCTGAACAGGCT,3386,1683,0,0.0
TGTGCACTGCTTCTTGGTAC,654,449,0,0.0
TGTGCTGTCAGGCAAGCACG,1494,976,0,0.0
TGTGGAGCTACCTGTACTGG,960,714,0,0.0
TGTGGAGCTATACTCAACGG,6439,2359,0,0.0
TGTGTCAAGTGCACCGAATC,9505,3573,0,0.0
TGTGTCAAGTTCTTACTGTA,964,409,0,0.0
TGTGTTCCGCACAGCTGGCA,1386,802,0,0.0
TGTGTTCCGCACAGGATCAC,831,502,0,0.0
TGTGTTCCGCATTGTAATGT,864,479,0,0.0
TGTGTTCCGCCATTCGGACT,1371,947,0,0.0
TGTTAAGCGTGTGGTACAGG,2002,1017,0,0.0
TGTTCAGGACATGCACGCAT,871,652,0,0.0
TGTTCAGGACCCAGAGATCG,2622,1514,0,0.0
TGTTCAGGACCTATTGGAAT,1721,982,0,0.0
TGTTCAGGACGCGAAGATAG,5111,2200,0,0.0
TGTTCAGGACTTGCAGTGGT,559,323,0,0.0
TGTTCGGATCACACTCTATC,3074,1651,0,0.0
TGTTCGGATCAGCCTCTAGC,1517,1067,0,0.0
TGTTCGGATCAGCTTCCGAG,1286,566,0,0.0
TGTTCGGATCATAGCCACGC,1882,1211,0,0.0
TGTTCGGATCGCCAGTTGGA,1567,1121,0,0.0
TGTTCGGATCTGGTTCATAG,508,417,0,0.0
TTAACCGCGCTGCTATCCGT,2532,724,0,0.0
TTAAGCAATTACAGTCTGAG,2153,1248,0,0.0
TTAAGCAATTATGAAGGTGT,1125,822,0,0.0
TTAAGTGTAGGTCTCCGGTT,582,466,0,0.0
TTAAGTGTAGTCTTGGTCTA,8791,3296,0,0.0
TTAAGTGTAGTTCAATTGAG,2255,1338,0,0.0
TTAAGTTCGGAACGCGTGGC,644,506,0,0.0
TTAAGTTCGGACGACAGATC,1091,711,0,0.0
TTAAGTTCGGATCTCTCGGA,556,408,0,0.0
TTAAGTTCGGGCAGAGCGAG,1156,806,0,0.0
TTAAGTTCGGTCTTCGAGAG,2692,1514,0,0.0
TTAATGTCCGCCACCGCATG,1277,825,0,0.0
TTAATTAACAGCCGCCACGC,1963,989,0,0.0
TTAATTCATCACTTAGGCAG,1445,784,0,0.0
TTAATTCATCCACAGGTGTC,1661,962,0,0.0
TTAATTCATCCCGTGCCGCA,2179,1106,0,0.0
TTAATTCATCCTATTGGAAT,654,485,0,0.0
TTAATTCATCGCTTGTCACT,1451,986,0,0.0
TTAATTCATCTATAACATGA,500,370,0,0.0
TTACAGAGCGAAGTGAAGAA,695,508,0,0.0
TTACAGAGCGAAGTTAATGG,955,730,0,0.0
TTACAGAGCGAGTATGCCAT,4789,2030,0,0.0
TTACAGAGCGGAGAGAAGGA,4860,2184,0,0.0
TTACAGAGCGTATGCCGATG,2208,1046,0,0.0
TTACAGAGCGTCTGGATACA,3009,1470,0,0.0
TTACAGAGCGTCTTCGGTGG,678,505,0,0.0
TTACAGTCGCAGAGCTCGCC,1487,877,0,0.0
TTACAGTCGCCACCTCCAGA,20279,4868,0,0.0
TTACAGTCGCCTCTTAAGCC,1186,777,0,0.0
TTACAGTCGCGAGTATCGGT,686,557,0,0.0
TTACAGTCGCGCGCTCATAC,6182,2835,0,0.0
TTACAGTCGCTTCTCTTGGT,2040,1124,0,0.0
TTACCATCGGGCCGAGGCTC,3597,1994,0,0.0
TTACCATCGGTTAATACCAA,753,500,0,0.0
TTACTAGACCCTCCACTCAC,2151,1136,0,0.0
TTACTAGACCTTGAGGCGGC,3991,1864,0,0.0
TTACTCGGTTGGCTCGTAGA,585,481,0,0.0
TTACTGCAACATTCGCGAAC,795,523,0,0.0
TTACTGCAACCTCTCCACCA,1025,797,0,0.0
TTACTGCAACGCGAAGCACC,3330,1719,0,0.0
TTACTGCAACTTATCCTACG,1331,833,0,0.0
TTAGAAGATTCAGTCAGACA,1870,1171,0,0.0
TTAGAAGATTCGTAAGTTAG,1047,720,0,0.0
TTAGAAGATTCTAGCTATAC,917,505,0,0.0
TTAGAAGATTGACCACTATT,1659,968,0,0.0
TTAGAAGATTGCTTATACAT,2460,1328,0,0.0
TTAGAGAAGAACGTACATAA,1578,979,0,0.0
TTAGAGAAGAATAGCCACGC,874,672,0,0.0
TTAGAGAAGACACTATAAGA,1940,1232,0,0.0
TTAGAGAAGACATAATCGTC,693,574,0,0.0
TTAGAGAAGATGAATGCGTG,1235,932,0,0.0
TTAGAGAAGATTGAGTAGAA,4768,2348,0,0.0
TTAGCCTGACAAGCAATTGG,1276,850,0,0.0
TTAGCCTGACGACCACTATT,5801,2352,0,0.0
TTAGCCTGACGCGTTCAAGC,517,429,0,0.0
TTAGCTTAGTGTGCGCCGAT,1505,998,0,0.0
TTAGTCAAGGGTTGGCTCGC,2237,1422,0,0.0
TTAGTGGACGCACAGGTGTC,1132,721,0,0.0
TTAGTGGACGCCGATGTAAG,3360,1712,0,0.0
TTAGTGGACGTTGGCGCACC,2601,1315,0,0.0
TTATACGATGCCACTGGAAC,682,501,0,0.0
TTATACGATGGCATCCGAGT,1348,971,0,0.0
TTATATCGCAACGGTGCGCA,1509,1024,0,0.0
TTATATCGCAGGTGTAGCGG,2642,1142,0,0.0
TTATGGAGTTCCAGAGATCG,1794,1181,0,0.0
TTATGGAGTTTGTAATTACA,4328,2033,0,0.0
TTCAAGCTAGAGACCTGTTC,854,649,0,0.0
TTCAAGCTAGTCATTACGAG,665,496,0,0.0
TTCAATGTCTCTCTTCGCAT,556,324,0,0.0
TTCAATGTCTGGACTTCATC,1694,988,0,0.0
TTCAATGTCTGTCAATTAAT,2289,1307,0,0.0
TTCAATGTCTTAATCTTCAT,2825,1535,0,0.0
TTCACGGAAGCGGTTGATGT,1437,845,0,0.0
TTCACGGAAGCTTCGAGCAC,2108,1060,0,0.0
TTCACGGAAGTTATCCTACG,2281,1148,0,0.0
TTCACTCGCTATTCGCCACT,1252,836,0,0.0
TTCACTCGCTATTCTCCATA,866,650,0,0.0
TTCACTCGCTTCTACGGACA,587,486,0,0.0
TTCACTCGCTTGCCGTCCTA,872,477,0,0.0
TTCAGATCAGCAACAAGCCG,845,622,0,0.0
TTCAGATCAGGTTGGTAGTG,1867,1255,0,0.0
TTCAGGCTTCACGATAATCA,2886,1550,0,0.0
TTCAGGCTTCGAGTATGGCA,2197,1300,0,0.0
TTCAGGCTTCGTCGGCAGTA,1989,1021,0,0.0
TTCAGGTCCTCTCATCGCGC,1117,849,0,0.0
TTCAGGTCCTTCTGAGCCAC,658,499,0,0.0
TTCAGGTCCTTGGATCGACC,2085,1292,0,0.0
TTCAGTCGGAACAGGATCAC,842,599,0,0.0
TTCAGTCGGAGACACAGTAA,2897,1607,0,0.0
TTCAGTCGGATCTTCGGTGG,629,486,0,0.0
TTCATAAGCAAGCCGTCTCG,1378,877,0,0.0
TTCATAAGCACAGCGATGTC,985,449,0,0.0
TTCATAAGCAGACATGGTTA,746,514,0,0.0
TTCATGAATCCACCTTGGAG,7396,2610,0,0.0
TTCATGAATCCAGCCGTTAA,1054,821,0,0.0
TTCATGAATCGGCTCGTAGA,2506,1346,0,0.0
TTCATGAATCTGCGTGTGTG,2665,1489,0,0.0
TTCCACGGTATGTCTGGACG,1524,616,0,0.0
TTCCAGATTCCGAATCTCCG,631,517,0,0.0
TTCCAGATTCCGTAAGTTAG,1163,865,0,0.0
TTCCATTACCATCATCAACA,1162,833,0,0.0
TTCCATTACCCTTGTGGCGA,1804,1108,0,0.0
TTCCGATATTAAGCACCGAT,2015,1053,0,0.0
TTCCGATATTAGAAGCATCT,1975,1062,0,0.0
TTCCGATATTATGGTCACGG,2650,1600,0,0.0
TTCCGATATTCATCCACGCC,722,508,0,0.0
TTCCTCCTAGCGCACCAGTC,1875,1102,0,0.0
TTCCTCCTAGTTACCGGTGG,1065,669,0,0.0
TTCGACACTCACGGTGCGCA,1222,782,0,0.0
TTCGACACTCCGACCAACCG,1518,981,0,0.0
TTCGACACTCCTTAATCGCA,1460,983,0,0.0
TTCGACACTCGGCCGCTCAC,1281,767,0,0.0
TTCGCCTTCCGAATTCACAA,1883,1234,0,0.0
TTCGGACACCACTTGGAGAC,838,655,0,0.0
TTCGGACACCCAGAATGGAT,839,580,0,0.0
TTCGGACACCGTACTGGTAG,3347,1581,0,0.0
TTCGGACACCTATTCTACGT,931,689,0,0.0
TTCGGACACCTGAACAGGCT,972,550,0,0.0
TTCGGCTTGTATACGTGCCA,1834,1131,0,0.0
TTCGGCTTGTCCATAGCACG,1260,834,0,0.0
TTCGGCTTGTGCTTGTCACT,578,389,0,0.0
TTCGTGCTCACTCCTGGATA,1951,1218,0,0.0
TTCGTGCTCAGACACCATCC,1832,1024,0,0.0
TTCGTGCTCATATGCTCGGA,639,513,0,0.0
TTCTAATTCGAAGTCCACGA,1215,686,0,0.0
TTCTAATTCGCGGCCACGGC,1298,826,0,0.0
TTCTAATTCGCTAATAGCCT,576,450,0,0.0
TTCTGACTAACAATCCAGAC,1631,1052,0,0.0
TTCTGACTAATGAAGCAGAT,762,586,0,0.0
TTCTGGCACACATATTGCCG,915,623,0,0.0
TTCTGGCACACGTTGAGCAA,3505,1714,0,0.0
TTCTGGCACATCCACCTCAT,659,405,0,0.0
TTCTGGCTGTCTTGGTGTTC,1313,866,0,0.0
TTGACGTACACTCTTCGCAT,4182,2026,0,0.0
TTGACGTACAGGCATTCTAA,5063,1993,0,0.0
TTGACGTACAGTACACTGCG,7411,2985,0,0.0
TTGACGTACATAGAGCTAGT,640,520,0,0.0
TTGACGTACATGCCAAGATT,1625,1045,0,0.0
TTGACGTACATTGAAGGCTA,1517,956,0,0.0
TTGAGCACCGATGCACGCAT,552,474,0,0.0
TTGAGCACCGATTCGCCACT,3668,1572,0,0.0
TTGAGCACCGGCTCAAGTTC,742,547,0,0.0
TTGAGCTGTTTTGCACCAAT,970,614,0,0.0
TTGATGAGACACCATACGAG,2043,1134,0,0.0
TTGATGAGACAGACCTGTTC,980,710,0,0.0
TTGATGAGACCATCTTGAAC,2131,1235,0,0.0
TTGATGAGACCTGGCCACTG,5553,2329,0,0.0
TTGATGAGACGCCTGTATGC,527,430,0,0.0
TTGATGAGACTCATAAGATA,534,326,0,0.0
TTGATTCCTAAGAACCATTA,3603,1956,0,0.0
TTGATTCCTATGAGACCTCC,1170,837,0,0.0
TTGCAGAACACTGGAAGCCG,2230,1316,0,0.0
TTGCAGGAACAAGAGAGCGG,528,431,0,0.0
TTGCAGGAACCCGATAGGAT,727,566,0,0.0
TTGCAGGAACGCTCGTGATC,3888,1907,0,0.0
TTGCAGGAACTACGGCACTA,1474,885,0,0.0
TTGCTACGGATAAGGAGTTA,1787,1065,0,0.0
TTGCTACGGATACTGCGGTG,5457,2157,0,0.0
TTGCTACGGATTGGCGCACC,4934,2245,0,0.0
TTGCTAGTGGGCGAGCAGTT,901,694,0,0.0
TTGCTAGTGGTGTTACATCA,3881,2260,0,0.0
TTGGATCACTAACGCAGAGT,3375,1593,0,0.0
TTGGATCACTAGTCCTCGCG,3567,1817,0,0.0
TTGGATCACTTGATTAGCTG,1203,777,0,0.0
TTGGATCACTTTAGCTGGAG,1824,1032,0,0.0
TTGGATCGGCAGGTAAGCAC,3859,2127,0,0.0
TTGGATGTGAACTGGTCCGC,3355,1675,0,0.0
TTGGATGTGAGCATCCGAGT,1578,1058,0,0.0
TTGGATGTGAGTCAGGTCGG,886,599,0,0.0
TTGGATGTGAGTCTGTGGAA,1407,912,0,0.0
TTGGCGAGGAGCAAGGTGAT,760,521,0,0.0
TTGGCGAGGAGTAGAGATCC,941,703,0,0.0
TTGGCTGTACTGGAATTCAT,1141,800,0,0.0
TTGTCGAAGGCGCTATATCC,1025,624,0,0.0
TTGTCGAAGGGCAACGATTG,3784,1435,0,0.0
TTGTGCCACCCTGCGAACTG,1398,974,0,0.0
TTGTGCCACCGAACGCTGGT,4088,1314,0,0.0
TTGTGCCACCGTTGGTCTAA,2770,1356,0,0.0
TTGTTCTTGGAGACTCTCCA,668,508,0,0.0
TTGTTCTTGGATGAGACAGC,2967,1557,0,0.0
TTGTTCTTGGCGGTGGTATG,2896,1504,0,0.0
